estado_sht,clave_sht,glg_andesita,glg_toba_intermedia,glg_brecha_sedimentaria,glg_brecha_volcanica_basica,glg_toba_basica,glg_toba_basica_brecha_volcanica_basica,glg_aluvial,glg_basalto,glg_basalto_toba_basica,glg_volcanoclastico,glg_caliza,glg_conglomerado,glg_n_a,glg_dacita,glg_brecha_volcanica_intermedia,glg_lacustre,glg_basalto_brecha_volcanica_basica,glg_arenisca_conglomerado,glg_lutita_arenisca,glg_caliza_lutita,glg_metasedimentaria,glg_porfido_riolitico,glg_travertino,glg_toba_acida,suelo1_andosol,suelo1_cambisol,suelo1_regosol,suelo1_feozem,suelo1_litosol,suelo1_n_a,suelo1_fluvisol,suelo1_luvisol,suelo1_vertisol,suelo1_planosol,suelo1_histosol,suelo1_acrisol,suelo1_rendzina,suelo1_casta_ozem,suelo1_casta_ozem_2,suelo1_gleysol,suelo1_solonchak,suelo2_cambisol,suelo2_litosol,suelo2_vertisol,suelo2_feozem,suelo2_regosol,suelo2_n_a,suelo2_ninguno,suelo2_fluvisol,suelo2_andosol,suelo2_planosol,suelo2_luvisol,suelo2_gleysol,suelo2_rendzina,suelo2_acrisol,suelo2_chernozem,suelo2_castacozem,suelo2_histosol,suelo2_solonchak,usv_agricultura_de_temporal_anual,usv_agricultura_de_temporal_anual_y_permanente,usv_agricultura_de_temporal_permanente,usv_bosque_de_encino_pino,usv_bosque_de_oyamel,usv_bosque_de_pino,usv_bosque_de_pino_encino,usv_vegetacion_secundaria_arbustiva_de_bosque_de_encino,usv_asentamientos_humanos,usv_desprovisto_de_vegetacion,usv_pastizal_inducido,usv_vegetacion_secundaria_arbustiva_de_bosque_de_pino,usv_bosque_cultivado,usv_pradera_de_alta_montana,usv_vegetacion_secundaria_arbustiva_de_bosque_de_oyamel,usv_bosque_de_encino,usv_agricultura_de_riego_anual,usv_vegetacion_secundaria_arbustiva_de_bosque_de_pino_encino,usv_agricultura_de_riego_anual_y_semipermanente,usv_sin_vegetacion_aparente,usv_agricultura_de_riego_semipermanente,usv_vegetacion_secundaria_arborea_de_bosque_de_pino_encino,usv_vegetacion_secundaria_arborea_de_bosque_de_pino,usv_agricultura_de_riego_anual_y_permanente,usv_agricultura_de_temporal_anual_y_semipermanente,usv_vegetacion_secundaria_arbustiva_de_bosque_de_encino_pino,usv_cuerpo_de_agua,usv_vegetacion_secundaria_arborea_de_bosque_de_encino,usv_matorral_crasicaule,usv_pastizal_cultivado,usv_vegetacion_secundaria_arborea_de_bosque_de_oyamel,usv_agricultura_de_humedad_anual,usv_vegetacion_secundaria_arborea_de_bosque_de_encino_pino,usv_tular,usv_matorral_sarcocaule,usv_bosque_mesofilo_de_montana,usv_vegetacion_secundaria_arbustiva_de_selva_baja_caducifolia,usv_vegetacion_secundaria_arborea_de_selva_baja_caducifolia,usv_vegetacion_secundaria_arbustiva_de_bosque_mesofilo_de_montana,usv_matorral_desertico_rosetofilo,usv_vegetacion_secundaria_arborea_de_bosque_mesofilo_de_montana,usv_palmar_inducido,usv_selva_baja_caducifolia,usv_bosque_de_galeria,usv_vegetacion_secundaria_arbustiva_de_bosque_de_tascate,usv_vegetacion_secundaria_arborea_de_bosque_de_tascate,usv_pastizal_halofilo,usv_vegetacion_halofila_hidrofila,sueloprin_an,sueloprin_cm,sueloprin_lv,sueloprin_ar,sueloprin_ph,sueloprin_lp,sueloprin_rg,sueloprin_fl,sueloprin_um,sueloprin_du,sueloprin_lx,sueloprin_vr,sueloprin_pl,sueloprin_hs,sueloprin_ch,sueloprin_ks,sueloprin_cl,sueloprin_gl,sueloprin_sc,sueloprin_sn,sueloinifap_andosol_humico,sueloinifap_cambisol_humico,sueloinifap_regosol_eutrico,sueloinifap_feozem_haplico,sueloinifap_litosol,sueloinifap_cambisol_eutrico,sueloinifap_regosol_districo,sueloinifap_fluvisol_districo,sueloinifap_fluvisol_eutrico,sueloinifap_andosol_molico,sueloinifap_feozem_luvico,sueloinifap_na,sueloinifap_rendzina,sueloinifap_luvisol_cromico,sueloinifap_vertisol_pelico,sueloinifap_andosol_ocrico,sueloinifap_planosol_eutrico,sueloinifap_vertisol_cromico,sueloinifap_planosol_molico,sueloinifap_luvisol_ortico,sueloinifap_regosol_calcarico,sueloinifap_cambisol_cromico,sueloinifap_feozem_gleyico,sueloinifap_histosol_eutrico,sueloinifap_acrisol_humico,sueloinifap_feozem_calcarico,sueloinifap_castanozem_calcico,sueloinifap_cambisol_calcico_calcarico,sueloinifap_castanosem_haplico,sueloinifap_gleysol_molico,sueloinifap_solonchak_gleyico,sueloinifap_solonchak_molico,sueloinifap_SOLONCHAK ORTICO,slope_min,slope_max,slope_median,slope_mean,slope_sd
Puebla,P-012,632.9273325281214,780.7949415448322,0,0,0,0,0,0,0,0,0,0,0,0,0,0,0,0,0,0,0,0,0,0,375.66913744900745,1038.0531366239202,0,0,0,0,0,0,0,0,0,0,0,0,0,0,0,632.6064754183471,192.2119905015579,588.9038081530226,0,0,0,0,0,0,0,0,0,0,0,0,0,0,0,541.7138082897453,14.339851659194242,47.32352015464928,210.6682330140045,0.03327931521762612,78.11982643103985,455.86923157206974,65.65452363704645,0,0,0,0,0,0,0,0,0,0,0,0,0,0,0,0,0,0,0,0,0,0,0,0,0,0,0,0,0,0,0,0,0,0,0,0,0,0,0,0,401.25353302383326,572.314299582733,440.15444146636037,0,0,0,0,0,0,0,0,0,0,0,0,0,0,0,0,0,352.82335261294054,1060.8989214598803,0,0,0,0,0,0,0,0,0,0,0,0,0,0,0,0,0,0,0,0,0,0,0,0,0,0,0,0,0,0,0,1.381247601945171,10.654329100865123,4.737721716219663,5.266569874425701,2.0954834939101543
Puebla,P-004,83.21205549176238,1040.6567896341298,0,0,0,0,0,0,0,0,0,0,0,0,0,0,0,0,0,0,0,0,0,0,28.84567476143875,782.316873891327,312.7062964731244,0,0,0,0,0,0,0,0,0,0,0,0,0,0,365.4915462582805,0,758.3772988676096,0,0,0,0,0,0,0,0,0,0,0,0,0,0,0,965.1531188845806,0,0,0,0,38.48011249209079,55.35715341882573,0,64.87846033037977,0,0,0,0,0,0,0,0,0,0,0,0,0,0,0,0,0,0,0,0,0,0,0,0,0,0,0,0,0,0,0,0,0,0,0,0,0,0,0,33.1988808991847,765.4190633931477,10.167477535445288,315.0834232980942,0,0,0,0,0,0,0,0,0,0,0,0,0,0,0,0,40.255662551288836,783.0043142981399,300.608868276446,0,0,0,0,0,0,0,0,0,0,0,0,0,0,0,0,0,0,0,0,0,0,0,0,0,0,0,0,0,0,1.4518683003420034,11.412535650546594,2.710958095627347,3.3053740678922883,1.925117450579089
Estado de Mexico,E-181,1347.6263225657967,0,749.4405871518087,0.6264190759189554,122.71093448971195,0,0,0,0,0,0,0,0,0,0,0,0,0,0,0,0,0,0,0,1180.3589263004335,966.2256180202855,0,47.40363593309765,26.416083029311554,0,0,0,0,0,0,0,0,0,0,0,0,1890.8266260940509,303.1615541597658,0,26.416083029311554,0,0,0,0,0,0,0,0,0,0,0,0,0,0,494.03632017296377,0,0,0,383.58860792397064,477.00323610073684,232.24931050406482,409.1229686465451,0,23.505424263186942,44.97547584574033,155.92291982595327,0,0,0,0,0,0,0,0,0,0,0,0,0,0,0,0,0,0,0,0,0,0,0,0,0,0,0,0,0,0,0,0,0,0,0,0,1145.2656278127045,0,986.5167634981534,0,88.62187197226078,0,0,0,0,0,0,0,0,0,0,0,0,0,0,0,1220.0712983559856,943.5971480332146,0,24.178116385958337,32.557700508066894,0,0,0,0,0,0,0,0,0,0,0,0,0,0,0,0,0,0,0,0,0,0,0,0,0,0,0,0,0.2827925309815507,11.819652481781647,5.017845565775856,5.26402504168197,2.6139021019473603
Estado de Mexico,E-182,2453.0538237690776,0,461.33377969511116,0,91.7540682284874,0,0,0,0,0,0,0,0,0,0,0,0,0,0,0,0,0,0,0,237.49997146105954,2301.33900409597,0,248.56153358897177,218.74116254656573,0,0,0,0,0,0,0,0,0,0,0,0,2509.9395601305887,277.4609490154127,0,218.74116254656573,0,0,0,0,0,0,0,0,0,0,0,0,0,0,622.5587441749341,2.755081869118874,0,0,121.77811857510468,1972.2265337054432,41.46313156562835,64.58990666929657,0,0,180.7701551331542,0,0,0,0,0,0,0,0,0,0,0,0,0,0,0,0,0,0,0,0,0,0,0,0,0,0,0,0,0,0,0,0,0,0,0,0,0,230.5951977476943,312.47657890496197,2014.5185172762936,0,448.55137776393553,0,0,0,0,0,0,0,0,0,0,0,0,0,0,0,258.5803753413873,2022.8195908888288,0,247.1326529227718,238.00110488011475,239.60794765974637,0,0,0,0,0,0,0,0,0,0,0,0,0,0,0,0,0,0,0,0,0,0,0,0,0,0,0,1.0527573959333338,10.96360180193068,5.180370148198008,5.514419549511179,2.2524257645123487
Estado de Mexico,E-191,901.0363049872518,0,382.24830973382825,0,2.0539107770450817,0,0,0,0,0,0,0,0,0,0,0,0,0,0,0,0,0,0,0,0,492.8170343073749,0,792.5214911907393,0,0,0,0,0,0,0,0,0,0,0,0,0,1199.9005612635906,80.09764773300179,0,0,5.340316501521729,0,0,0,0,0,0,0,0,0,0,0,0,0,368.07696700791786,0,0,0,203.23012123141808,527.1632603417731,0,109.03034832566784,0.07801266365099341,8.616425338052755,12.336732658150598,0,56.8066579314027,0,0,0,0,0,0,0,0,0,0,0,0,0,0,0,0,0,0,0,0,0,0,0,0,0,0,0,0,0,0,0,0,0,0,0,0,63.41511248634645,441.7205499365265,0,780.2028630752509,0,0,0,0,0,0,0,0,0,0,0,0,0,0,0,0,387.15521722138635,0,798.1434841211743,0,100.03982415557394,0,0,0,0,0,0,0,0,0,0,0,0,0,0,0,0,0,0,0,0,0,0,0,0,0,0,0,1.9720140482753248,16.931284226181376,7.551304703031593,7.950223235151279,4.13370105444099
Estado de Mexico,E-190,1541.9715859979901,0,762.493051371992,7.525750838648757,57.69547093169551,0,0,0,0,0,0,0,0,0,0,0,0,0,0,0,0,0,0,0,0,445.74672868683956,0,1923.939130453502,0,0,0,0,0,0,0,0,0,0,0,0,0,2132.029010927394,196.85970010353742,0,0,40.79714810940972,0,0,0,0,0,0,0,0,0,0,0,0,0,560.9049118684595,0,60.95630307624494,0,177.1914620394727,778.2213313326281,0,141.89208443030887,23.02715484346119,0,306.8083118973536,0,320.6842996523196,0,0,0,0,0,0,0,0,0,0,0,0,0,0,0,0,0,0,0,0,0,0,0,0,0,0,0,0,0,0,0,0,0,0,0,0,199.32355606551437,211.39436371549044,0,1958.9679393593178,0,0,0,0,0,0,0,0,0,0,0,0,0,0,0,0,303.4183634923641,0,1873.7199947994925,0,192.5475008484271,0,0,0,0,0,0,0,0,0,0,0,0,0,0,0,0,0,0,0,0,0,0,0,0,0,0,0,1.2746605216298015,16.473659943750217,6.097450339622229,6.6719202013771115,3.782765072817107
Estado de Mexico,E-188,2883.0267277519993,0,110.97497781403864,0,0,0,0,0,0,0,0,0,0,0,0,0,0,0,0,0,0,0,0,0,0,2534.37712384964,0,459.62458171619875,0,0,0,0,0,0,0,0,0,0,0,0,0,1747.66653731873,1246.3351682471089,0,0,0,0,0,0,0,0,0,0,0,0,0,0,0,0,28.826465709127067,0,0,105.13788729002276,75.51634100140573,1742.2532439018448,79.18632497169595,477.2565935760089,0,0,281.15496583872437,0,75.57896360868833,35.389194659246975,93.70172500923645,0,0,0,0,0,0,0,0,0,0,0,0,0,0,0,0,0,0,0,0,0,0,0,0,0,0,0,0,0,0,0,0,0,0,1255.2652151609216,1292.5729597704635,0,446.1635306344284,0,0,0,0,0,0,0,0,0,0,0,0,0,0,0,0,1282.4628915731878,0,479.56893236029634,0,1231.9698816323726,0,0,0,0,0,0,0,0,0,0,0,0,0,0,0,0,0,0,0,0,0,0,0,0,0,0,0,1.445929219725484,19.78299093893622,7.235163943894778,8.247741340795184,4.140956923096444
Estado de Mexico,E-183,1290.2141900770287,0,987.6620561760493,0,129.55219221040787,7.1644165126776285,0,0,0,0,0,0,0,0,0,0,0,0,0,0,0,0,0,0,23.875456028116638,1063.3977406248596,0,1301.0957985025182,26.22385982046289,0,0,0,0,0,0,0,0,0,0,0,0,2388.3689951554943,0,0,26.22385982046289,0,0,0,0,0,0,0,0,0,0,0,0,0,0,671.5414537380975,0,0,187.33023259424888,0,557.9440258177771,0,142.31071980138873,0,39.61723035511642,815.8491926694503,0,0,0,0,0,0,0,0,0,0,0,0,0,0,0,0,0,0,0,0,0,0,0,0,0,0,0,0,0,0,0,0,0,0,0,0,0,16.113801877096133,0,1096.4080146054569,0,1302.0710384935162,0,0,0,0,0,0,0,0,0,0,0,0,0,0,0,77.5275991215472,1028.0056598780623,0,1259.1943777686372,49.86521820776288,0,0,0,0,0,0,0,0,0,0,0,0,0,0,0,0,0,0,0,0,0,0,0,0,0,0,0,0,1.3354269353337618,17.931436176845377,6.014944895901399,6.651759514853635,3.8377557237782938
Estado de Mexico,E-187,814.775587393418,0,41.92012046533491,0,0,0,0,0,0,0,0,0,0,0,0,0,0,0,0,0,0,0,0,0,0,845.8609754775728,0,10.83473238120868,0,0,0,0,0,0,0,0,0,0,0,0,0,576.5279293334617,280.16777852531976,0,0,0,0,0,0,0,0,0,0,0,0,0,0,0,0,23.249713081380722,0,0,0,375.8912437273962,266.5033364588231,66.78876150288497,1.947002161564157,0,0,122.31565092664675,0,0,0,0,0,0,0,0,0,0,0,0,0,0,0,0,0,0,0,0,0,0,0,0,0,0,0,0,0,0,0,0,0,0,0,0,0,0,294.0210459779353,556.7732663609357,0,5.901395519912648,0,0,0,0,0,0,0,0,0,0,0,0,0,0,0,0,575.4137653386138,0,20.73763785719299,0,260.5443046629817,0,0,0,0,0,0,0,0,0,0,0,0,0,0,0,0,0,0,0,0,0,0,0,0,0,0,0,3.398282917914253,17.375463498885026,8.7799576839822,9.596308055103256,3.7764278946976284
Estado de Mexico,E-186,590.9317762573256,0,73.32296806585963,0,0,0,0,0,0,0,0,0,0,0,0,0,0,0,0,0,0,0,0,0,0,637.9272624961131,0,26.327481827223778,0,0,0,0,0,0,0,0,0,0,0,0,0,524.2822024778745,139.97254184546244,0,0,0,0,0,0,0,0,0,0,0,0,0,0,0,0,25.060807937311864,0,0,0,280.4562520401527,91.82874794365351,97.91070208949657,14.276812410465807,0,0,140.9688768464409,0,0,13.752545055732911,0,0,0,0,0,0,0,0,0,0,0,0,0,0,0,0,0,0,0,0,0,0,0,0,0,0,0,0,0,0,0,0,0,0,0,153.36234055634415,492.4448693637798,0,18.447534403196325,0,0,0,0,0,0,0,0,0,0,0,0,0,0,0,0,503.75423738316914,0,37.682677520703614,0,122.81782941943999,0,0,0,0,0,0,0,0,0,0,0,0,0,0,0,0,0,0,0,0,0,0,0,0,0,0,0,4.667579319384484,16.32087395935696,8.501617169671432,9.08549188305617,3.0055414110686303
Puebla,P-009,1338.9737744565148,17.093597998346613,4.128963750676275,0,0,0,0,0,0,0,0,0,0,0,0,0,0,0,0,0,0,0,0,0,0,1360.1963362054553,0,0,0,0,0,0,0,0,0,0,0,0,0,0,0,771.42377418123,588.7725620242254,0,0,0,0,0,0,0,0,0,0,0,0,0,0,0,0,178.048398423749,0,0,0,0,1091.5393925756423,0,0,27.606245397069515,0,44.21253918922701,0,0,9.746823069770771,0,9.042937549758232,0,0,0,0,0,0,0,0,0,0,0,0,0,0,0,0,0,0,0,0,0,0,0,0,0,0,0,0,0,0,0,0,0,560.2123939263003,799.9839422790883,0,0,0,0,0,0,0,0,0,0,0,0,0,0,0,0,0,0,735.7099274972635,0,0,0,624.4864087081553,0,0,0,0,0,0,0,0,0,0,0,0,0,0,0,0,0,0,0,0,0,0,0,0,0,0,0,2.352978378013408,17.60522977933057,7.019147632930702,7.748870001044823,3.7607132533505325
Puebla,P-010,2020.5037989914736,25.667566466531184,143.7185903308639,0,0,0,158.8958703724297,0,0,0,0,0,0,0,0,0,0,0,0,0,0,0,0,0,113.09162464106237,2235.694201520241,0,0,0,0,0,0,0,0,0,0,0,0,0,0,0,2225.0058643134644,123.7799618478394,0,0,0,0,0,0,0,0,0,0,0,0,0,0,0,0,216.59438254578293,0,0,0,97.12364603748753,1853.2723454592947,11.47864117039199,0,26.16978539772988,0,5.654665111073203,0,40.48466316214604,0,0,98.00769727742058,0,0,0,0,0,0,0,0,0,0,0,0,0,0,0,0,0,0,0,0,0,0,0,0,0,0,0,0,0,0,0,0,157.85185517424915,7.451848737992886,2183.4821222489654,0,0,0,0,0,0,0,0,0,0,0,0,0,0,0,0,0,73.93014292316795,2258.665059072429,0,0,0,16.19062416578312,0,0,0,0,0,0,0,0,0,0,0,0,0,0,0,0,0,0,0,0,0,0,0,0,0,0,0,1.1674130896486563,15.558035591922312,7.0417020226155005,7.224124695395893,3.473715511313087
Puebla,P-007,1053.648884259016,0,0,0,0,0,0,0,0,0,0,0,0,0,0,0,0,0,0,0,0,0,0,0,281.4629564783311,772.1859277806441,0,0,0,0,0,0,0,0,0,0,0,0,0,0,0,611.0903786643847,442.5585055945905,0,0,0,0,0,0,0,0,0,0,0,0,0,0,0,0,0,0,0,0,213.91509085408393,825.006903387683,2.1586921150203113,0,0,0,0,0,0,12.568197902274655,0,0,0,0,0,0,0,0,0,0,0,0,0,0,0,0,0,0,0,0,0,0,0,0,0,0,0,0,0,0,0,0,0,0,291.8594382992373,421.8490836287813,339.9403623310056,0,0,0,0,0,0,0,0,0,0,0,0,0,0,0,0,0,264.8740914412589,323.2217592254412,0,0,0,465.55303359235995,0,0,0,0,0,0,0,0,0,0,0,0,0,0,0,0,0,0,0,0,0,0,0,0,0,0,0,2.0495940700492974,11.61728677704064,6.91910428960712,6.847573546611185,2.434530934094031
Puebla,P-008,788.6406803114648,1.0338426840897788,0,0,0,0,0,0,0,0,0,0,0,0,0,0,0,0,0,0,0,0,0,0,23.913564149418264,765.7609588461238,0,0,0,0,0,0,0,0,0,0,0,0,0,0,0,738.2091557359048,51.46536725963722,0,0,0,0,0,0,0,0,0,0,0,0,0,0,0,0,187.8677318306768,0,0,0,51.97228893066431,549.6374387711486,0.19706346313601802,0,0,0,0,0,0,0,0,0,0,0,0,0,0,0,0,0,0,0,0,0,0,0,0,0,0,0,0,0,0,0,0,0,0,0,0,0,0,0,0,0,17.636616131429484,38.710079241561616,733.3278276225562,0,0,0,0,0,0,0,0,0,0,0,0,0,0,0,0,0,31.43915905069821,689.5649173931002,0,0,0,68.67044655176127,0,0,0,0,0,0,0,0,0,0,0,0,0,0,0,0,0,0,0,0,0,0,0,0,0,0,0,1.7414041579187647,11.73859521111469,7.8066382410820045,7.164477835720575,2.68422915938972
Estado de Mexico,E-185,1268.2381264257415,0,891.1228860243658,0,0,0,0,0,0,0,0,0,0,0,0,0,0,0,0,0,0,0,0,0,0,1171.9174193986055,0,987.443593051241,0,0,0,0,0,0,0,0,0,0,0,0,0,1808.5736338476822,350.7873786021641,0,0,0,0,0,0,0,0,0,0,0,0,0,0,0,0,533.8870281524148,0,0,0,406.2511416190024,526.0433917164853,31.602378318458996,268.45550003105257,0,0,188.49881588667444,0,0,19.917955802104807,0,0,41.83177081393176,142.8730301096326,0,0,0,0,0,0,0,0,0,0,0,0,0,0,0,0,0,0,0,0,0,0,0,0,0,0,0,0,0,0,0,368.3025072555235,828.4031582216766,0,962.6553469728088,0,0,0,0,0,0,0,0,0,0,0,0,0,0,0,0,807.976167368061,0,1022.739199437067,0,328.64564564463404,0,0,0,0,0,0,0,0,0,0,0,0,0,0,0,0,0,0,0,0,0,0,0,0,0,0,0,1.7574718005025094,14.556072989519803,6.7827699858850465,6.943843772127199,3.2886309909144256
Estado de Mexico,E-184,1106.1265177800474,0,558.9830284395184,0,0,0,0,0,0,0,0,0,0,0,0,0,0,0,0,0,0,0,0,0,0,838.8202960238343,0,826.2892501957392,0,0,0,0,0,0,0,0,0,0,0,0,0,1548.0801747901007,117.02937142947277,0,0,0,0,0,0,0,0,0,0,0,0,0,0,0,0,99.06642100714674,0,0,25.2688946851319,247.65293588909373,462.7294680491903,127.55532718209439,1.5821287591259443,0,0,268.26785777931957,0,0,0,0,0,432.98651286842073,0,0,0,0,0,0,0,0,0,0,0,0,0,0,0,0,0,0,0,0,0,0,0,0,0,0,0,0,0,0,0,0,128.1413790416282,713.2183795548146,0,823.7497876231168,0,0,0,0,0,0,0,0,0,0,0,0,0,0,0,0,733.2701542261955,0,828.8341297702763,0,103.00526222313616,0,0,0,0,0,0,0,0,0,0,0,0,0,0,0,0,0,0,0,0,0,0,0,0,0,0,0,1.3815813357413822,13.599161216505252,6.472770331584545,6.697106173549646,3.3854543118142093
Puebla,P-002,2048.817371269813,2.6679309195434655,0,0,0,0,0,0,0,0,0,0,0,0,0,0,0,0,0,0,0,0,0,0,494.59564292152163,1556.8896592679707,0,0,0,0,0,0,0,0,0,0,0,0,0,0,0,1157.6814006400514,893.8039015494409,0,0,0,0,0,0,0,0,0,0,0,0,0,0,0,0,55.15954667609269,0,0,0,716.7881194057262,1108.8137566581815,82.73782078380631,0,0,0,0,0,0,87.9860586656103,0,0,0,0,0,0,0,0,0,0,0,0,0,0,0,0,0,0,0,0,0,0,0,0,0,0,0,0,0,0,0,0,0,0,498.50389597350596,877.4772300664855,675.5041761494579,0,0,0,0,0,0,0,0,0,0,0,0,0,0,0,0,0,491.39097132230336,656.9024155324532,0,0,0,903.191915334684,0,0,0,0,0,0,0,0,0,0,0,0,0,0,0,0,0,0,0,0,0,0,0,0,0,0,0,1.1418530449274538,11.751218386286755,6.234422112271557,6.742833301364515,2.572814063915281
Puebla,P-003,1352.7787194961656,0.7667743222707591,0,0,0,0,0,0,0,0,0,0,0,0,0,0,0,0,0,0,0,0,0,0,290.44458197382636,1063.100911844621,0,0,0,0,0,0,0,0,0,0,0,0,0,0,0,888.8162322493271,455.6515206630613,9.077740906058782,0,0,0,0,0,0,0,0,0,0,0,0,0,0,0,18.885196127665264,0,0,0,658.6699815474423,636.0402531420572,21.156005146661492,0,0,0,0,0,0,18.794057854564624,0,0,0,0,0,0,0,0,0,0,0,0,0,0,0,0,0,0,0,0,0,0,0,0,0,0,0,0,0,0,0,0,0,0,283.69889061684296,472.0088191466559,597.8377840549657,0,0,0,0,0,0,0,0,0,0,0,0,0,0,0,0,0,298.65165016068266,598.1735722292676,0,0,0,456.7202714284583,0,0,0,0,0,0,0,0,0,0,0,0,0,0,0,0,0,0,0,0,0,0,0,0,0,0,0,3.056243167075035,12.736030269132412,7.728436233466463,7.760370061560969,2.723319874640814
Tlaxcala,T-001,1729.1283827262675,793.3190650546045,0,0,0,0,59.76756961744793,0,0,0,0,0,0,0,0,0,0,0,0,0,0,0,0,0,542.869085201436,1594.599559307544,0,444.0156437624873,0.7307291268883194,0,0,0,0,0,0,0,0,0,0,0,0,2582.2150173983555,0,0,0,0,0,0,0,0,0,0,0,0,0,0,0,0,0,101.98762096635373,439.52004793159296,0,0,496.59608914349275,1447.3539466365307,0,0,8.762443216763256,0,87.99486950365845,0,0,0,0,0,0,0,0,0,0,0,0,0,0,0,0,0,0,0,0,0,0,0,0,0,0,0,0,0,0,0,0,0,0,0,0,0,496.0720947260122,0,1605.1208519932638,0,477.0872388601358,3.934831818903781,0,0,0,0,0,0,0,0,0,0,0,0,0,0,585.0455327861908,1578.74182296329,0,418.42766164894664,0,0,0,0,0,0,0,0,0,0,0,0,0,0,0,0,0,0,0,0,0,0,0,0,0,0,0,0,0,0.8264735207302102,12.284415950062952,4.244268091937737,4.310020254152921,2.459873758993525
Puebla,P-001,1974.466112010805,87.40755506272617,0,0,0,0,0,0,0,0,0,0,0,0,0,0,0,0,0,0,0,0,0,0,1033.4423569261992,1028.4313101476184,0,0,0,0,0,0,0,0,0,0,0,0,0,0,0,2057.022978432202,4.850688641615685,0,0,0,0,0,0,0,0,0,0,0,0,0,0,0,0,198.74795574588055,0,0,0,600.725919996905,835.2219463281757,427.17784500287803,0,0,0,0,0,0,0,0,0,0,0,0,0,0,0,0,0,0,0,0,0,0,0,0,0,0,0,0,0,0,0,0,0,0,0,0,0,0,0,0,0,1078.342839992058,11.078357683182205,972.4524693985971,0,0,0,0,0,0,0,0,0,0,0,0,0,0,0,0,0,985.960469910615,1075.9131971631082,0,0,0,0,0,0,0,0,0,0,0,0,0,0,0,0,0,0,0,0,0,0,0,0,0,0,0,0,0,0,0,1.480479591957659,14.047597643682886,5.857393627746531,6.212395416996096,2.726173246461859
Puebla,P-021,1520.4722359731575,3008.6603323851227,0,3.4143994819843897,0,0,121.50907627243404,0,0,0,0,0,0,0,0,0,0,0,0,0,0,0,0,0,0,0,3902.168572136356,0,630.9577188865193,120.9297530897506,0,0,0,0,0,0,0,0,0,0,0,2733.4351579770446,911.0772738148453,0,257.65614034446617,611.6929908374427,120.9297530897506,19.264728049076567,0,0,0,0,0,0,0,0,0,0,0,1040.968807859196,1481.0889322867502,0,0,0,791.8926254885289,482.8554429894687,0,193.6536176613958,0,0,16.473484523061472,0,306.7012067248973,0,0,0,2.364571670792167,64.83833894203744,273.2190159662595,0,0,0,0,0,0,0,0,0,0,0,0,0,0,0,0,0,0,0,0,0,0,0,0,0,0,0,0,904.5800662943712,0,0,3043.4748572943586,0,600.4738593238233,0,0,0,0,0,0,0,0,0,0,0,0,0,0,0,0,3119.6964594449996,0,643.5881421898464,0,890.7714424778655,0,0,0,0,0,0,0,0,0,0,0,0,0,0,0,0,0,0,0,0,0,0,0,0,0,0,0.9338979835213745,26.826434462482283,3.5546481692645773,5.59775127859656,5.433594726012914
Estado de Mexico,E-207,602.6696313316448,0,0,0,0,0,0,0,0,0,0,0,0,0,0,0,0,0,0,0,0,0,0,0,10.987341360753481,0,480.3040288361056,0,111.3782611348177,0,0,0,0,0,0,0,0,0,0,0,0,0,480.3040288361056,0,0,111.3782611348177,0,10.987341360753481,0,0,0,0,0,0,0,0,0,0,0,0,0,0,0,0,351.93960873039794,0,0,0,0,0,0,0,78.48645668243209,0,0,0,0,0,172.2435659188483,0,0,0,0,0,0,0,0,0,0,0,0,0,0,0,0,0,0,0,0,0,0,0,0,0,0,0,0,377.0339624911888,0,0,0,0,225.63566884050786,0,0,0,0,0,0,0,0,0,0,0,0,0,0,17.221556224524846,0,0,0,95.78519598722372,0,489.66287911987735,0,0,0,0,0,0,0,0,0,0,0,0,0,0,0,0,0,0,0,0,0,0,0,0,0,0,3.4655381158757743,22.266582061901666,10.29585823502857,11.021857985366855,5.71393417043262
Estado de Mexico,E-204,612.1574297621936,0,0,0,0,0,0,0,0,0,0,0,0,0,0,0,0,0,0,0,0,0,0,0,179.41170560598567,0,432.7457241562223,0,0,0,0,0,0,0,0,0,0,0,0,0,0,0,432.7457241562223,0,0,0,0,179.41170560598567,0,0,0,0,0,0,0,0,0,0,0,0,0,0,0,0,446.0073562549781,0,0,0,0,166.15007350723823,0,0,0,0,0,0,0,0,0,0,0,0,0,0,0,0,0,0,0,0,0,0,0,0,0,0,0,0,0,0,0,0,0,0,0,0,0,612.1574297621775,0,0,0,0,0,0,0,0,0,0,0,0,0,0,0,0,0,0,0,190.14604531942692,0,0,0,0,0,422.01138444280764,0,0,0,0,0,0,0,0,0,0,0,0,0,0,0,0,0,0,0,0,0,0,0,0,0,0,0.5879666562906871,9.179870117969445,4.927622120169955,4.624345876055313,2.453480543037721
Puebla,P-024,121.93539844015763,252.0714451330979,0,0,0,0,0,667.1385116763965,0,0,0,0,0,0,0,0,0,0,0,0,0,0,0,0,0,0,1041.1453552494468,0,0,0,0,0,0,0,0,0,0,0,0,0,0,0,1041.1453552494468,0,0,0,0,0,0,0,0,0,0,0,0,0,0,0,0,0,0,0,0,0,607.8244479641828,0,0,0,0,0,0,0,433.3209072852664,0,0,0,0,0,0,0,0,0,0,0,0,0,0,0,0,0,0,0,0,0,0,0,0,0,0,0,0,0,0,0,0,0,0,549.1097007364533,0,0,492.0356545132382,0,0,0,0,0,0,0,0,0,0,0,0,0,0,0,0,0,0,384.4557559194774,0,0,0,656.6895993300161,0,0,0,0,0,0,0,0,0,0,0,0,0,0,0,0,0,0,0,0,0,0,0,0,0,0,1.1944854189178167,7.806753543044422,4.602187543792943,4.488110425702682,1.721229477667812
Puebla,P-025,481.240148896819,128.15913364888127,0,0,0,0,0,0,0,0,0,0,0,0,0,0,0,0,0,0,0,0,0,0,0,0,609.3992825456486,0,0,0,0,0,0,0,0,0,0,0,0,0,0,0,609.3992825456486,0,0,0,0,0,0,0,0,0,0,0,0,0,0,0,0,0,0,0,0,0,566.3145057290182,0,0,0,0,13.946559560648039,0,0,29.13821725600879,0,0,0,0,0,0,0,0,0,0,0,0,0,0,0,0,0,0,0,0,0,0,0,0,0,0,0,0,0,0,0,0,0,0,609.3992825456486,0,0,0,0,0,0,0,0,0,0,0,0,0,0,0,0,0,0,0,0,0,0,0,0,0,609.3992825456486,0,0,0,0,0,0,0,0,0,0,0,0,0,0,0,0,0,0,0,0,0,0,0,0,0,0,3.878093111805262,12.054819481970421,7.404714695020903,7.218766124844228,2.5779966496149105
Estado de Mexico,E-200,1736.623210935667,0,219.23104828169153,0,0,0,0,0,0,0,0,0,0,0,0,0,0,0,0,0,0,0,0,0,252.7911906692311,54.989326621278494,1648.0737419267907,0,0,0,0,0,0,0,0,0,0,0,0,0,0,54.989326621278494,1897.4149389704894,0,0,0,0,3.449993625532312,0,0,0,0,0,0,0,0,0,0,0,0,0,0,0,233.00600968985847,1502.2013572208457,109.99977956481082,0,0,0,110.6471127416707,0,0,0,0,0,0,0,0,0,0,0,0,0,0,0,0,0,0,0,0,0,0,0,0,0,0,0,0,0,0,0,0,0,0,0,0,0,1904.6127025625526,0,51.24155665466448,0,0,0,0,0,0,0,0,0,0,0,0,0,0,0,0,0,307.1678710906449,58.18648967657881,0,0,0,0,1590.4998984500621,0,0,0,0,0,0,0,0,0,0,0,0,0,0,0,0,0,0,0,0,0,0,0,0,0,0,1.011804336965254,10.358532509261783,4.763059174709773,4.794303484389147,2.1986867997019037
Estado de Mexico,E-197,943.7136884388611,0,0,0,0,0,0,0,0,0,0,0,0,0,0,0,0,0,0,0,0,0,0,0,890.8979848135197,52.602284153635,0.2134194717439119,0,0,0,0,0,0,0,0,0,0,0,0,0,0,52.602284153635,891.1114042852636,0,0,0,0,0,0,0,0,0,0,0,0,0,0,0,0,0,0,0,0,0,806.8143208534404,136.89936758546546,0,0,0,0,0,0,0,0,0,0,0,0,0,0,0,0,0,0,0,0,0,0,0,0,0,0,0,0,0,0,0,0,0,0,0,0,0,0,0,0,0,912.2818904309117,0,31.43179800791743,0,0,0,0,0,0,0,0,0,0,0,0,0,0,0,0,0,858.9897635564743,84.72392488244543,0,0,0,0,0,0,0,0,0,0,0,0,0,0,0,0,0,0,0,0,0,0,0,0,0,0,0,0,0,0,0,1.4036510134544902,7.432708803272232,3.2860094865009204,3.7333365267380714,1.5228828889496921
Puebla,P-029,893.4639324775814,0,0,0,644.6368600840143,0,0,0,18.383095043758317,0,0,0,0,0,0,0,0,0,0,0,0,0,0,0,0,0,1132.1438578998925,0,424.3400297054024,0,0,0,0,0,0,0,0,0,0,0,0,0,278.24146777386346,0,0,424.3400297054024,0,636.5740723607678,217.32831776526123,0,0,0,0,0,0,0,0,0,0,0,0,0,0,0,453.9804568071237,0,126.11870885592158,0,0,0,53.24298901665592,0,57.16103472602859,0,0,0,0,0,56.200540647091664,357.75924426170343,452.0209132907563,0,0,0,0,0,0,0,0,0,0,0,0,0,0,0,0,0,0,0,0,0,0,0,0,0,0,279.53363868284237,0,0,630.7789577561934,0,1.441197817352329,644.7300933488779,0,0,0,0,0,0,0,0,0,0,0,0,0,0,0,858.322604652736,0,417.0870436458661,0,281.0742393067089,0,0,0,0,0,0,0,0,0,0,0,0,0,0,0,0,0,0,0,0,0,0,0,0,0,0,1.228111435234759,23.301456607410614,5.1583864285608545,6.641467999140228,4.90974386889662
Puebla,P-015,1727.2207521302403,35.786676721230236,0,0,0,0,0,0,0,0,0,0,0,0,0,0,0,0,0,0,0,0,0,0,417.03023234959636,47.46624039605931,1233.3731788719717,0,65.13777723389377,0,0,0,0,0,0,0,0,0,0,0,0,0,1650.4034112215681,47.46624039605931,0,65.13777723389377,0,0,0,0,0,0,0,0,0,0,0,0,0,14.269596699259768,0,0,0,550.3312830279251,964.2223751803183,0,0,0,0,0,0,0,92.9889322097662,0,0,0,0,0,141.1952417341384,0,0,0,0,0,0,0,0,0,0,0,0,0,0,0,0,0,0,0,0,0,0,0,0,0,0,0,0,1504.8368397750748,44.93666605423238,0,0,0,213.23392302218872,0,0,0,0,0,0,0,0,0,0,0,0,0,0,428.4184836281815,47.91112824458343,0,0,52.13301358985951,0,1234.544803388842,0,0,0,0,0,0,0,0,0,0,0,0,0,0,0,0,0,0,0,0,0,0,0,0,0,0,4.369213467756869,19.47174185808618,10.758326329006753,11.234820595290984,4.173393537361339
Puebla,P-016,641.2665854074755,20.696047265533863,0,0,0,0,0,0,0,0,0,0,0,0,0,0,0,0,0,0,0,0,0,0,104.47024942056676,33.930393116744135,461.35938652643347,0,62.20260360926832,0,0,0,0,0,0,0,0,0,0,0,0,0,565.8296359470003,33.930393116744135,0,62.20260360926832,0,0,0,0,0,0,0,0,0,0,0,0,0,19.32376126655576,0,0,0,69.76455556500362,471.5272941639984,0,0,0,0,0,0,0,78.70808936649622,0,0,0,0,0,22.63893231101576,0,0,0,0,0,0,0,0,0,0,0,0,0,0,0,0,0,0,0,0,0,0,0,0,0,0,0,0,529.3193423555737,30.7335000975526,0,0,0,101.9097902199077,0,0,0,0,0,0,0,0,0,0,0,0,0,0,108.39659418689143,35.16013237481431,0,0,63.203744145027656,0,455.2021619662681,0,0,0,0,0,0,0,0,0,0,0,0,0,0,0,0,0,0,0,0,0,0,0,0,0,0,5.733419484155274,22.493108328648276,10.57609666175906,11.40005004725108,4.2445461313240544
Puebla,P-026,781.8102781733163,515.9376511344853,0,0,190.57318653765702,0,0,0,0,0,0,0,0,0,0,0,0,0,0,0,0,0,0,0,0,0,963.06086046319,0,525.260255382264,0,0,0,0,0,0,0,0,0,0,0,0,0,667.6893214129968,0,0,525.260255382264,0,159.41160467213658,135.95993437805654,0,0,0,0,0,0,0,0,0,0,85.96625802080018,0,0,0,0,392.72867442013364,0,0,0,0,53.53828691486042,0,0,32.2027734733264,0,0,0,143.31252636813358,0,695.99755097627,0,0,84.57504567196125,0,0,0,0,0,0,0,0,0,0,0,0,0,0,0,0,0,0,0,0,0,0,0,0,0,640.5377901264119,0,0,292.1088918129183,0,555.6744339060917,0,0,0,0,0,0,0,0,0,0,0,0,0,0,0,0,295.7746399625602,0,509.550370648366,0,682.996105234513,0,0,0,0,0,0,0,0,0,0,0,0,0,0,0,0,0,0,0,0,0,0,0,0,0,0,2.720612794185842,35.364734229084014,9.841566889728119,11.863192238257907,7.572350890477351
Puebla,P-023,1347.1023403067852,1562.5285636128042,0,0,0,0,36.77690765924745,401.13637684736085,0,0,0,0,0,0,0,0,0,0,0,0,0,0,0,0,0,0,3021.043606767294,0,326.50058165900947,0,0,0,0,0,0,0,0,0,0,0,0,364.99559197553344,1912.3559888745494,0,0,326.50058165900947,0,743.6920259172111,0,0,0,0,0,0,0,0,0,0,0,388.78991566293115,4.080157593537833,0,0,0,1623.69628217937,218.70682982644445,0,0,0,0,0,0,454.9781325305464,0,0,0,0,0,30.6252977113792,0,0,626.6675729219824,0,0,0,0,0,0,0,0,0,0,0,0,0,0,0,0,0,0,0,0,0,0,0,0,0,1802.5716914789,0,0,1249.695512312798,0,295.2769846346879,0,0,0,0,0,0,0,0,0,0,0,0,0,0,0,0,1080.1506227155478,0,350.0980453571105,0,1917.295520353659,0,0,0,0,0,0,0,0,0,0,0,0,0,0,0,0,0,0,0,0,0,0,0,0,0,0,0.9744993481373783,21.28085281602517,6.087657316512882,7.262975967290645,3.7820821530204856
Estado de Mexico,E-199,3200.9658983665536,489.8046410875109,0,0,0,0,99.19859604985459,0,0,0,0,0,0,0,0,0,0,0,0,0,0,0,0,0,910.9008231438937,517.1904489989934,2290.994484242326,0,70.88337911897246,0,0,0,0,0,0,0,0,0,0,0,0,0,3201.89530738622,517.1904489989934,0,70.88337911897246,0,0,0,0,0,0,0,0,0,0,0,0,0,441.0356086950091,0,0,0,480.10600577468824,1420.5103621449666,1111.2719184124944,0,0,0,0,0,0,163.3049286280712,23.95876405551773,0,0,0,0,149.78154779364394,0,0,0,0,0,0,0,0,0,0,0,0,0,0,0,0,0,0,0,0,0,0,0,0,0,0,0,0,3022.5697155719495,508.99192544949625,0,0,0,258.40749448280695,0,0,0,0,0,0,0,0,0,0,0,0,0,0,918.973988995758,521.9335372904119,0,0,59.540683204926495,0,2289.520926013034,0,0,0,0,0,0,0,0,0,0,0,0,0,0,0,0,0,0,0,0,0,0,0,0,0,0,1.2279862774421244,18.068604453458818,6.201811000840426,6.6788189241311455,3.604558154985602
Puebla,P-013,1354.5057975319314,218.91562044779562,0,0,0,0,51.71888819731518,0,0,0,0,0,0,0,0,0,0,0,0,0,0,0,0,0,437.26714364529823,170.18921226742768,1017.4067212455873,0,0.2772290186366473,0,0,0,0,0,0,0,0,0,0,0,0,0,1454.6738648908854,170.18921226742768,0,0.2772290186366473,0,0,0,0,0,0,0,0,0,0,0,0,0,129.9758191903999,0,0,0,225.5154489487396,724.5101769967557,487.349725457484,0,0,0,0,0,0,22.38965332316594,0,0,0,0,0,35.399482260361765,0,0,0,0,0,0,0,0,0,0,0,0,0,0,0,0,0,0,0,0,0,0,0,0,0,0,0,0,1419.488248221396,165.1367483112147,0,0,0,40.51530964426921,0,0,0,0,0,0,0,0,0,0,0,0,0,0,452.85620960025176,172.55317554622198,0,0,0.06557312281459142,0,999.6653479076326,0,0,0,0,0,0,0,0,0,0,0,0,0,0,0,0,0,0,0,0,0,0,0,0,0,0,2.1094672013604674,19.293107229315666,6.278944169061678,6.908310398466435,3.6161132792295834
Puebla,P-014,1023.8378557246776,627.2931746663745,0,0,0,0,14.192658382731569,0,0,0,0,0,0,0,0,0,0,0,0,0,0,0,0,0,660.9681478966879,608.6502705166992,395.70527036033394,0,0,0,0,0,0,0,0,0,0,0,0,0,0,0,1056.673418257022,608.6502705166992,0,0,0,0,0,0,0,0,0,0,0,0,0,0,0,506.71991276938274,9.33340895404105,0,0,444.21437306725625,74.08252164956673,630.9734723335491,0,0,0,0,0,0,0,0,0,0,0,0,0,0,0,0,0,0,0,0,0,0,0,0,0,0,0,0,0,0,0,0,0,0,0,0,0,0,0,0,0,1060.7263103359594,604.5973784378226,0,0,0,0,0,0,0,0,0,0,0,0,0,0,0,0,0,0,660.8070024340952,607.0692616969283,0,0,0,0,397.44742464276646,0,0,0,0,0,0,0,0,0,0,0,0,0,0,0,0,0,0,0,0,0,0,0,0,0,0,1.6485079934343145,14.176687410947453,5.127593230066925,5.420325998678989,2.432527070049633
Puebla,P-018,1718.5772927851608,0.9358542660119656,0,0,0,0,0,0,0,0,0,0,0,0,0,0,0,0,0,0,0,0,0,0,0,0,987.9690974970922,0,731.544049554154,0,0,0,0,0,0,0,0,0,0,0,0,0,987.9690974970922,0,0,731.544049554154,0,0,0,0,0,0,0,0,0,0,0,0,0,0,0,0,0,249.74098434045828,707.9305739569166,4.745796075958853,0,0,0,0,0,0,293.4111209232491,0,0,0,0,0,463.68467175455254,0,0,0,0,0,0,0,0,0,0,0,0,0,0,0,0,0,0,0,0,0,0,0,0,0,0,0,0,979.1141672915146,0,0,0,0,740.3989797596848,0,0,0,0,0,0,0,0,0,0,0,0,0,0,0,0,0,0,734.3042064435705,0,985.2089406076536,0,0,0,0,0,0,0,0,0,0,0,0,0,0,0,0,0,0,0,0,0,0,0,0,0,0,5.4509116466960394,26.210622735874242,12.869079358842585,13.296298375792839,5.47802758699107
Puebla,P-019,800.2327505710512,42.63849425149259,0,0,0,0,0,0,0,0,0,0,0,0,0,0,0,0,0,0,0,0,0,0,0,0,495.17882877632076,0,347.69241604627905,0,0,0,0,0,0,0,0,0,0,0,0,0,495.17882877632076,0,0,347.69241604627905,0,0,0,0,0,0,0,0,0,0,0,0,0,0,0,0,0,71.74162953754004,384.79245877544656,74.73013558552908,0,0,0,0,0,0,153.1892706777485,0,0,0,48.461278495583194,0,109.9564717507241,0,0,0,0,0,0,0,0,0,0,0,0,0,0,0,0,0,0,0,0,0,0,0,0,0,0,0,0,594.8906479105203,0,0,0,0,247.98059691205975,0,0,0,0,0,0,0,0,0,0,0,0,0,0,0,0,0,0,355.2375996398298,0,487.63364518272425,0,0,0,0,0,0,0,0,0,0,0,0,0,0,0,0,0,0,0,0,0,0,0,0,0,0,6.313930102379189,27.204437598827788,11.925323404452204,12.952732797091526,6.197932250112903
Puebla,P-028,606.4950143692773,283.2182735717208,0,0,94.93328876133049,0,0,0,0,0,0,0,0,0,0,0,0,0,0,0,0,0,0,0,0,0,901.8353991292079,0,82.81117757311358,0,0,0,0,0,0,0,0,0,0,0,0,0,568.8857721138479,0,0,82.81117757311358,0,89.54954292411671,243.4000840912432,0,0,0,0,0,0,0,0,0,0,134.77890676465032,0,0,0,0,401.91509162022123,0,0,0,0,0,0,0,145.46502126354886,0,0,0,0.0784853499798129,0,209.26365427321602,0,93.14541743066378,0,0,0,0,0,0,0,0,0,0,0,0,0,0,0,0,0,0,0,0,0,0,0,0,0,0,581.5237284007375,0,0,219.3972723217547,0,81.8270121599637,101.8985638198852,0,0,0,0,0,0,0,0,0,0,0,0,0,0,0,332.9217925232751,0,85.89207657664264,0,565.8327076024133,0,0,0,0,0,0,0,0,0,0,0,0,0,0,0,0,0,0,0,0,0,0,0,0,0,0,4.8379297477770455,28.131548371696603,12.184772783505583,13.051984216234656,5.368616196487502
Puebla,P-027,213.39083501058204,417.1360346935185,0,0,0,0,0,0,0,0,0,0,0,0,0,0,0,0,0,0,0,0,0,0,0,0,630.5268697040899,0,0,0,0,0,0,0,0,0,0,0,0,0,0,0,265.5126776705039,0,0,0,0,184.8517400983631,180.1624519352229,0,0,0,0,0,0,0,0,0,0,153.88408984678105,0,0,0,0,139.84277906531534,0,0,0,0,32.318820226851706,0,0,12.23535486571634,0,0,0,249.8999056869445,0,36.45579214345993,0,0,5.890127869056473,0,0,0,0,0,0,0,0,0,0,0,0,0,0,0,0,0,0,0,0,0,0,0,0,0,281.41302927540283,0,0,349.1138404286969,0,0,0,0,0,0,0,0,0,0,0,0,0,0,0,0,0,0,370.8821151584418,0,0,0,259.64475454564894,0,0,0,0,0,0,0,0,0,0,0,0,0,0,0,0,0,0,0,0,0,0,0,0,0,0,5.08464542279292,21.003739050799176,9.844923607025889,10.739685519342846,4.408911023832614
Puebla,P-020,753.3045509693992,1309.6214651077196,0,0,0,0,48.310465425081375,0,0,0,0,0,0,0,0,0,0,0,0,0,0,0,0,0,0,517.1391291297898,1594.0973523722578,0,0,0,0,0,0,0,0,0,0,0,0,0,0,719.1366710375479,802.6763331903381,0,72.28434814437163,517.1391291297898,0,0,0,0,0,0,0,0,0,0,0,0,0,151.9488688524867,486.52697810481817,0,0,0,612.6248252158118,150.55692767733558,0,26.532358119414905,0,90.76514613393631,0,0,0,0,0,0,322.51230832621974,0,0,0,0,0,24.098397924550994,32.61583954273834,213.0548316048501,0,0,0,0,0,0,0,0,0,0,0,0,0,0,0,0,0,0,0,0,0,0,798.6625209965703,484.50326104954416,0,828.0706994559188,0,0,0,0,0,0,0,0,0,0,0,0,0,0,0,0,0,531.0238381639894,771.7986311459316,0,0,0,808.4140121921334,0,0,0,0,0,0,0,0,0,0,0,0,0,0,0,0,0,0,0,0,0,0,0,0,0,0,1.5405959663883482,16.836240222085298,4.513469473455528,5.422733077763149,3.2381272773260896
Estado de Mexico,E-219,122.58712801613315,0,378.93230152483954,0,650.1179462456531,0,0,0,0,0,0,0,0,0,0,0,0,0,0,0,0,0,0,0,0,0,1151.6373757866093,0,0,0,0,0,0,0,0,0,0,0,0,0,0,257.3883891821147,894.2489866044946,0,0,0,0,0,0,0,0,0,0,0,0,0,0,0,0,0,0,0,0,423.97424724555594,156.08749547784717,0,0,0,0,0,64.74446519758312,0,195.2941100494247,0,0,0,0,0,45.799898427280944,265.7371593889217,0,0,0,0,0,0,0,0,0,0,0,0,0,0,0,0,0,0,0,0,0,0,0,0,0,0,0,76.5352751895007,0,0,250.7716519060074,0,0,824.3304486911301,0,0,0,0,0,0,0,0,0,0,0,0,0,0,0,832.5363927644037,0,0,0,319.1009830221881,0,0,0,0,0,0,0,0,0,0,0,0,0,0,0,0,0,0,0,0,0,0,0,0,0,0,2.1592381175398163,19.039681521057858,8.14630963191475,9.089512025998356,4.717187583006975
Estado de Mexico,E-218,0.9561181018767407,0,289.01168295548894,0,502.63582571605593,0,23.065852342280536,0,0,0,0,0,0,0,0,0,0,0,0,0,0,0,0,0,0,0,721.7956600387249,0,0,0,93.8738190769456,0,0,0,0,0,0,0,0,0,0,281.07939238103074,440.71626765769423,0,0,0,0,93.8738190769456,0,0,0,0,0,0,0,0,0,0,0,0,0,0,0,302.70059546695956,126.82472418532905,0,0,0,0,0,77.41890533828588,0,70.07925136506164,0,0,0,0,0,0.5279936431328176,238.11800911690864,0,0,0,0,0,0,0,0,0,0,0,0,0,0,0,0,0,0,0,0,0,0,0,0,0,0,0,0,0,0,275.00525077761085,0,0,471.2379767219197,69.42625161610583,0,0,0,0,0,0,0,0,0,0,0,0,0,0,416.57083107943777,0,0,0,277.63003664621885,121.46861139003009,0,0,0,0,0,0,0,0,0,0,0,0,0,0,0,0,0,0,0,0,0,0,0,0,0,2.4175633539601398,18.96193709446427,6.650302275775051,7.8041250404055535,4.324055800514002
Estado de Mexico,E-221,266.428707716185,0,46.72860568496438,0,1178.4216389057972,0,0,39.11357570022954,0,0,0,0,0,0,0,0,0,0,0,0,0,0,0,0,271.68375266706033,0,1048.9816209562812,0,210.0271543837787,0,0,0,0,0,0,0,0,0,0,0,0,2.3933760733296436,1046.5882448829516,0,0,210.0271543837787,0,0,0,271.68375266706033,0,0,0,0,0,0,0,0,0,0,0,0,170.161173585767,431.1081402121777,87.17444712389506,0,0,0,0,0,0,0,270.6248813560264,0,0,0,0,0,532.3452120954584,39.27867363380016,0,0,0,0,0,0,0,0,0,0,0,0,0,0,0,0,0,0,0,0,0,0,0,0,0,0,0,631.1407027822289,0,0,0,0,209.02014950573755,690.5316757192016,0,0,0,0,0,0,0,0,0,0,0,0,0,262.2846540346891,0,706.1259836572385,0,186.20355495083345,0,376.07833536436965,0,0,0,0,0,0,0,0,0,0,0,0,0,0,0,0,0,0,0,0,0,0,0,0,0,0,3.503659021603243,31.26487070829516,11.736811897690517,12.853959016819351,5.798181528008655
Estado de Mexico,E-220,0,0,222.67338491628857,0,549.2674948541195,0,0,0,0,0,0,0,0,0,0,0,0,0,0,0,0,0,0,0,77.15086458373554,0,694.7900151866717,0,0,0,0,0,0,0,0,0,0,0,0,0,0,167.40177156696294,527.3882436197088,0,0,0,0,0,0,77.15086458373554,0,0,0,0,0,0,0,0,0,0,0,0,135.37963431843298,343.9958911313441,236.9259131960747,0,0,0,0,0,0,0,25.706137837322792,0,0,0,0,0,0,29.933303287238118,0,0,0,0,0,0,0,0,0,0,0,0,0,0,0,0,0,0,0,0,0,0,0,0,0,0,0,117.09234185069602,0,0,121.71714983903948,0,0,533.1313880806491,0,0,0,0,0,0,0,0,0,0,0,0,0,54.12044182846374,0,522.7127890135333,0,0,0,195.10764892839043,0,0,0,0,0,0,0,0,0,0,0,0,0,0,0,0,0,0,0,0,0,0,0,0,0,0,3.3433764615756534,24.718736501617162,11.923217003749928,12.08569959686761,6.060285247395958
Estado de Mexico,E-209,784.1479765395353,0,195.48893771261456,0,0,0,0,0,0,0,0,0,0,0,0,0,0,0,0,0,0,0,0,0,0,0,979.0270027092647,0,0,0,0.6099115428637022,0,0,0,0,0,0,0,0,0,0,0.6099115428637022,979.0270027092647,0,0,0,0,0,0,0,0,0,0,0,0,0,0,0,0,0,0,0,0,200.18081830915546,575.4632577666295,15.594192555323351,0,0,0,0,0,0,0,0,129.0183254894787,0,0,0,0,59.38032013155981,0,0,0,0,0,0,0,0,0,0,0,0,0,0,0,0,0,0,0,0,0,0,0,0,0,0,0,887.4822240457248,0,0,0,1.4600585317136376,0,0,0,90.69463167469922,0,0,0,0,0,0,0,0,0,0,0,0,0,0,0,0,0,979.6233902908516,0.013523961284778355,0,0,0,0,0,0,0,0,0,0,0,0,0,0,0,0,0,0,0,0,0,0,0,0,0,0.7049909593166769,15.506682714056545,7.70229342054321,8.452470077590055,3.6841582849287615
Estado de Mexico,E-210,500.94387767922166,0,299.47083518365184,0,0,0,0,0,0,0,0,0,0,0,0,0,0,0,0,0,0,0,0,0,0,0,799.9134865011895,0,0,0,0.5012263616968206,0,0,0,0,0,0,0,0,0,0,0.5012263616968206,799.9134865011895,0,0,0,0,0,0,0,0,0,0,0,0,0,0,0,0,0,0,0,0,305.23649888475086,476.85840715012637,0,0,0,0,1.6069934632254006,0,0,0,0,0,0,0,0,0,16.712813364757864,0,0,0,0,0,0,0,0,0,0,0,0,0,0,0,0,0,0,0,0,0,0,0,0,0,0,0,692.042852180084,0,0,0,0.5931103901236732,0,0,0,107.77875029267166,0,0,0,0,0,0,0,0,0,0,0,0,0,0,0,0,0,800.3193954174483,0.0953174454286172,0,0,0,0,0,0,0,0,0,0,0,0,0,0,0,0,0,0,0,0,0,0,0,0,0,3.6490677375566514,16.0328685191696,9.319050442991221,9.703472781070797,3.3014415503578514
Estado de Mexico,E-211,757.0378490627942,0,693.9697688737272,0,0,0,224.77892796082233,0,0,0,0,0,0,0,0,0,0,0,0,0,0,0,0,0,0,0,1393.4244854599299,0,0.6442897411637836,0,281.71777069627433,0,0,0,0,0,0,0,0,0,0,281.71777069627433,1393.4244854599299,0,0,0.6442897411637836,0,0,0,0,0,0,0,0,0,0,0,0,0,0,0,0,138.96252089659643,236.8557820955508,748.3222656377638,0,0,31.331780870431704,0,102.73621586620598,0,0,84.94733902274263,0,0,0,0,0,0.5575038363340208,332.07313767164965,0,0,0,0,0,0,0,0,0,0,0,0,0,0,0,0,0,0,0,0,0,0,0,0,0,0,0,794.4374837963848,0,0,0,281.43278492249726,44.73318392444229,0,0,555.1830932540946,0,0,0,0,0,0,0,0,0,0,0,0,0,0,0,0.6223024904482894,0,1393.9606121677996,281.20363123906304,0,0,0,0,0,0,0,0,0,0,0,0,0,0,0,0,0,0,0,0,0,0,0,0,0,0.34545810589472714,20.411217360054934,8.63439498228586,8.850833276924833,4.898201744844373
Estado de Mexico,E-212,1615.7510950697856,0,112.5514435708446,0,0,0,0,0,0,0,0,0,0,0,0,0,0,0,0,0,0,0,0,0,0,0,1277.3389664896156,0,450.9635721508827,0,0,0,0,0,0,0,0,0,0,0,0,0,1277.3389664896156,0,0,450.9635721508827,0,0,0,0,0,0,0,0,0,0,0,0,0,0,0,0,52.53345187292564,511.5263890075981,543.7299040348166,0,0,0,0,88.39729013446858,0,0,286.98480814113395,0,0,0,0,0,244.32448636827732,0.8062090813792813,0,0,0,0,0,0,0,0,0,0,0,0,0,0,0,0,0,0,0,0,0,0,0,0,0,0,0,1148.350973782458,0,0,0,0,434.66269966519366,0,0,145.28886519297293,0,0,0,0,0,0,0,0,0,0,0,0,0,0,0,430.58195356738236,0,1297.720585073131,0,0,0,0,0,0,0,0,0,0,0,0,0,0,0,0,0,0,0,0,0,0,0,0,0,0,4.879407246870694,29.425337741911328,11.056638484979677,12.562807030098526,5.577353237024488
Estado de Mexico,E-213,946.415918267262,0,2.086082430318628,0,0,0,0,0,0,0,0,0,0,0,0,0,0,0,0,0,0,0,0,0,0,0,559.5206283770825,0,388.98137232038965,0,0,0,0,0,0,0,0,0,0,0,0,0,559.5206283770825,0,0,388.98137232038965,0,0,0,0,0,0,0,0,0,0,0,0,0,0,0,0,21.726800718359804,122.9413283147356,327.42942040484854,0,0,0,0,113.71611533104017,0,0,207.36203278123523,0,0,0,0,0,154.87186595406527,0.45443719315713965,0,0,0,0,0,0,0,0,0,0,0,0,0,0,0,0,0,0,0,0,0,0,0,0,0,0,0,600.7247978944564,0,0,0,0,264.1077557661056,0,0,83.66944703693562,0,0,0,0,0,0,0,0,0,0,0,0,0,0,0,392.4372357356786,0,556.0647649617897,0,0,0,0,0,0,0,0,0,0,0,0,0,0,0,0,0,0,0,0,0,0,0,0,0,0,4.080838535501541,23.804453691112066,12.97337742480186,13.242752125006371,5.42244338844008
Estado de Mexico,E-217,1293.7310841271237,0,460.8665846232992,0,345.7526439718873,0,281.5652569027925,0,0,0,0,0,0,0,0,0,0,0,0,0,0,0,0,0,0,0,1884.4512285259225,0,132.4867120164148,0,364.97762908301667,0,0,0,0,0,0,0,0,0,0,419.27552830500537,1514.9886812609834,0,0,132.4867120164148,0,315.1646480429505,0,0,0,0,0,0,0,0,0,0,0,0,0,0,0,752.9292520394589,511.45075999929,0,0,32.38737326158749,0,0,0,0,177.24753040378488,0,0,0,0,0,383.38356383412355,524.5170900871148,0,0,0,0,0,0,0,0,0,0,0,0,0,0,0,0,0,0,0,0,0,0,0,0,0,0,0,1100.5413285582272,0,0,371.20359562525607,26.00374339893672,155.04246409082202,408.55942074024995,320.56501721182724,0,0,0,0,0,0,0,0,0,0,0,0,0,0,345.36312030001767,0,119.10907249156568,0,1545.4354246855135,372.0079521481347,0,0,0,0,0,0,0,0,0,0,0,0,0,0,0,0,0,0,0,0,0,0,0,0,0,1.2375863474608977,33.98790441067917,10.405813272077175,11.318545457665426,7.394666028145614
Estado de Mexico,E-201,1121.0373107081632,0,97.92165559655257,0,0,0,0,0,0,0,0,0,0,0,0,0,0,0,0,0,0,0,0,0,23.20758631222608,289.91267401751645,905.8387059749822,0,0,0,0,0,0,0,0,0,0,0,0,0,0,289.91267401751645,929.0462922872083,0,0,0,0,0,0,0,0,0,0,0,0,0,0,0,0,0,0,0,0,303.06689660105263,725.64296041782,0,0,0,0,63.94751927654286,0,0,0,0,0,0,0,0,0,16.955571404296183,0,0,0,0,109.34601860490314,0,0,0,0,0,0,0,0,0,0,0,0,0,0,0,0,0,0,0,0,0,0,968.5690670785752,0,250.38989922605978,0,0,0,0,0,0,0,0,0,0,0,0,0,0,0,0,0,33.780517368038474,337.43390233294417,0,0,0,0,847.7445466037015,0,0,0,0,0,0,0,0,0,0,0,0,0,0,0,0,0,0,0,0,0,0,0,0,0,0,0.4603467199581875,12.283886332667429,4.83132519375285,5.296481173741045,2.458040145088592
Estado de Mexico,E-202,558.1885426521268,0,282.82388276211884,0,0,0,0,0,0,0,0,0,0,0,0,0,0,0,0,0,0,0,0,0,0,78.43730563720719,762.5751197770527,0,0,0,0,0,0,0,0,0,0,0,0,0,0,78.43730563720719,762.5751197770527,0,0,0,0,0,0,0,0,0,0,0,0,0,0,0,0,0,0,0,0,0,458.92986696328785,0,0,0,0,16.17658345986241,0,0,0,0,0,0,0,0,0,0,0,0,0,0,365.90597499106656,0,0,0,0,0,0,0,0,0,0,0,0,0,0,0,0,0,0,0,0,0,0,782.9746641655038,0,58.037761248743884,0,0,0,0,0,0,0,0,0,0,0,0,0,0,0,0,0,0,100.69900841090816,0,0,0,0,740.3134170033386,0,0,0,0,0,0,0,0,0,0,0,0,0,0,0,0,0,0,0,0,0,0,0,0,0,0,2.07520203376749,15.858437470013055,7.949162327875001,8.154904222215976,3.2873627355217376
Estado de Mexico,E-203,1700.518481989557,0,1026.1965572099843,0,12.820547598699857,0,0,0,0,0,0,0,0,0,0,0,0,0,0,0,0,0,0,0,15.280329008873757,0,2082.8800915609436,0,539.4860574422208,0,101.88910878620466,0,0,0,0,0,0,0,0,0,0,90.9644805798681,1992.6121939894324,0,0,0,0,116.47285478672165,0,539.4860574422208,0,0,0,0,0,0,0,0,0,154.28224708338783,0,0,0,565.7100614603336,1037.9827620384572,0,0,47.51559213652869,0,35.80912829497175,0,0,0,0,582.0470005387165,0,0,0,0,316.1887952458047,0,0,0,0,0,0,0,0,0,0,0,0,0,0,0,0,0,0,0,0,0,0,0,0,0,0,0,1952.672048537672,0,0,181.90223740750258,5.682346675564716,599.2789541774385,0,0,0,0,0,0,0,0,0,0,0,0,0,0,7.566441212558613,0,86.37771703816823,0,468.7510513972619,0,2063.6810000160417,0,113.15937713420827,0,0,0,0,0,0,0,0,0,0,0,0,0,0,0,0,0,0,0,0,0,0,0,0,0.7008346815899477,14.241789044999516,6.185780590213058,6.651249435647707,3.4388235680138384
Estado de Mexico,E-195,1388.7555103120408,0,751.3583443770837,0,34.96377118146773,0,19.80399123386054,0,0,0,0,0,0,0,0,0,0,0,0,0,0,0,0,0,74.43547676056242,1416.427439852118,0,704.0187004917774,0,0,0,0,0,0,0,0,0,0,0,0,0,2120.4461403438954,74.43547676056242,0,0,0,0,0,0,0,0,0,0,0,0,0,0,0,0,0,0,0,0,11.676031061953159,1210.125340385894,37.94684713072705,0,0,0,318.94420255426695,0,0,0,0,0,0,0,0,0,616.1891959716985,0,0,0,0,0,0,0,0,0,0,0,0,0,0,0,0,0,0,0,0,0,0,0,0,0,0,0,78.8776133809059,0,1486.516860402777,0,629.4871433207946,0,0,0,0,0,0,0,0,0,0,0,0,0,0,0,65.54564297757959,1344.3864086756973,0,784.9495654511659,0,0,0,0,0,0,0,0,0,0,0,0,0,0,0,0,0,0,0,0,0,0,0,0,0,0,0,0,0,1.7441364384476408,9.318046890687203,5.213824560160209,5.151313926617096,1.948839021061102
Estado de Mexico,E-196,988.1701991804688,0,141.9234664388896,0,0,0,0,0,0,0,0,0,0,0,0,0,0,0,0,0,0,0,0,0,4.401906012972758,1084.4914525091892,10.207018056036212,30.993289041098755,0,0,0,0,0,0,0,0,0,0,0,0,0,1115.484741550288,14.608924069008971,0,0,0,0,0,0,0,0,0,0,0,0,0,0,0,0,0,0,0,0,112.05487524136622,618.5062678109176,0,0,0,0,21.491793371515293,0,0,0,0,0,0,0,0,0,357.7612494299717,0,0,0,0,20.279479765486336,0,0,0,0,0,0,0,0,0,0,0,0,0,0,0,0,0,0,0,0,0,0,33.171753936010745,0,1076.459185483432,0,20.462726199908325,0,0,0,0,0,0,0,0,0,0,0,0,0,0,0,7.130519016105996,1064.1737107039064,0,56.64658374113613,0,0,2.1428521582331808,0,0,0,0,0,0,0,0,0,0,0,0,0,0,0,0,0,0,0,0,0,0,0,0,0,0,1.0666832372384616,13.8990239267398,5.949921339022391,6.144015261410314,3.228796901941719
Estado de Mexico,E-205,661.2701718766245,0,307.1777149306168,0,0,0,0,0,0,0,0,0,0,0,0,0,0,0,0,0,0,0,0,0,5.518994484869837,0,890.2677046446095,0,68.61914139687612,0,4.042046280840054,0,0,0,0,0,0,0,0,0,0,4.042046280840054,890.2677046446095,0,0,0,0,5.518994484869837,0,68.61914139687612,0,0,0,0,0,0,0,0,0,83.94640564675248,0,0,0,478.7443711371289,146.55467680142547,0,0,28.023636983605144,0,0,0,0,0,0,231.17879623828472,0,0,0,0,0,0,0,0,0,0,0,0,0,0,0,0,0,0,0,0,0,0,0,0,0,0,0,0,0,0,0,0,903.4773470683392,0,0,0,4.953855677196307,60.016684061679086,0,0,0,0,0,0,0,0,0,0,0,0,0,0,1.8135914654996979,0,0,0,78.02991867446707,0,884.7839835593406,3.820393107909405,0,0,0,0,0,0,0,0,0,0,0,0,0,0,0,0,0,0,0,0,0,0,0,0,0,4.4728856367080905,18.353121913478553,8.197027991496999,9.0813598574861,3.1726135488296237
Estado de Mexico,E-216,317.4187613787946,0,257.38209074019767,0,1179.169645179029,0,143.9130906766785,329.2469858692176,0,0,0,0,0,0,0,0,0,0,0,0,0,0,0,0,0,0,1976.3582408661032,0,0,0,250.77233297791682,0,0,0,0,0,0,0,0,0,0,300.92018479370944,1926.2103890503106,0,0,0,0,0,0,0,0,0,0,0,0,0,0,0,0,0,0,0,0,716.2175870503327,617.099074671452,0,0,0,0,55.712163000604875,0,0,576.9485831669849,0,0,0,0,0,0,261.153165954568,0,0,0,0,0,0,0,0,0,0,0,0,0,0,0,0,0,0,0,0,0,0,0,0,0,0,0,1793.7172073833365,0,0,177.71383088309875,255.6995355776419,0,0,0,0,0,0,0,0,0,0,0,0,0,0,0,0,0,280.84681094512894,0,0,0,1699.5238734862874,246.75988941261528,0,0,0,0,0,0,0,0,0,0,0,0,0,0,0,0,0,0,0,0,0,0,0,0,0,1.835780073514827,22.768332666766106,7.498144328321875,8.512101027172942,4.567825515417184
Estado de Mexico,E-215,827.9512928017635,0,119.45882288649923,0,124.68368967261387,0,294.20062679549767,343.96383918863825,0,0,0,0,0,0,0,0,0,0,0,0,0,0,0,0,0,0,1510.0540025474588,0,55.60278265160774,0,144.60148614598438,0,0,0,0,0,0,0,0,0,0,144.60148614598438,1510.0540025474588,0,0,55.60278265160774,0,0,0,0,0,0,0,0,0,0,0,0,0,0,0,0,0,393.8115731569483,664.116038295157,0,0,0,0,93.3262912389524,0,0,213.99994706775533,0,0,0,0,0,0,345.00442158620774,0,0,0,0,0,0,0,0,0,0,0,0,0,0,0,0,0,0,0,0,0,0,0,0,0,0,0,1519.434874238976,0,0,26.729775710657357,164.0936213954069,0,0,0,0,0,0,0,0,0,0,0,0,0,0,0,0,0,1.2616868421805338,0,69.86323720448176,0,1509.9175553937619,129.2157919046218,0,0,0,0,0,0,0,0,0,0,0,0,0,0,0,0,0,0,0,0,0,0,0,0,0,0.9093764831634892,24.77362149972874,9.107908597032095,10.448460844099133,5.976340748282641
Estado de Mexico,E-214,1955.4760393603938,0,281.85618217681537,0,0,0,10.51722162855284,92.36707941541536,0,0,0,0,0,0,0,0,0,0,0,0,0,0,0,0,0,0,1862.0342835124993,0,466.96374714775254,0,11.218491920782956,0,0,0,0,0,0,0,0,0,0,11.218491920782956,1862.0342835124993,0,0,466.96374714775254,0,0,0,0,0,0,0,0,0,0,0,0,0,0,0,0,23.580561576543815,792.7710591908386,994.3107923845581,0,0,0,0,24.32462521052984,0,0,318.46375221861825,0,0,0,0,0,52.786153165107386,133.97957883499112,0,0,0,0,0,0,0,0,0,0,0,0,0,0,0,0,0,0,0,0,0,0,0,0,0,0,0,1968.5534022955967,0,0,0,12.014786880290597,250.5697822013164,0,0,109.07855120388481,0,0,0,0,0,0,0,0,0,0,0,0,0,0,0,447.62707948607374,0,1883.186263575739,9.403179519361165,0,0,0,0,0,0,0,0,0,0,0,0,0,0,0,0,0,0,0,0,0,0,0,0,0,2.6785801866912404,21.992332683562218,11.22288868955797,11.745737173043931,4.690728666695766
Estado de Mexico,E-208,1928.5434986117234,0,0,0,0,0,0,0,0,0,0,0,0,0,0,0,0,0,0,0,0,0,0,0,0,0,1777.12179646567,0,151.42170214592875,0,0,0,0,0,0,0,0,0,0,0,0,0,1777.12179646567,0,0,151.42170214592875,0,0,0,0,0,0,0,0,0,0,0,0,0,0,0,0,0,432.71737406028586,879.8135776932672,0,0,0,0,0,0,0,288.3287153635302,0,111.76027609252918,0,0,0,215.92355540200523,0,0,0,0,0,0,0,0,0,0,0,0,0,0,0,0,0,0,0,0,0,0,0,0,0,0,0,0,1630.5984201836932,0,0,0,0,297.94507842796384,0,0,0,0,0,0,0,0,0,0,0,0,0,0,0,0,0,0,143.05071387563402,0,1785.4927847360004,0,0,0,0,0,0,0,0,0,0,0,0,0,0,0,0,0,0,0,0,0,0,0,0,0,0,2.5282380068851182,29.363263390182397,9.532932885200275,11.121158522557447,5.874003317674798
Estado de Mexico,E-193,1031.239176066029,0,1275.804349610622,46.77422623267623,0,0,137.74545122691782,0,0,0,0,0,0,0,0,0,0,0,0,0,0,0,0,0,0,775.2149573807455,0,1716.348245755529,0,0,0,0,0,0,0,0,0,0,0,0,0,2332.1511965034233,0,0,0,159.4120066328513,0,0,0,0,0,0,0,0,0,0,0,0,0,408.209685804514,0,115.01155945397409,0,0,645.5820706561377,71.63550493751283,0,193.34759980719912,106.15043793020735,0,556.0512927552999,219.54238391066787,0,0,0,0,0,0,0,176.03266788064508,0,0,0,0,0,0,0,0,0,0,0,0,0,0,0,0,0,0,0,0,0,0,0,0,0,0,0,0,0,784.3477571192957,0,1707.2154460169995,0,0,0,0,0,0,0,0,0,0,0,0,0,0,0,0,746.432542476163,0,1745.1306606600615,0,0,0,0,0,0,0,0,0,0,0,0,0,0,0,0,0,0,0,0,0,0,0,0,0,0,0,0,0,1.2033314627384462,13.58334303110266,4.975001193747186,5.882305471648186,3.119321708254865
Puebla,P-033,32.902795036707424,0,0,0,607.539720233424,0,1783.2571361450364,0,0,0,0,0,0,0,0,0,0,0,0,0,0,0,0,0,0,0,782.9887672196994,0,0.036128744866431924,0,1640.6747554498775,0,0,0,0,0,0,0,0,0,0,0,308.53087306614805,0,0,1640.7108841947438,0,0,474.4578941535514,0,0,0,0,0,0,0,0,0,0,0,0,0,0,11.9001694563935,77.420160594621,183.27336817401778,39.642231176841214,0,0,0,0,0,1.2674225127906527,0,0,53.285585967005616,0,282.3444617181967,9.915006766217783,1413.3119158454156,0,0,351.33932920341084,0,0,0,0,0,0,0,0,0,0,0,0,0,0,0,0,0,0,0,0,0,0,0,0,285.28464988441345,0,0,476.306968943105,0,0,1606.5974233623763,55.51060922474064,0,0,0,0,0,0,0,0,0,0,0,0,0,0,455.20198950380046,0,0.5535890950849105,0,316.4947580585235,0,1651.449314757175,0,0,0,0,0,0,0,0,0,0,0,0,0,0,0,0,0,0,0,0,0,0,0,0,1.0702799946101873,26.59345115311854,1.9030517392572612,3.6296579448711936,4.500882894480739
Estado de Mexico,E-223,0,0,0,0,383.4833967616024,0,0,53.00197345419964,353.3053981926015,0,0,0,0,0,0,0,0,0,0,0,0,0,0,0,368.97792350907997,0,420.8128448992613,0,0,0,0,0,0,0,0,0,0,0,0,0,0,0,420.8128448992613,0,0,0,0,0,0,368.97792350907997,0,0,0,0,0,0,0,0,0,0,0,0,0,89.23132386595114,478.30223693780334,0,0.6948048008223958,0,0,47.460614200634986,152.80046822798192,0,0,0,0,0,0,0,0,21.301320375189434,0,0,0,0,0,0,0,0,0,0,0,0,0,0,0,0,0,0,0,0,0,0,0,0,0,0,0,375.4919557099477,0,0,0,0,0,414.2988126983764,0,0,0,0,0,0,0,0,0,0,0,0,0,339.5563692582566,0,450.23439915004997,0,0,0,0,0,0,0,0,0,0,0,0,0,0,0,0,0,0,0,0,0,0,0,0,0,0,0,0,0,0,2.966433303595984,15.178325166419963,8.38213267967904,8.998148336744693,3.3043331653887353
Estado de Mexico,E-222,206.36247756741977,0,0,0,717.5081952152144,0,0,179.5644949406225,55.33999808461494,0,0,0,0,0,0,0,0,0,0,0,0,0,0,0,262.4791028002251,0,751.3820241887095,0,144.9140388189378,0,0,0,0,0,0,0,0,0,0,0,0,0,751.3820241887095,0,0,144.9140388189378,0,0,0,262.4791028002251,0,0,0,0,0,0,0,0,0,0,0,0,14.655366957742734,122.83700352895386,494.4538697845029,0,2.919255646838278,0,0,0,135.66561913465264,0,23.736672350237345,0,0,0,0,0,307.9814633636685,56.52591504125892,0,0,0,0,0,0,0,0,0,0,0,0,0,0,0,0,0,0,0,0,0,0,0,0,0,0,0,474.28353667888496,0,0,0,0,154.21579151510622,530.2758376138686,0,0,0,0,0,0,0,0,0,0,0,0,0,238.0106901723052,0,544.6528289179663,0,77.52505996618744,0,298.5865867514076,0,0,0,0,0,0,0,0,0,0,0,0,0,0,0,0,0,0,0,0,0,0,0,0,0,0,2.5637239113888945,28.161447998954987,8.652413620894372,10.671639234863328,5.650956238096928
Puebla,P-037,791.483049165511,0,0,0,0,0,399.4339883346694,0,0,0,0,0,0,0,0,0,0,0,0,0,0,0,0,0,0,0,735.3129957789629,0,0,0,455.6040417213673,0,0,0,0,0,0,0,0,0,0,316.69724651518914,418.6157492637738,0,0,455.6040417213673,0,0,0,0,0,0,0,0,0,0,0,0,0,14.125207420856693,0,0,0,0.18781294761765321,79.46941826327756,0,0,0.668932153039781,0,0,395.6491217221244,0,0,0,0,0,13.037598425068166,0,0,687.7789465683089,0,0,0,0,0,0,0,0,0,0,0,0,0,0,0,0,0,0,0,0,0,0,0,0,0,0,0,10.810758128350068,0.49089330224159095,0,0,0,0,1179.61538606978,0,0,0,0,0,0,0,0,0,0,0,0,0,0,0,704.7337230760868,0,0,0,11.961131536033434,0,474.22218288816384,0,0,0,0,0,0,0,0,0,0,0,0,0,0,0,0,0,0,0,0,0,0,0,0,1.6097503294081332,17.449242208423996,6.567919787382175,6.770319385612804,3.253717077107909
Puebla,P-039,797.8769600816479,0,0,0,112.2116393732134,0,0,0,0,0,0,0,0,0,0,0,0,0,0,0,0,0,0,0,0,517.4665224929546,200.6479468487439,0,186.022377857398,0,5.95175225590778,0,0,0,0,0,0,0,0,0,0,0,200.6479468487439,0,178.78040204828258,191.9741301133058,0,0,0,338.686120444672,0,0,0,0,0,0,0,0,0,0,0,28.137636572001107,0,10.777732860413023,152.05092676179615,0,0,29.587801862666367,0,0,43.10094307854763,0,100.11608881948135,0,0,0,0,0,139.37875911393067,406.9387103859706,0,0,0,0,0,0,0,0,0,0,0,0,0,0,0,0,0,0,0,0,0,0,0,0,0,0,0,162.5343338267347,334.33119945369043,0,0,0,175.02401999624868,58.58307155674489,0,0,179.6159746215138,0,0,0,0,0,0,0,0,0,0,0,0,46.454855156312384,0,340.8983805241098,519.9140034557149,0,0,2.821360318827207,0,0,0,0,0,0,0,0,0,0,0,0,0,0,0,0,0,0,0,0,0,0,0,0,3.8143404358041804,29.410626919960915,8.765754998103354,10.985401284076111,7.015870188769314
Puebla,P-030,298.7168383122176,0,0,0,1452.3374325694886,0,0,0,94.26417535285586,0,0,0,0,0,0,0,0,0,0,0,0,0,0,0,0,0,1705.3979561409906,0,139.92049009346616,0,0,0,0,0,0,0,0,0,0,0,0,0,368.59471427290083,0,0,139.92049009346616,0,1024.9166330198952,311.88660884819444,0,0,0,0,0,0,0,0,0,0,0,0,0,0,0,721.8241737421612,0,612.8075907604375,0,0,0,74.20652990881142,0,49.60737779441891,0,0,0,0,0,6.717926028921339,372.2264459228805,7.928402076890183,0,0,0,0,0,0,0,0,0,0,0,0,0,0,0,0,0,0,0,0,0,0,0,0,0,0,386.06450023678786,0,0,444.5856166759174,0,0,1014.6683293218078,0,0,0,0,0,0,0,0,0,0,0,0,0,0,0,1330.0065100842892,0,144.61120882640577,0,370.70072732387735,0,0,0,0,0,0,0,0,0,0,0,0,0,0,0,0,0,0,0,0,0,0,0,0,0,0,1.6860999104167114,22.78213791584195,5.903425520674942,6.888435421508456,4.662195455463381
Puebla,P-031,174.63202418272527,0,0,0,1651.1481370805186,0,650.4011726893486,0,0,0,0,0,0,0,0,0,0,0,0,0,0,0,0,0,0,0,1912.6411693760497,0,103.7638896911315,0,459.7762748851102,0,0,0,0,0,0,0,0,0,0,0,1006.96278999902,0,0,563.5401645762416,0,246.80496344513597,658.8734159318939,0,0,0,0,0,0,0,0,0,0,0,0,0,0,202.14403939941337,626.5843094571167,86.28183732357259,192.76045323927508,0.328737947874033,0,0,0,0,151.63795848940552,0,0,0,0,0,160.92296982269818,811.2317632848875,0,244.2892649880889,0,0,0,0,0,0,0,0,0,0,0,0,0,0,0,0,0,0,0,0,0,0,0,0,0,997.7424345047491,0,0,677.7996443577852,0,103.43182989265708,697.2074251971189,0,0,0,0,0,0,0,0,0,0,0,0,0,0,0,884.5537653173837,0,106.64463451952282,0,1007.0449970151911,0,477.93793710005696,0,0,0,0,0,0,0,0,0,0,0,0,0,0,0,0,0,0,0,0,0,0,0,0,1.43953868237477,33.69142668262897,8.117215143618072,10.004753589809834,7.907000027965659
Puebla,P-035,488.434300497177,0,0,0,558.4955609532142,0,36.455237667980946,0,0,0,0,0,0,0,0,0,0,0,0,0,0,0,0,0,0,0,931.7829750446217,0,99.38959931507617,0,52.212524758713485,0,0,0,0,0,0,0,0,0,0,44.92773532270875,497.715601972935,0,0,151.60212407378964,0,0,389.1396377489778,0,0,0,0,0,0,0,0,0,0,0,0,0,0,85.50728040676277,203.83180313034487,81.04255165559431,0,41.14482359075375,0,0,12.127910735261851,0,94.00382450179482,0,0,0,65.30992472774567,0,100.3221150714109,400.0948652988444,0,0,0,0,0,0,0,0,0,0,0,0,0,0,0,0,0,0,0,0,0,0,0,0,0,0,0,252.14047102309877,0,0,386.25573906993645,0,85.9795522366228,359.0093367888272,0,0,0,0,0,0,0,0,0,0,0,0,0,0,0,644.0820665151881,0,208.45527859087903,0,179.19677068407026,0,51.650983328423486,0,0,0,0,0,0,0,0,0,0,0,0,0,0,0,0,0,0,0,0,0,0,0,0,2.6291155971107756,28.852638713096624,9.76983137499614,12.244158665824159,8.109879653304287
Puebla,P-036,739.0201315413193,0,0,0,91.93419276736961,0,20.254745949471314,0,0,0,0,0,0,0,0,0,0,0,0,0,0,0,0,0,0,0,786.7294294477135,0,39.41330439205308,0,25.06633641841797,0,0,0,0,0,0,0,0,0,0,238.13411380003933,430.1349750602914,0,0,64.47964081047104,0,0,118.46034058738265,0,0,0,0,0,0,0,0,0,0,0,0,0,0,37.45653283719995,100.78952718419464,70.15288994653042,0,60.21183072345015,0,0,67.67366409082098,0,41.295765353356934,0,0,0,207.22635697355392,0,38.279007605210836,228.12349554414294,0,0,0,0,0,0,0,0,0,0,0,0,0,0,0,0,0,0,0,0,0,0,0,0,0,0,0,103.60983041405446,0,0,83.3209593960216,0,36.2240314513643,628.0542489966992,0,0,0,0,0,0,0,0,0,0,0,0,0,0,0,683.5141920658436,0,76.8775985130015,0,69.0437357090165,0,21.773543970487392,0,0,0,0,0,0,0,0,0,0,0,0,0,0,0,0,0,0,0,0,0,0,0,0,3.0622528896338648,25.97990639838005,8.83920247868722,10.587584287662033,6.392878761195475
Puebla,P-041,587.1735861144465,0,0,0,622.6787737892286,112.57288005860516,0,0,0,0,0,0,0,0,0,0,0,0,0,0,0,0,0,0,0,0,999.9447858439833,105.43627799383096,217.04417612448418,0,0,0,0,0,0,0,0,0,0,0,0,0,999.9447858439833,0,0,322.48045411831515,0,0,0,0,0,0,0,0,0,0,0,0,0,0,7.26054422674911,0,97.47762389064067,80.27065801619824,811.7621924568768,0,0,0,0,41.35990248927606,0.5348960160182208,0,157.73926495649314,0,0,0,0,0,108.77930771388343,17.24085019609033,0,0,0,0,0,0,0,0,0,0,0,0,0,0,0,0,0,0,0,0,0,0,0,0,0,0,0,636.6696558654605,0,0,0,118.80314341793266,199.33323936095516,367.6192013179664,0,0,0,0,0,0,0,0,0,0,0,0,0,0,0,424.3303720664696,91.6309376642567,636.8821917006433,6.42328994938807,163.1584485814935,0,0,0,0,0,0,0,0,0,0,0,0,0,0,0,0,0,0,0,0,0,0,0,0,0,0,3.946808489080411,28.515114617545205,10.639617999599448,12.305861855658438,5.967788153866016
Puebla,P-040,582.8652711241929,0,0,0,4.531858963284519e-4,68.670857228719,0,0,0,0,0,0,0,0,0,0,0,0,0,0,0,0,0,0,0,72.32848759131616,501.3804825738714,77.82761137372933,0,0,0,0,0,0,0,0,0,0,0,0,0,0,501.3804825738714,0,0,77.82761137372933,0,0,0,72.32848759131616,0,0,0,0,0,0,0,0,0,0,3.857227006319321,0,3.7563612939890696,16.085035707565453,277.8305832813031,0,0,0,0,0,120.4823830730442,0,0.8055770583430487,0,0,0,0,0,0,228.71941411831557,0,0,0,0,0,0,0,0,0,0,0,0,0,0,0,0,0,0,0,0,0,0,0,0,0,0,0,77.24833368967406,88.30448120008327,0,0,85.38216997466073,0,400.6015966745326,0,0,0,0,0,0,0,0,0,0,0,0,0,0,0,397.46064870141714,26.43945644950329,100.11362838283374,127.52284800513593,0,0,0,0,0,0,0,0,0,0,0,0,0,0,0,0,0,0,0,0,0,0,0,0,0,0,0,5.261561523863605,14.348799905732976,8.613149446589848,8.746666718479375,2.633666155670559
Puebla,P-038,2071.2652598787718,0,0,0,133.2020387850255,0,1110.8927650880535,0,0,0,0,0,0,0,0,0,0,0,0,0,0,0,0,0,0,1429.42653304284,634.1000613489268,0,166.92252303800964,0,1084.9109463224254,0,0,0,0,0,0,0,0,0,0,63.10193224873961,570.9981291001873,0,554.3193595517902,1337.7809679260454,0,0,0,789.1596749254394,0,0,0,0,0,0,0,0,0,0,0,36.314073798584744,0,99.4309838986204,384.5808413708851,0,0,27.696309493602605,0,0,226.98483898645105,0,69.38106391494183,0,0,346.5469718030508,0,0,148.31982547232292,1976.1051550131922,0,0,0,0,0,0,0,0,0,0,0,0,0,0,0,0,0,0,0,0,0,0,0,0,0,0,0,193.89985070409458,914.1279032625476,0,0,0,153.43095155380152,1477.2850648477006,0,0,576.6162933839964,0,0,0,0,0,0,0,0,0,0,0,0,539.00305505511,0,312.71171911564477,1171.4615260951966,68.0933340798642,0,1224.0904294065974,0,0,0,0,0,0,0,0,0,0,0,0,0,0,0,0,0,0,0,0,0,0,0,0,1.309629350535195,28.905420684484675,4.932460094773545,6.701767406599678,5.894503380849129
Estado de Mexico,E-192,116.80753724562535,0,619.0141322213705,0,0,0,132.71349041613507,0,0,0,0,0,0,0,0,0,0,0,0,0,0,0,0,0,0,0.8792366881398832,0,867.6559231949925,0,0,0,0,0,0,0,0,0,0,0,0,0,600.6289393891752,0,0,0,267.90622049395716,0,0,0,0,0,0,0,0,0,0,0,0,0,478.75007095225624,0,3.106832920741717,0,0,81.21594468473151,0,14.646073456472127,8.515478009011376,65.13324226623924,0,13.94954270028998,162.75427707787696,0,0,0,0,0,0,0,40.46369781563654,0,0,0,0,0,0,0,0,0,0,0,0,0,0,0,0,0,0,0,0,0,0,0,0,0,0,0,0,0,2.396090534570624,0,866.1390693485384,0,0,0,0,0,0,0,0,0,0,0,0,0,0,0,0,0.0016327045907024726,0,868.5335271785457,0,0,0,0,0,0,0,0,0,0,0,0,0,0,0,0,0,0,0,0,0,0,0,0,0,0,0,0,0,0.4985164669960959,14.632373160631332,3.077689683199961,3.810894976851599,2.9231143439533804
Ciudad de Mexico,M-009,1399.3140070589056,0,0,10.197520583800747,38.77730508536545,0,0,859.5397585209346,0,147.62103261558426,0,0,0,0,0,0,0,0,0,0,0,0,0,0,1400.7085791940417,0,0,89.81024980802495,248.7175414545917,716.2132538413493,0,0,0,0,0,0,0,0,0,0,0,0,206.76401410697244,0,89.81024980802495,0,716.2132538413493,0,0,1442.6621065416612,0,0,0,0,0,0,0,0,0,152.13485568386224,358.60421594496677,0,0,656.3674753056398,398.7264292277032,0,0,856.2884218138233,0,33.32822588876285,0,0,0,0,0,0,0,0,0,0,0,0,0,0,0,0,0,0,0,0,0,0,0,0,0,0,0,0,0,0,0,0,0,0,0,0,0,1524.8967325138915,0,0,0,67.23538413187387,146.46151054439582,0,0,0,0,0,0,0,0,0,0,0,0,0,0,1204.1771575927535,0,0,0,365.2872276893206,0,0,0,0,190.86562748948802,330.43601714276474,364.68359395036396,0,0,0,0,0,0,0,0,0,0,0,0,0,0,0,0,0,0,0,0,0,1.1612082663643697,25.44120033325189,5.5994975452863445,6.932770444969338,4.71410588218829
Puebla,P-011,212.04107466308253,1035.6514988880986,0,0,0,0,39.159627671361704,0,0,0,0,0,0,0,0,0,0,0,0,0,0,0,0,0,29.35630956955827,1257.4958916529527,0,0,0,0,0,0,0,0,0,0,0,0,0,0,0,953.5147868662202,0,333.33741435629054,0,0,0,0,0,0,0,0,0,0,0,0,0,0,0,374.1120845655589,0,0,0,4.055080474968233,169.68175501635596,705.8445981070005,0,0,0,0,0,0,0,0,33.15868305859942,0,0,0,0,0,0,0,0,0,0,0,0,0,0,0,0,0,0,0,0,0,0,0,0,0,0,0,0,0,0,0,0,47.11127933926863,335.8506689536445,903.8902529296172,0,0,0,0,0,0,0,0,0,0,0,0,0,0,0,0,0,15.997891030834452,1270.8543101916903,0,0,0,0,0,0,0,0,0,0,0,0,0,0,0,0,0,0,0,0,0,0,0,0,0,0,0,0,0,0,0,0.8097472312555151,9.79089688465487,4.32327461559354,4.709803893797122,2.2411288323441974
Puebla,P-006,433.0307650854268,389.7103739897041,0,0,0,0,0,0,0,0,0,0,0,0,0,0,0,0,0,0,0,0,0,0,279.7116765762437,543.0294624988605,0,0,0,0,0,0,0,0,0,0,0,0,0,0,0,420.53328827362304,0,402.2078508014812,0,0,0,0,0,0,0,0,0,0,0,0,0,0,0,351.34226393042496,0,0,0,0,205.60286330515217,242.90332721221438,0,22.892684627316598,0,0,0,0,0,0,0,0,0,0,0,0,0,0,0,0,0,0,0,0,0,0,0,0,0,0,0,0,0,0,0,0,0,0,0,0,0,0,0,253.80588532174264,411.14588653241793,157.78936722096154,0,0,0,0,0,0,0,0,0,0,0,0,0,0,0,0,0,310.8621560850905,511.8789829901096,0,0,0,0,0,0,0,0,0,0,0,0,0,0,0,0,0,0,0,0,0,0,0,0,0,0,0,0,0,0,0,1.9272776027613576,8.00237969871783,4.413376304299092,4.825098804849312,1.701088415150715
Estado de Mexico,E-198,1327.987158748999,713.0555288543568,0,0,0,0,0,0,0,0,0,0,0,0,0,0,0,0,0,0,0,0,0,0,1123.2013420705753,909.7913624760454,8.049983056679508,0,0,0,0,0,0,0,0,0,0,0,0,0,0,150.18726269668707,1123.2013420705753,767.6540828360378,0,0,0,0,0,0,0,0,0,0,0,0,0,0,0,690.5293626548022,3.717842970179391,2.050280812866585,0,6.903307761816532,161.58581995688257,859.0655576003019,22.057033708641526,53.06037511214794,0,0,0,0,0,242.07310702558954,0,0,0,0,0,0,0,0,0,0,0,0,0,0,0,0,0,0,0,0,0,0,0,0,0,0,0,0,0,0,0,0,0,1126.4109453515657,760.8092732966393,141.02190856711482,12.800560387967279,0,0,0,0,0,0,0,0,0,0,0,0,0,0,0,0,1115.2415348466445,922.4383762398687,3.362776516765064,0,0,0,0,0,0,0,0,0,0,0,0,0,0,0,0,0,0,0,0,0,0,0,0,0,0,0,0,0,0,1.3093946264867364,10.487412458352495,3.9345923174997077,4.378252468128886,2.096285080899767
Puebla,P-005,118.61228249768592,808.3756967098466,0,0,0,0,0,0,0,0,0,0,0,0,0,0,0,0,0,0,0,0,0,0,119.38408580897271,807.6038933986179,0,0,0,0,0,0,0,0,0,0,0,0,0,0,0,119.38408580897271,0,807.6038933986179,0,0,0,0,0,0,0,0,0,0,0,0,0,0,0,453.6397782424679,0,0,0,0,24.22025145148959,306.5382367933562,0,22.95046870472657,0,31.28346382222239,0,88.3557801932664,0,0,0,0,0,0,0,0,0,0,0,0,0,0,0,0,0,0,0,0,0,0,0,0,0,0,0,0,0,0,0,0,0,0,0,123.79507616981944,803.1929030377114,0,0,0,0,0,0,0,0,0,0,0,0,0,0,0,0,0,0,109.63080266012607,817.3571765474322,0,0,0,0,0,0,0,0,0,0,0,0,0,0,0,0,0,0,0,0,0,0,0,0,0,0,0,0,0,0,0,0.9630737641802218,10.807722669572946,3.3323114682941104,3.9237598249777674,2.3340216273829113
Puebla,P-022,1048.9700094091452,2061.773161866783,0,0,0,0,224.11474458024415,0,0,0,0,0,0,0,0,0,0,0,0,0,0,0,0,0,0,0,3082.0087289140897,0,252.8491869419575,0,0,0,0,0,0,0,0,0,0,0,0,1918.7031917585855,1128.5882879461683,0,0,252.8491869419575,0,34.71724920933579,0,0,0,0,0,0,0,0,0,0,0,653.8826581667726,619.6726175050975,0,135.56036530388195,195.0774374842695,789.8268875449718,629.4300119255631,0,96.04392811318195,0,0,0,0,140.79288127345382,0,2.65569860341761,0,0,0,2.2225307571002113,0,0,69.69289917852207,0,0,0,0,0,0,0,0,0,0,0,0,0,0,0,0,0,0,0,0,0,0,0,0,0,1123.7010068178392,0,0,1977.5990256996015,0,233.557883338633,0,0,0,0,0,0,0,0,0,0,0,0,0,0,0,0,1962.7644832104907,0,269.53591345488917,0,1102.5575191907744,0,0,0,0,0,0,0,0,0,0,0,0,0,0,0,0,0,0,0,0,0,0,0,0,0,0,0.8564393874128072,25.28825615965416,4.8943145792572516,6.608666649093631,4.943431654947318
Puebla,P-017,1239.8073394994694,920.0087648092428,0,0,0,0,80.2649229785175,0,0,0,0,0,0,0,0,0,0,0,0,0,0,0,0,0,0,370.5263434321856,1453.8046641838932,101.35460614218944,0,0,314.39541352900636,0,0,0,0,0,0,0,0,0,0,101.35460614218944,1453.8046641838932,0,314.39541352900636,370.5263434321856,0,0,0,0,0,0,0,0,0,0,0,0,0,31.300290027689666,886.201342579194,0,0,0,1234.2940542067329,70.3659237988401,0,0.01056117305271894,0,0,0,0,12.335494355268782,0,0,5.57336114648008,0,0,0,0,0,0,0,0,0,0,0,0,0,0,0,0,0,0,0,0,0,0,0,0,0,0,0,0,0,0,0,1440.6490419075005,377.38519393004924,0,0,102.62175262040651,7.135874886872458,0,0,0,0,312.28916394245994,0,0,0,0,0,0,0,0,0,0,391.8725816727064,0,97.09127029855621,0,0,1433.7756917697504,0,317.3414835462607,0,0,0,0,0,0,0,0,0,0,0,0,0,0,0,0,0,0,0,0,0,0,0,0,0.8375610901630601,18.24519572267885,7.1516983947999115,7.166406543262553,4.330882319807626
Puebla,P-034,22.244131318843444,0,0,0,694.6306023264949,0,1071.438698588177,0,0,0,164.83062383716012,0,0,0,0,0,0,0,0,0,0,0,0,0,0,0,769.2143851319544,0,0,0,1183.9296709385876,0,0,0,0,0,0,0,0,0,0,0,235.4204900307608,0,0,1183.9296709385876,0,0,533.7938951011936,0,0,0,0,0,0,0,0,0,0,0,0,0,0,10.355585642444966,84.36557762435389,97.1318698907224,109.91525262320332,45.433872514766506,0,0,0,0,0.06009202467750313,0,0,190.7577947222421,33.15942032678427,0,1.8950809376441877,1380.069509763984,0,0,0,0,0,0,0,0,0,0,0,0,0,0,0,0,0,0,0,0,0,0,0,0,0,0,0,100.66623678893004,0,0,531.6357506918708,0,187.30417940310102,1133.5378891864696,0,0,0,0,0,0,0,0,0,0,0,0,0,0,0,629.593941152621,0,0.22661029256303727,0,143.67412946823003,0,1179.6493751570772,0,0,0,0,0,0,0,0,0,0,0,0,0,0,0,0,0,0,0,0,0,0,0,0,0.8550020181365426,14.584840865033152,2.4775509533265856,3.829562753082541,3.210070228369751
Estado de Mexico,E-194,2344.7010465278217,0,783.4394837745197,0,0,0,28.392093314442253,0,0,0,0,0,0,0,0,0,0,0,0,0,0,0,0,0,11.650139694779183,1914.1926495890175,0,1230.6898343329892,0,0,0,0,0,0,0,0,0,0,0,0,0,3005.2785208498776,91.9027380370642,0,0,59.351364729844036,0,0,0,0,0,0,0,0,0,0,0,0,0,0,0,0,0,0,1705.990472580812,62.623246521091836,0,104.56060112151505,0,88.38615294154792,186.2922088227629,151.74592378234132,0,0,0,0,0,0,0,856.9340178468141,0,0,0,0,0,0,0,0,0,0,0,0,0,0,0,0,0,0,0,0,0,0,0,0,0,0,0,20.980224528883383,70.0432168846105,1800.9081065992632,0,1264.6010756040755,0,0,0,0,0,0,0,0,0,0,0,0,0,0,0,4.0748977316533335,1870.8450213858482,0,1188.885501626823,0,92.7272028723453,0,0,0,0,0,0,0,0,0,0,0,0,0,0,0,0,0,0,0,0,0,0,0,0,0,0,0,0.5481744857073636,15.64735378775001,4.658834379771363,5.779541580064815,3.5899370773500907
Puebla,P-032,127.00420623763395,0,0,0,939.9842781607349,0,1665.3873082863302,0,0,0,0,0,0,0,0,0,0,0,0,0,0,0,0,0,0,0,1160.7404167231734,0,137.9963477176612,0,1433.6390282438874,0,0,0,0,0,0,0,0,0,0,0,377.88689719512433,0,0,1571.6353759615486,0,0,782.853519528049,0,0,0,0,0,0,0,0,0,0,0,0,0,0,34.765895120988496,119.56701496645535,118.88785631586126,27.969233960740688,0,0,0,0,0,44.48035709676699,0,0,0,0,722.9717251747006,179.46238955549893,1407.613569970976,0,4.3443767539764755,72.31337376851008,0,0,0,0,0,0,0,0,0,0,0,0,0,0,0,0,0,0,0,0,0,0,0,0,381.5235401959387,0,0,774.2419278925842,0,134.44761397329899,835.0707054538376,607.0920051690815,0,0,0,0,0,0,0,0,0,0,0,0,0,0,749.4818352341086,0,141.3212236847656,0,366.2037363538697,0,1475.3579421276688,0,0,0,0.011055284426176924,0,0,0,0,0,0,0,0,0,0,0,0,0,0,0,0,0,0,0,0,0.4384462085184576,34.015479865034656,2.654483792074466,5.59389433247735,7.165258320594567
Estado de Mexico,E-189,821.9733342409334,0,696.0277989285989,0,420.0629541928011,0,107.8091441684913,0,0,0,0,0,0,0,0,0,0,0,0,0,0,0,0,0,0,687.5334764223164,19.651855142430783,1338.6878999661335,0,0,0,0,0,0,0,0,0,0,0,0,0,1290.9263314645268,117.51252196803054,0,0,637.4343780983232,0,0,0,0,0,0,0,0,0,0,0,0,0,1168.8006065894199,0,12.312540595552065,0,331.8947747746913,179.76557077597442,0,117.01834961592151,8.415087852394857,0,12.115095819819661,0,215.400065219033,0,0,0.15114028801871807,0,0,0,0,0,0,0,0,0,0,0,0,0,0,0,0,0,0,0,0,0,0,0,0,0,0,0,0,0,0,0,0,0,98.51381661266215,589.5793650393126,0,1342.1547164399117,0,15.625333439046882,0,0,0,0,0,0,0,0,0,0,0,0,0,0,584.752327625805,22.61341576528399,1339.4173710606506,0,99.090117079219,0,0,0,0,0,0,0,0,0,0,0,0,0,0,0,0,0,0,0,0,0,0,0,0,0,0,0,1.0213314526687958,18.713931834973256,3.802175899249334,5.5000794341014005,4.302398406310484
Estado de Mexico,E-003,992.9183404303174,0,0,0,0,0,0,0,0,60.608750408261564,0,498.74237214599367,0,0,0,0,0,0,0,0,0,0,0,0,0,0,0,1549.1010574434085,0,0,0,3.168405541150249,0,0,0,0,0,0,0,0,0,0,602.2604024357761,569.9517173092343,3.168405541150249,0,0,0,0,376.8889376983981,0,0,0,0,0,0,0,0,0,247.5786078275015,0,0,0,0,0,0,229.1907508266159,0,0,858.8170095788869,0,0,0,0,216.68309475154166,0,0,0,0,0,0,0,0,0,0,0,0,0,0,0,0,0,0,0,0,0,0,0,0,0,0,0,0,0,0,0,0,0,0,7.016610712781539,0,1545.2528522717416,0,0,0,0,0,0,0,0,0,0,0,0,0,0,0,0,0,0,1111.6580246967103,0,0,0,0,0,0,438.6672724787768,0,0,1.9441658089890546,0,0,0,0,0,0,0,0,0,0,0,0,0,0,0,0,0,0,0,0.9548978685086811,14.237307353028125,5.5756955260411685,6.616131544259906,3.8943077600430605
Estado de Mexico,E-002,1357.0761490365137,0,0,0,0,0,0,0,0,1571.7819691798688,0,0,29.547429423317816,0,0,0,0,0,0,0,0,0,0,0,91.98896542882343,0,0,1355.7278146140768,0,35.946704038333,0,574.0461275609255,900.695935997383,0,0,0,0,0,0,0,0,0,0.4710146020435138,121.53111206100057,666.0350929897489,0,35.946704038333,0,0,1233.7256879510328,900.695935997383,0,0,0,0,0,0,0,0,571.8816811501664,169.27173379225525,0,0,0,0,0,250.03603023454846,0,0,206.03344146142226,0,0,0,0,895.8112004038844,834.6320083182306,0,0,0,0,0,0,0,0,0,30.73945227931955,0,0,0,0,0,0,0,0,0,0,0,0,0,0,0,0,0,0,0,0,0,117.39500330882049,0,569.2956762567042,0,1367.637466245232,0,0,0,0,0,0,874.519562781173,0,0,0,0,0,0,0,0,0,0,0,107.23056022110217,0,0,0,0,0,66.56793667457802,1167.1785547853156,21.895056641764995,0,590.5437204989753,1004.9897188180112,0,0,0,0,0,0,0,0,0,0,0,0,0,0,0,0,0,0,0.27395320840537596,12.109483671142135,4.609076502618013,4.385533997479596,2.9944583612091757
Estado de Mexico,E-006,784.4610601354868,0,0,0,0,0,0,0,0,248.9177757889668,0,9.923320886035198,0,0,0,0,0,0,0,0,0,0,0,0,404.9523245338528,0,0,271.2163264946312,0,0,0,367.1335057819525,0,0,0,0,0,0,0,0,0,0,8.523973596974045,87.42406880966337,772.0858303158053,0,0,0,0,175.2682840879938,0,0,0,0,0,0,0,0,0,284.48883951185906,0,0,0,0,0,0,212.90626402983196,0,0,49.56055099611029,0,0,0,0,424.2316119619719,72.11489031066638,0,0,0,0,0,0,0,0,0,0,0,0,0,0,0,0,0,0,0,0,0,0,0,0,0,0,0,0,0,0,0,421.68778176016644,0,384.179366196677,0,237.43500885359612,0,0,0,0,0,0,0,0,0,0,0,0,0,0,0,0,0,0,102.45183491122611,0,0,0,0,0,398.288597708085,190.2073000229974,0,0,352.354424168139,0,0,0,0,0,0,0,0,0,0,0,0,0,0,0,0,0,0,0,1.4704820512724954,13.992054247554119,5.554702192816254,6.112899131756894,3.138260075826241
Estado de Mexico,E-004,26.844140293921175,0,0,0,0,0,0,0,0,252.55017849140694,0,395.97102777110183,0,0,0,0,0,0,0,0,0,0,0,0,53.63243073393519,0,0,367.76579537171716,0,0,0,253.96712045082734,0,0,0,0,0,0,0,0,0,0,367.76579537171716,0,307.5995511847625,0,0,0,0,0,0,0,0,0,0,0,0,0,0,23.236020009225154,0,0,64.15489281579818,0,0,3.093310707079972,256.21702803045775,0,0,328.6640949938476,0,0,0,0,0,0,0,0,0,0,0,0,0,0,0,0,0,0,0,0,0,0,0,0,0,0,0,0,0,0,0,0,0,0,0,0,0,54.63797196022684,0,252.83035763222665,0,367.8970169640072,0,0,0,0,0,0,0,0,0,0,0,0,0,0,0,0,0,0,351.3401480105686,0,0,0,0,0,62.85229968978132,0,0,0,261.17289885612684,0,0,0,0,0,0,0,0,0,0,0,0,0,0,0,0,0,0,0,1.1985960594980978,8.877710583435993,2.2776170150144956,3.262109345967127,2.257541127125294
Estado de Mexico,E-005,319.25173113201,0,0,0,0,0,0,0,0,200.53214998662884,0,92.04278620128727,0,0,0,0,0,0,0,0,0,0,0,0,353.24295580523614,0,0,9.271784022281691,0,0,0,249.31192749245577,0,0,0,0,0,0,0,0,0,0,9.271784022281691,0,602.554883297692,0,0,0,0,0,0,0,0,0,0,0,0,0,0,3.9788800129864796,0,0,142.0199670763894,0,0,86.9345992662603,254.92098432048434,0,0,27.560423429735035,0,0,0,0,96.41181321410441,0,0,0,0,0,0,0,0,0,0,0,0,0,0,0,0,0,0,0,0,0,0,0,0,0,0,0,0,0,0,0,0,362.89635428228854,0,239.85418093751818,0,9.07613210020475,0,0,0,0,0,0,0,0,0,0,0,0,0,0,0,0,0,0,5.29851044796221,0,0,0,0,0,360.50145912495765,0,0,0,246.02669774705586,0,0,0,0,0,0,0,0,0,0,0,0,0,0,0,0,0,0,0,1.6358788683152992,14.919335736348838,6.381692335522494,6.832249989937709,3.800199720065928
Estado de Mexico,E-007,731.1131114503062,0,0,0,0,0,26.011934157400795,0,0,0,0,0,0,0,0,0,0,0,0,0,0,0,0,0,671.2416231060303,0,0,85.88342250167112,0,0,0,0,0,0,0,0,0,0,0,0,0,0,0,85.88342250167112,671.2416231060303,0,0,0,0,0,0,0,0,0,0,0,0,0,0,39.026040056704694,0,0,165.43698071318852,0,0,259.6643055769196,0,0,0,0,0,0,0,0,292.99771926089807,0,0,0,0,0,0,0,0,0,0,0,0,0,0,0,0,0,0,0,0,0,0,0,0,0,0,0,0,0,0,0,0,684.163442092458,0,0,0,72.96160351523008,0,0,0,0,0,0,0,0,0,0,0,0,0,0,0,0,0,0,111.63814272339734,0,0,0,0,0,645.4869028842843,0,0,0,0,0,0,0,0,0,0,0,0,0,0,0,0,0,0,0,0,0,0,0,1.4549343513491735,9.556452942409157,5.067692012598618,5.053782197945556,2.191680174213921
Estado de Mexico,E-008,1962.2610862155807,0,2.62367302797762,0,0,0,0,0,0,110.48272184481883,0,0,0,0,0,0,0,0,0,0,0,0,0,0,2058.7850229538703,0,0,13.910193051039206,0,0,0,2.6722650834079276,0,0,0,0,0,0,0,0,0,0,13.910193051039206,0,1854.7144351945467,0,0,0,0,0,0,206.74285284273165,0,0,0,0,0,0,0,101.16851632841053,616.6345307708746,0,272.94054022350923,0,0,904.5729677892266,27.26267026938701,0,0,0,0,0,0,0,152.78825570692698,0,0,0,0,0,0,0,0,0,0,0,0,0,0,0,0,0,0,0,0,0,0,0,0,0,0,0,0,0,0,0,0,2056.6314112887358,0,2.34449150196397,0,16.391578297616533,0,0,0,0,0,0,0,0,0,0,0,0,0,0,0,0,0,0,6.10402923877577,0,0,0,0,0,2034.0409202881706,0,0,0,0.24728061135685175,0,34.97525094997404,0,0,0,0,0,0,0,0,0,0,0,0,0,0,0,0,0,0.7019308258768171,12.116274853017691,6.035197075172679,5.877452940168437,2.525869779157066
Estado de Mexico,E-010,0,0,0,0,0,0,0,0,0,2141.950412067648,0,0,0,0,0,0,0,0,0,0,0,0,0,0,0,0,0,1678.0119732281696,0,11.68747694798779,0,452.25096189161684,0,0,0,0,0,0,0,0,0,0,1678.0119732281696,0,448.6581407801743,0,11.68747694798779,0,0,3.5928211114425497,0,0,0,0,0,0,0,0,0,19.876636997660633,0,124.56925307421618,110.55328560260938,0,0,231.2508814062643,795.4257738666955,0,0,850.1614640260827,0,0,0,0,0,0,0,0,0,0,0,0,0,0,0,10.113117094184634,0,0,0,0,0,0,0,0,0,0,0,0,0,0,0,0,0,0,0,0,0,0,0,499.97607314955053,0,1628.7190930553922,0,0,0,0,3.0110217854276393,0,0,0,0,0,0,0,0,0,0,0,0,0,1743.0037304286022,0,0,0,0,0,0,0,18.314307329841554,0,380.6323743090406,0,0,0,0,0,0,0,0,0,0,0,0,0,0,0,0,0,0,0,0.515799727961727,4.078591953004872,1.8074491469099414,1.9735171353099106,0.781532409450817
Estado de Mexico,E-001,1811.9282528376823,0,8.728197568015311,0,0,0,277.3227603910205,0,0,906.8692175316066,0,0,0,1.371870087794939,0,0,0,0,0,0,0,0,0,0,1046.4640523634853,0,0,945.990972896577,0,22.036129940454174,0,591.335679015172,400.3934642004487,0,0,0,0,0,0,0,0,0,0,683.1299867680805,1138.3564661297032,0,22.036129940454174,499.4432652489541,0,154.3641992737236,400.3934642004487,108.49678685477285,0,0,0,0,0,0,0,660.389614921036,66.46386346554434,0,258.66538939123114,0,0,460.2086181818561,334.2476745934472,0,0,66.27002256788587,0,0,0,0,483.77403437478836,619.203248709697,34.43644498649865,0,0,0,0,0,0,0,0,22.561387224165586,0,0,0,0,0,0,0,0,0,0,0,0,0,0,0,0,0,0,0,0,0,1105.0125547072523,0,583.4275255348011,0,911.7938713430086,0,0,0,0,0,0,387.4453316039923,0,0,0,0,0,0,0,0,0,0,0,711.1780263808207,0,0,0,0,0,951.2718042840679,363.21497909687866,0,0,599.6039730800773,380.9515155742814,0,0,0,0,0,0,0,0,0,0,0,0,0,0,0,0,0,0,0.2996900005600268,11.9840364966879,3.9319112626447157,4.270444252983437,2.9879563526937285
Estado de Mexico,E-011,0,0,0,0,0,0,0,0,0,1345.3823429356055,0,0,0,0,0,0,0,0,0,0,0,0,0,0,0,0,0,336.8742410461753,0,13.736707907409713,0,994.7713939820685,0,0,0,0,0,0,0,0,0,0,336.8742410461753,0,521.2476633502246,0,13.736707907409713,468.26148211039305,0,5.262248521450818,0,0,0,0,0,0,0,0,0,0.16148625685078066,495.612627315834,31.348260192362897,0,0,0,151.54032109298242,377.5846017197807,45.16821714695501,0,243.96682921097565,0,0,0,0,0,0,0,0,0,0,0,0,0,0,0,0,0,0,0,0,0,0,0,0,0,0,0,0,0,0,0,0,0,0,0,0,0,0,0,994.7337309929994,0,321.6771480351768,0,0,0,0,1.2180991462270776,0,0,0,0,0,0,0,0,0,0,0,0,0,346.6832818567358,0,0,0,0,0,0,0,0,0,998.6990610788703,0,0,0,0,0,0,0,0,0,0,0,0,0,0,0,0,0,0,0,0.89574922752252,3.335123781018933,1.8375361176234146,1.9107768195501282,0.5559262548772627
Estado de Mexico,E-036,535.0371882170355,0,401.2157147713245,0,0,0,0,0,0,32.855376608964015,0,0,0,0,0,0,0,0,0,0,0,0,0,0,969.108279597299,0,0,0,0,0,0,0,0,0,0,0,0,0,0,0,0,0,0,0,969.108279597299,0,0,0,0,0,0,0,0,0,0,0,0,0,0,559.1178116865849,0,0,241.33044489919638,0,76.55711199620394,44.38374540790406,0,0,0,0,0,0,0,0,0,0,47.71916560745793,0,0,0,0,0,0,0,0,0,0,0,0,0,0,0,0,0,0,0,0,0,0,0,0,0,0,0,0,0,0,969.1082795973172,0,0,0,0,0,0,0,0,0,0,0,0,0,0,0,0,0,0,0,0,0,0,0,0,0,0,0,0,548.6227889177526,0,0,0,0,0,420.4854906795649,0,0,0,0,0,0,0,0,0,0,0,0,0,0,0,0,0,0.6848556223923499,6.270855659107509,3.3869125052688007,3.451251472699304,1.8939245106790663
Estado de Mexico,E-009,1095.7148802200725,0,0,0,0,0,0,0,0,1125.3338170710929,0,297.63772112708943,0,0,0,0,0,0,0,0,0,0,0,0,1465.6460331889887,0,0,797.4635525674832,0,0,0,255.57683266164153,0,0,0,0,0,0,0,0,0,0,797.4635525674832,0,1094.9970816728792,0,0,0,0,63.315610918155954,0,562.910173259595,0,0,0,0,0,0,0,879.6576308129597,10.432381782032476,0,269.7452222786119,0,69.79008954161141,555.2153888915736,265.7173949574631,0,0,353.36111357946714,0,0,0,0,114.76719657444642,0,0,0,0,0,0,0,0,0,0,0,0,0,0,0,0,0,0,0,0,0,0,0,0,0,0,0,0,0,0,0,0,1446.0327111159822,0,215.83922424951658,0,811.8977583508029,0,0,0,0,44.91672470184362,0,0,0,0,0,0,0,0,0,0,1.0376082260679589,0,0,755.5104313622951,0,0,0,0,0,946.1386292175375,0,0,0,243.15547661649734,0,572.8442729957944,0,0,0,0,0,0,0,0,0,0,0,0,0,0,0,0,0,0.545643940573605,10.417478556728234,3.0429293300998856,3.890086800217027,2.5169612369218846
Estado de Mexico,E-038,30.31561383027168,0,53.0796305641845,0,0,0,0,0,0,639.7863655092589,0,0,0,0,0,0,0,0,0,0,0,0,0,0,418.59307514348677,0,0,91.79699300492317,0,0,0,212.79154175527913,0,0,0,0,0,0,0,0,0,0,0,0,85.67955891663166,0,0,0,0,556.8147825332235,0,80.68726845383387,0,0,0,0,0,0,0,653.7185531456985,0,0,0,0,0,17.406458716354457,0,0,0,0,0,0,0,0,0,0,52.05659804168077,0,0,0,0,0,0,0,0,0,0,0,0,0,0,0,0,0,0,0,0,0,0,0,0,0,0,0,0,0,0,430.3129792782489,0,212.2402760058029,0,80.62835461967941,0,0,0,0,0,0,0,0,0,0,0,0,0,0,0,266.7361051900464,0,0,0,0,0,0,0,0,58.75939628726574,102.35060097127791,0,0,295.3355074551125,0,0,0,0,0,0,0,0,0,0,0,0,0,0,0,0,0,0,0,0.30628841480637925,4.3620823825390165,1.7825507098391584,1.831883195361362,1.0818944770336676
Estado de Mexico,E-041,0,0,3.1921424298931655,0,0,0,55.52386183257547,0,0,1451.539775209053,0,0,0,0,0,0,0,0,0,0,0,0,0,0,7.9117596165137956,0,0,0,0,0,1.2567493440028037,749.1595992611954,0,751.9276712497964,0,0,0,0,0,0,0,0,0,751.9276712497964,749.1595992611954,0,0,0,0,7.9117596165137956,0,0,1.2567493440028037,0,0,0,0,0,0,1350.682921712139,79.67122706278357,0,0,0,0,0,0,0,0,0,0,0,0,0,0,46.71581095650103,32.28142211642445,0,0,0,0,0,0,0,0,0,0.9043976236516436,0,0,0,0,0,0,0,0,0,0,0,0,0,0,0,0,0,0,0,0,7.159907545710951,0,0,0,0,0,0,0.8394741336035384,0,724.0701721167761,0,0,778.1862256754234,0,0,0,0,0,0,0,2.3294311050439465,0,0,0,0,0,0,0,7.171425365834845,0,0,0,0,729.0576291845509,0,0,771.6972938161379,0,0,0,0,0,0,0,0,0,0,0,0,0,0,0,0,0.3874253904198143,5.497565618780662,1.9673365707755837,2.422502091033573,1.56080926042169
Estado de Mexico,E-035,105.27259062067007,0,181.67805978338498,0,0,0,0,0,0,957.2895071610532,0,0,0,0,0,0,0,0,0,0,0,0,0,0,1244.2401575650376,0,0,0,0,0,0,0,0,0,0,0,0,0,0,0,0,0,0,0,418.9903118458007,0,0,0,0,824.9429788545347,0,0.3068668647022611,0,0,0,0,0,0,0,568.4292572267418,0,0,362.5724905678847,0,52.63236720888778,260.6060425614867,0,0,0,0,0,0,0,0,0,0,0,0,0,0,0,0,0,0,0,0,0,0,0,0,0,0,0,0,0,0,0,0,0,0,0,0,0,0,0,0,0,1244.2401575650356,0,0,0,0,0,0,0,0,0,0,0,0,0,0,0,0,0,0,0,765.406914103766,0,0,0,0,0,0,0,0,18.519059249879344,0,0,0,0,0,460.3141842114289,0,0,0,0,0,0,0,0,0,0,0,0,0,0,0,0,0,0.6467490443048124,6.3080796459500945,2.076943017687426,2.2509354538366892,1.21123352444025
Estado de Mexico,E-039,0,0,698.5195075261361,0,0,0,17.395544878131325,0,0,2446.1016066544034,0,0,0,0,0,0,0,0,0,0,0,0,0,0,1134.2968242665495,0,0,0,0,0,141.18770384454123,1528.560363735495,256.2857358156042,101.6860313963595,0,0,0,0,0,0,0,0,0,101.6860313963595,1784.846099551099,0,0,0,0,1134.2968242665495,0,0,141.18770384454123,0,0,0,0,0,0,881.8529463293206,303.9910164196999,0,135.06545515177496,0,0.4109364893773215,294.1797539551916,0,0,0,145.95038973428007,0,0,0,0,0,409.3297164478801,991.2364445310878,0,0,0,0,0,0,0,0,0,0,0,0,0,0,0,0,0,0,0,0,0,0,0,0,0,0,0,0,0,0,1157.3291819614724,0,0,0,0,0,0,118.14126495836909,0,1504.3562521162787,0,256.28094640082895,125.9090136215888,0,0,0,0,0,0,0,1087.566612674861,0,0,0,0,0,0,0,183.3588440453323,0,0,0,0,1531.839135201295,0,0,103.61376841326444,255.63829872382308,0,0,0,0,0,0,0,0,0,0,0,0,0,0,0,0.3525088219929886,6.631167510940082,2.9298375328347395,2.942881194813342,1.209686125114227
Estado de Mexico,E-031,0,0,26.08803398083434,0,0,0,0,0,0,1928.5760651478108,0,0,0,0,0,0,0,0,0,0,0,0,0,0,25.16956282319688,0,0,0,0,145.8674925630422,0,1783.6270437424246,0,0,0,0,0,0,0,0,0,0,0,0,0.2068349748712281,0,145.8674925630422,208.88333624748904,0,1599.706435343261,0,0,0,0,0,0,0,0,0,906.975145442624,128.5635898871258,0,67.16974951691513,0,65.01979547338993,0,27.40459096054077,271.44604782103823,0,0,0,0,0,0,0,0,488.0851800270674,0,0,0,0,0,0,0,0,0,0,0,0,0,0,0,0,0,0,0,0,0,0,0,0,0,0,0,0,0,0,22.177627887766644,0,1289.7529294195817,0,0,0,0,0,0,510.8897342021193,0,0,0,0,0,0,0,0,0,0,37.65624210358268,0,0,0,0,0,0,0,0,0,0,0,0,1917.0078570251897,0,0,0,0,0,0,0,0,0,0,0,0,0,0,0,0,0,0,0,0.2630710114953261,4.239998766399814,2.441308808513975,2.3667900575011407,0.8996369644510845
Estado de Mexico,E-037,5.17108595660113,0,528.2962030044694,0,0,0,0,0,0,923.8718173210601,0,0,0,0,0,0,0,0,0,0,0,0,0,0,1377.9851853007458,0,0,79.35392098156781,0,0,0,0,0,0,0,0,0,0,0,0,0,0,0,0,364.8115981647924,0,0,0,0,1092.5275081175212,0,0,0,0,0,0,0,0,0,738.6199894425838,0,0,319.6693089644144,0,243.741497348705,137.28978952089116,0,0,0,0,0,0,0,0,0,0,18.018521005678153,0,0,0,0,0,0,0,0,0,0,0,0,0,0,0,0,0,0,0,0,0,0,0,0,0,0,0,0,0,0,1377.2049411427345,0,0,0,80.1341651395137,0,0,0,0,0,0,0,0,0,0,0,0,0,0,0,1032.6437481779674,0,0,0,0,0,0,0,0,143.84891526984103,84.98245759942158,0,0,0,0,195.86398523500966,0,0,0,0,0,0,0,0,0,0,0,0,0,0,0,0,0,0.32338482330852825,5.727514055856341,1.819392789404693,2.02950774666765,1.1981303433776078
Estado de Mexico,E-030,0,0,63.28134716820575,0,0,0,0,0,0,1338.8265557080206,0,0,0,0,0,0,0,0,0,0,0,0,0,0,33.03181492515977,0,0,0,0,0,0,1369.0760879514423,0,0,0,0,0,0,0,0,0,0,0,0,17.717272932455117,0,0,258.88421263681624,0,1125.5064173073308,0,0,0,0,0,0,0,0,0,863.5116460247591,2.08375474575451,0,139.8097274921196,0,0,20.269641447701616,36.62811335354992,17.631799921064005,0,0,0,0,0,0,0,0,322.1732198914203,0,0,0,0,0,0,0,0,0,0,0,0,0,0,0,0,0,0,0,0,0,0,0,0,0,0,0,0,0,0,46.44403773345018,0,1345.05171592254,0,0,0,0,0,0,10.612149220654972,0,0,0,0,0,0,0,0,0,0,28.48577801062615,0,0,0,0,0,0,0,0,0,0,0,0,1373.6221248657066,0,0,0,0,0,0,0,0,0,0,0,0,0,0,0,0,0,0,0,0.4090504348256114,4.656396375028292,2.3323449112748964,2.3682509933504194,0.9543984471080937
Estado de Mexico,E-014,97.84614379242683,0,246.81427955609635,0,0,0,44.94825658524776,0,0,2864.7418095448293,0,0,0,0,0,0,0,0,0,0,0,0,0,0,22.402488437757246,0,0,1037.8788494207722,0,0,0,2194.0691516193956,0,0,0,0,0,0,0,0,0,0,1020.1643044050712,17.714545015701006,273.82298445983173,0,0,581.7493404436683,0,1360.8993151536527,0,0,0,0,0,0,0,0,0,1232.510480685159,51.42362140977374,0,569.0037030694084,0,0,90.51109549787323,670.9927241103132,38.931271611106766,0,380.62615034913455,0,0,0,0,142.90621411945688,0,71.74185445709895,5.703374169136114,0,0,0,0,0,0,0,0,0,0,0,0,0,0,0,0,0,0,0,0,0,0,0,0,0,0,0,0,0,29.99988813346831,0,2161.1878254823946,0,1063.1627758620293,0,0,0,0,0,0,0,0,0,0,0,0,0,0,0,17.47795768944196,0,0,997.7874205151729,0,0,0,0,0,0,0,0,0,2239.085111273434,0,0,0,0,0,0,0,0,0,0,0,0,0,0,0,0,0,0,0,0.28924479340369547,4.345993995541635,1.5564710458634177,1.7220553229212117,0.8423263272688494
Estado de Mexico,E-034,5.689502411323851,0,429.3197810861581,0,0,0,0,0,0,632.1839801868799,0,0,0,0,0,0,0,0,0,0,0,0,0,0,1067.1932636843228,0,0,0,0,0,0,0,0,0,0,0,0,0,0,0,0,0,0,0,0,0,0,0,0,917.2457412301326,0,149.9475224541902,0,0,0,0,0,0,0,305.7913519918439,0,0,197.49344089865224,54.815363610206894,155.24284606715065,335.3820129449283,0,0,0,0,0,0,0,0,0,0,0,0,0,0,18.46824817152448,0,0,0,0,0,0,0,0,0,0,0,0,0,0,0,0,0,0,0,0,0,0,0,0,0,0,1067.193263684371,0,0,0,0,0,0,0,0,0,0,0,0,0,0,0,0,0,0,0,971.908082553862,0,0,0,0,0,0,0,0,0,0,0,0,0,0,95.2851811305288,0,0,0,0,0,0,0,0,0,0,0,0,0,0,0,0,0,0.4384462085184576,7.570124331309527,3.6124585971336227,3.785237771188696,1.788195487459022
Estado de Mexico,E-020,816.6836092086414,0,236.2191105378492,116.5929726782966,0,0,105.78068271207606,0,0,3127.1638281631263,0,0,0,0,29.95454093085052,0,0,0,0,0,0,0,0,0,394.75657868064144,0,0,2460.624503383762,0,94.3574117124766,0,958.2632345869052,524.3930158731249,0,0,0,0,0,0,0,0,0,497.2700398421938,78.07046773253568,0,0,94.3574117124766,985.3862106178364,0,394.75657868064144,0,2382.5540356512265,0,0,0,0,0,0,0,1739.3042706096055,80.58585948514195,0,415.3774446825352,0,0,369.2206061945904,190.595650698091,19.336993041676937,0,1235.8702593009416,0,0,0,0,0,0,0,197.47048735195148,0,0,0,0,0,0,0,94.6904656064934,0,89.94270725999696,0,0,0,0,0,0,0,0,0,0,0,0,0,0,0,0,0,0,0,392.46940141084394,0,710.0679257118989,0,2450.193258897665,0,0,0,0,286.43746907978937,0,593.2266891307695,0,0,0,0,0,0,0,0,394.3139904385829,0,0,2666.136812169647,0,0,0,0,0,0,0,0,0,941.5067090077481,430.43723261501793,0,0,0,0,0,0,0,0,0,0,0,0,0,0,0,0,0,0,0.5181793099941261,11.953730667126464,1.7487920929041265,2.607483385161526,2.297943615331388
Estado de Mexico,E-040,431.9509693861438,0,0,0,0,0,501.4453199963648,0,0,1052.487723351037,0,0,0,135.58280061987915,0,0,0,0,0,0,0,0,0,0,0,0,0,304.5925431193279,0,0,637.0663309392422,365.4467037762987,0,814.3612355184974,0,0,0,0,0,0,0,0,0,576.4415345286877,365.4467037762987,0,0,0,0,0,237.91970098980966,304.5925431193279,637.0663309392422,0,0,0,0,0,0,739.3028534185552,0.3335406822514928,0,0,0,0,0,0,0,0,115.81043985116844,0,0,0,0,0,1108.0928936905898,85.07236168656082,0,0,49.11664330771982,0,0,0,0,0,23.738080716286404,0,0,0,0,0,0,0,0,0,0,0,0,0,0,0,0,0,0,0,0,0,0,0,199.50628839604448,0,286.19794127592655,0,0,625.8709985863029,0,144.3750484724106,0,0,865.5165366226051,0,0,0,0,0,0,0,0,0,0,0,0,0,0,0,636.9447545089207,0,325.68128793755966,0,0,385.29842541337484,0,0,489.5516194256321,0,283.99072606808744,0,0,0,0,0,0,0,0,0,0,0,0,0,0,0.07015272765063629,4.709614484241937,1.5003294638224167,1.8010482034447648,1.3394501403645411
Estado de Mexico,E-043,933.6643653714017,0,223.67044888075688,0,0,0,0,0,0,193.84676579476007,0,0,0,0,0,0,0,0,0,0,0,0,0,0,1065.5835654468015,0,0,112.06217377468226,0,0,0,173.53584082555267,0,0,0,0,0,0,0,0,0,0,0,0,0,0,0,0,0,1239.1194062723541,0,112.06217377468226,0,0,0,0,0,0,0,149.15427782500237,453.086689160552,0,0,216.29662655316145,0,371.3569642446743,0,0,0,0,155.6122931547122,0,0,5.674729108798556,0,0,0,0,0,0,0,0,0,0,0,0,0,0,0,0,0,0,0,0,0,0,0,0,0,0,0,0,0,0,0,0,0,1060.2455145397175,0,194.75169426201614,0,96.18437124515303,0,0,0,0,0,0,0,0,0,0,0,0,0,0,0,1051.4290470896676,0,0,0,0,0,0,0,0,0,125.82291683208082,0,0,173.92961612529584,0,0,0,0,0,0,0,0,0,0,0,0,0,0,0,0,0,0,0,1.1680712353858962,12.594378053868976,6.132691166495617,6.631096006790625,2.969683323930814
Estado de Mexico,E-042,365.7789594445949,0,753.895585848153,0,0,0,688.3548675415069,0,0,1729.8481785414097,0,0,0,0,0,0,0,0,0,0,0,0,0,0,1242.4017062953,0,0,80.70480673007269,0,14.755930360091577,0,431.80219798546324,0,1768.2129500048118,0,0,0,0,0,0,0,0,0,585.1168298218726,430.17400201321453,0,14.755930360091577,0,0,1244.0299022675488,1183.096120182939,80.70480673007269,0,0,0,0,0,0,0,715.8719193620141,683.8250518088455,0,143.10946845791602,352.40318070055525,0,148.63196103565338,0,0,0,101.68075446107069,17.129248689678768,0,0,0,0,1310.7782905664792,0,0,0,0,0,0,0,0,0,14.763181623314379,49.68453467028425,0,0,0,0,0,0,0,0,0,0,0,0,0,0,0,0,0,0,0,0,1258.4364682549995,0,4.48263076822198,0,128.40898584305418,0,0,0,0,401.6525770537007,0,0,1730.1447669282404,0,0,0,0,0,0,0,1206.3158148599987,0,0,0,0,0,0,0,0,0,52.942954588806145,0,0,443.5559278708533,0,0,645.265108895606,0,1189.797785160525,0,0,0,0,0,0,0,0,0,0,0,0,0,0,0.14139712662568926,9.466632968200285,2.0309315321667976,2.6991365367417517,2.263690992297331
Estado de Mexico,E-029,572.2586691230854,0,495.88918562218925,0,0,0,0,0,0,0.06428602353906401,0,0,0,0,0,0,0,0,0,0,0,0,0,0,894.958887625633,0,0,0,0,0,0,173.2532531430982,0,0,0,0,0,0,0,0,0,0,0,0,0,0,0,0,0,1068.2121407687312,0,0,0,0,0,0,0,0,0,251.13590005892814,0,0,0,0,0,676.2351203094182,0,0,0,0,0,140.29429205000642,0,0,0.5468283504001376,0,0,0,0,0,0,0,0,0,0,0,0,0,0,0,0,0,0,0,0,0,0,0,0,0,0,0,0,0,0,0,0,912.8636622607196,0,155.34847850803393,0,0,0,0,0,0,0,0,0,0,0,0,0,0,0,0,0,883.4698275611361,0,0,0,0,0,0,0,0,0,0,0,0,184.74231320759364,0,0,0,0,0,0,0,0,0,0,0,0,0,0,0,0,0,0,0,2.2517296684770733,15.16289735065086,6.438340446515108,7.339222150230826,3.604908789771524
Estado de Mexico,E-044,433.6774292872582,0,0,0,0,0,69.5215951318164,0,0,193.5542156054124,0,0,0,0,0,0,0,0,0,0,0,0,0,0,505.55802872679914,0,0,4.437003709752877,0,0,0,186.7582075880079,0,0,0,0,0,0,0,0,0,0,0,0,0,0,0,0,0,692.316236314807,0,4.437003709752877,0,0,0,0,0,0,0,140.0854339827696,358.47392461915365,0,0,100.0973401064848,0,5.15118959841528,0,0,0,0,0,0,0,79.85751662372274,13.087835093964188,0,0,0,0,0,0,0,0,0,0,0,0,0,0,0,0,0,0,0,0,0,0,0,0,0,0,0,0,0,0,0,0,514.7206493203771,0,182.0325907041383,0,0,0,0,0,0,0,0,0,0,0,0,0,0,0,0,0,490.0223581395456,0,0,0,0,0,0,0,0,0,4.578052419092589,0,0,202.15282946591762,0,0,0,0,0,0,0,0,0,0,0,0,0,0,0,0,0,0,0,1.1228483695970883,10.676064131169145,5.258221058072236,5.611644899138442,2.8079942872491817
Estado de Mexico,E-033,415.45666689422694,0,709.8068451325056,0,0,0,0,0,0,1645.582265370833,0,0,0,0,0,0,0,0,0,0,0,0,0,0,2412.584591943353,0,0,0,0,0,0,358.26118545408576,0,0,0,0,0,0,0,0,0,0,0,0,0,0,0,0,0,1921.4311583700735,0,849.4146190273655,0,0,0,0,0,0,0,1084.9205617198315,117.93701081870418,0,230.88735910858824,479.228108153456,27.23380851795103,634.4606548610802,0,0,0,0,0,0,0,0,0,0,0,0,0,0,196.17827421787672,0,0,0,0,0,0,0,0,0,0,0,0,0,0,0,0,0,0,0,0,0,0,0,0,0,0,2390.0033956783445,0,297.2472845481055,0,0,0,0,0,0,83.5950971710608,0,0,0,0,0,0,0,0,0,0,1565.7002836356053,0,0,0,0,0,0,0,0,0,0,0,0,305.6641403406196,0,899.4813534213375,0,0,0,0,0,0,0,0,0,0,0,0,0,0,0,0,0,0.6125593250357494,12.899495433389346,3.640380126786631,4.321796397784689,2.676151445800524
Estado de Mexico,E-026,206.638368413239,0,469.8060816927065,0,0,0,0,0,0,0,0,0,0,0,0,0,0,0,0,0,0,0,0,0,384.4745797915033,0,0,0,0,0,0,291.96987031445525,0,0,0,0,0,0,0,0,0,0,0,0,0,0,0,291.96987031445525,0,384.4745797915033,0,0,0,0,0,0,0,0,0,62.8795845110224,354.37319046878235,0,94.26692876799225,0,108.68004943882477,56.24469691934475,0,0,0,0,0,0,0,0,0,0,0,0,0,0,0,0,0,0,0,0,0,0,0,0,0,0,0,0,0,0,0,0,0,0,0,0,0,0,0,0,0,382.94065797926794,0,293.50379212667514,0,0,0,0,0,0,0,0,0,0,0,0,0,0,0,0,0,394.2361796209756,0,0,0,0,0,0,0,0,0,0,0,0,282.20827048498944,0,0,0,0,0,0,0,0,0,0,0,0,0,0,0,0,0,0,0,1.822344977354008,5.665165648101824,3.1374036368558054,3.3005419912136067,1.212771754493302
Estado de Mexico,E-032,906.8877201982962,0,1216.5998785835156,0,0,0,0,0,0,1293.5658316271388,0,0,0,0,0,0,0,0,0,0,0,0,0,0,2178.0269364986398,0,0,59.58654975394324,0,0,0,1179.439944156674,0,0,0,0,0,0,0,0,0,0,59.58654975394324,0,52.82734275446034,0,0,2.142638225479148,0,3272.8743586297114,0,29.622541045662775,0,0,0,0,0,0,0,776.0039122181552,157.9188997036967,15.94510406887823,214.73964011933745,671.5593515122973,46.0581827007876,1404.801995480755,0,0,0,0,0,130.026344604997,0,0,0,0,0,0,0,0,0,0,0,0,0,0,0,0,0,0,0,0,0,0,0,0,0,0,0,0,0,0,0,0,0,0,0,2178.085278119281,0,370.5974493904008,0,50.40228937448577,0,0,0,0,817.9684135248916,0,0,0,0,0,0,0,0,0,0,2131.7610875591467,0,0,67.93149493639783,0,0,0,0,0,0,0,0,0,1135.3141867673605,0,82.04666114600546,0,0,0,0,0,0,0,0,0,0,0,0,0,0,0,0,0,0.09921088930383612,13.218230812978504,3.2318106993152047,4.073410686212164,2.555929105648624
Estado de Mexico,E-059,0,0,0,0,0,0,0,0,0,2352.066040688036,0,0,0,0,0,0,0,0,0,0,0,0,0,0,0.007074624480112381,0,0,0,0,286.4023402271863,0,2065.606224635221,0.05040120113878005,0,0,0,0,0,0,0,0,0,760.3423271155783,0,0,0,286.4023402271863,1222.188776963434,0,83.13259638182737,0,0,0,0,0,0,0,0,0,456.74371423954017,211.33517415717236,0,0,0,0,0,128.36434453312114,317.06281258692763,0,746.2561697750598,0,0,0,0,0,0,0,0,0,0,0,0,0,0,0,0,492.30382539627897,0,0,0,0,0,0,0,0,0,0,0,0,0,0,0,0,0,0,0,0,2.7818179414146678,0,1199.7238412165198,0,0,0,0,0,0,868.4010718423735,0,0,0,0,0,0,0,0,0,0,0,0,0,0,0,0,0,0,0,0,0,0,0,2098.34675713119,253.5306969029367,0,0,0,0,0.1885866539502117,0,0,0,0,0,0,0,0,0,0,0,0,0,0.6821560424582818,5.100662335920838,2.110353246324114,2.4523953620285566,1.0951868546314913
Estado de Mexico,E-046,604.2310431561722,0,0,0,0,0,83.53147694125563,0,0,453.1849229774918,0,0,0,0,0,0,0,0,0,0,0,0,0,0,738.4000525766863,0,0,185.07091301612994,0,0,0,217.47647748208777,0,0,0,0,0,0,0,0,0,0,0,0,0,0,0,0,185.07091301612994,955.876530058774,0,0,0,0,0,0,0,0,0,318.3816674717988,466.98329821433424,0,0,23.507274601789575,0,0,0,0,0,0,0,0,0,0,331.91089342670284,0.16430936026807014,0,0,0,0,0,0,0,0,0,0,0,0,0,0,0,0,0,0,0,0,0,0,0,0,0,0,0,0,0,0,0,749.5601972330107,0,215.01195266678837,0,176.3752931751428,0,0,0,0,0,0,0,0,0,0,0,0,0,0,0,700.031434365274,0,0,203.87193143722277,0,0,0,0,0,0,0,0,0,237.04407727235628,0,0,0,0,0,0,0,0,0,0,0,0,0,0,0,0,0,0,0,1.0031065343945247,10.273058328247796,5.165844570078887,5.491061375701431,2.7615482358586965
Estado de Mexico,E-015,1714.8479436751613,0,257.6863169549598,0,0,0,0,0,0,2535.919239944636,0,0,0,0,0,0,0,0,0,0,0,0,0,0,2572.2148410316,0,0,367.1332781498643,0,42.37090009614571,0,1526.7344812967265,0,0,0,0,0,0,0,0,0,0,367.1332781498643,0,2.6890581544031367,0,42.37090009614571,1113.2136631036833,0,2983.04660107024,0,0,0,0,0,0,0,0,0,752.1944597908226,332.27822115275865,0,305.97967361924395,389.4402569433612,418.4349301960807,791.56616902783,435.77866598876835,0,0,327.17029445929984,54.0956479484148,203.6490327829457,0,0,222.22820214216966,0,233.13502752542377,0,0,0,0,0,0,0,0,42.502918997468946,0,0,0,0,0,0,0,0,0,0,0,0,0,0,0,0,0,0,0,0,0,2601.21876063466,0,1527.4979859108669,0,352.9327383476196,0,0,0,0,0,0,0,0,0,0,0,0,0,0,0,2511.5741853054433,0,0,365.7540214217548,0,0,0,0,0,0,0,0,0,1631.1252938470943,0,0,0,0,0,0,0,0,0,0,0,0,0,0,0,0,0,0,0,0.4910573151201851,14.685121308441902,2.7591140008284345,3.6074522641578763,2.7298229088133823
Estado de Mexico,E-025,676.5267249819549,0,489.93879706137227,0,0,0,0,0,0,42.458291266336694,0,0,0,0,0,0,0,0,0,0,0,0,0,0,944.5907584914338,0,0,0,0,0,0,264.3330548182649,0,0,0,0,0,0,0,0,0,0,0,0,0,0,0,264.3330548182649,0,944.5907584914338,0,0,0,0,0,0,0,0,0,405.79206601168875,227.22545514868665,0,31.2821801777592,136.6104341246155,153.93709862199364,223.75323569903418,3.1324520843230133,0,0,0,0,27.19089144161151,0,0,0,0,0,0,0,0,0,0,0,0,0,0,0,0,0,0,0,0,0,0,0,0,0,0,0,0,0,0,0,0,0,0,0,951.8781895074961,0,257.0456238020654,0,0,0,0,0,0,0,0,0,0,0,0,0,0,0,0,0,949.5688512283547,0,0,0,0,0,0,0,0,0,0,0,0,259.3549620812886,0,0,0,0,0,0,0,0,0,0,0,0,0,0,0,0,0,0,0,1.162795627631782,15.575256943027892,3.0950467027083617,4.010634329945301,3.014264714283846
Estado de Mexico,E-028,1314.5175214874107,0,5.778621973883201,0,0,0,0,0,0,5.975813266318427,0,0,0,0,0,0,0,0,0,0,0,0,0,0,1313.4983069913408,0,0,0,0,0,0,12.773649736408121,0,0,0,0,0,0,0,0,0,0,0,0,0,0,0,0,0,1326.271956727749,0,0,0,0,0,0,0,0,0,26.25023928292901,0,0,0,68.84753945009679,0,411.4751118951888,0,0,0,16.709638671854275,30.11168622241902,758.0434516404139,0,0,14.834289564708508,0,0,0,0,0,0,0,0,0,0,0,0,0,0,0,0,0,0,0,0,0,0,0,0,0,0,0,0,0,0,0,0,1319.671709502803,0,6.600247224912927,0,0,0,0,0,0,0,0,0,0,0,0,0,0,0,0,0,1306.4835032731698,0,0,0,0,0,0,0,0,0,0,0,0,19.78845345453136,0,0,0,0,0,0,0,0,0,0,0,0,0,0,0,0,0,0,0,0.7309053447795031,10.218643672449852,4.89267141890619,5.3712033257937675,2.652849217865462
Estado de Mexico,E-045,2193.4231757793386,0,0,0,0,0,76.12827232944039,0,0,709.8676091984029,0,0,0,0,0,0,0,0,0,0,0,0,0,0,2244.804983742663,0,0,265.07507995789064,0,0,0,373.0831128408346,0,96.45588076576738,0,0,0,0,0,0,0,0,0,0,0,0,0,0,265.07507995789064,2617.8880965834974,96.45588076576738,0,0,0,0,0,0,0,0,338.5199869908613,573.3371825281653,0,0,1234.7082962881443,0,0,0,17.89833116353915,0,39.29924313913938,0,409.923200138233,0,57.04095861128653,257.2003507674579,51.38179780565358,0,0,0,0,0,0,0,0,0,0.10970987468306692,0,0,0,0,0,0,0,0,0,0,0,0,0,0,0,0,0,0,0,0,0,2244.8596054601994,0,382.15503915141846,0,281.21060407891963,0,0,0,0,0,0,0,71.19380861659069,0,0,0,0,0,0,0,2222.8284527563173,0,0,261.2149898945256,0,0,0,0,0,0,0,0,0,362.1451138807211,0,0,0,0,133.2305007755353,0,0,0,0,0,0,0,0,0,0,0,0,0,0,0.34052605648836304,13.053651849084655,5.220928569480552,5.591513200336544,3.0908542094631035
Estado de Mexico,E-047,1019.1836357471998,0,0,0,0,0,269.0754566702751,0,0,386.4731820423014,0,0,0,0,0,0,0,0,0,0,0,0,0,0,1080.515445596717,0,0,294.2202052291235,0,0,0,299.9197504602836,0,0.07687317369255406,0,0,0,0,0,0,0,0,0,0,0,0,0,0,294.2202052291235,1380.4351960570007,0.07687317369255406,0,0,0,0,0,0,0,0,416.68746179701554,549.879135184857,0,0,159.74853455761806,0,0,0,0.32011241534354207,0,103.27211161631821,0,35.801485773565545,0,0,349.0219371359896,60.00149597921944,0,0,0,0,0,0,0,0,0,0,0,0,0,0,0,0,0,0,0,0,0,0,0,0,0,0,0,0,0,0,0,1061.631847621047,0,332.94296932259124,0,279.9102672536989,0,0,0,0,0,0,0,0.24719026250903872,0,0,0,0,0,0,0,1068.9704844219318,0,0,309.0258586428952,0,0,0,0,0,0,0,0,0,295.64531611992385,0,0,0,0,1.090615275079398,0,0,0,0,0,0,0,0,0,0,0,0,0,0,0.706080648698014,12.522640975130386,4.665488679453194,4.889553845032895,3.136782989324171
Estado de Mexico,E-027,915.9214288766781,0,0,0,0,0,0,0,0,0,0,0,0,0,0,0,0,0,0,0,0,0,0,0,915.9214288766036,0,0,0,0,0,0,0,0,0,0,0,0,0,0,0,0,0,0,0,0,0,0,0,0,915.9214288766036,0,0,0,0,0,0,0,0,0,125.15705672929452,0,0,0,259.7146510590909,0,0,10.017501432961028,0,0,0,0,521.0322196553207,0,0,0,0,0,0,0,0,0,0,0,0,0,0,0,0,0,0,0,0,0,0,0,0,0,0,0,0,0,0,0,0,0,0,0,915.9214288766323,0,0,0,0,0,0,0,0,0,0,0,0,0,0,0,0,0,0,0,915.9214288766416,0,0,0,0,0,0,0,0,0,0,0,0,0,0,0,0,0,0,0,0,0,0,0,0,0,0,0,0,0,0,0,0,0.4313743012008258,15.017420889013062,6.3969589362461265,6.796060423730155,3.791023055537027
Estado de Mexico,E-060,27.087390488792835,0,155.33340446307633,0,0,0,0,0,0,3213.9998430964692,0,0,0,0,0,0,0,0,0,0,0,0,0,0,346.9530193636108,0,0,228.22249365721052,0,800.0397446306249,0,757.9825712143154,1263.2228091935417,0,0,0,0,0,0,0,0,0,1279.0061024916065,228.22249365721052,0,0,800.0397446306249,427.87941116657703,0,661.2728861132844,0,0,0,0,0,0,0,0,0,328.0091690129409,0,0,28.61972145660746,0,0,181.79241276285396,306.7902653642488,986.8896151024409,0,714.3837019691714,0,460.60152649288443,0,0,99.72043876774849,0,0,0,0,0,0,0,0,0,0,289.61378712003085,0,0,0,0,0,0,0,0,0,0,0,0,0,0,0,0,0,0,0,0,0,361.1680464442663,0,449.1045774861275,0,247.1415670136169,0,0,0,0,291.5505106157475,0,1218.7633536413969,0,0,0,0,0,0,0,0,319.50935339496027,0,0,255.1151334449369,27.87209682476087,0,0,0,0,0,0,323.17462365882733,0,805.6402297293782,1665.1092009957365,0,0,0,0,0,0,0,0,0,0,0,0,0,0,0,0,0,0,0.21407990365607213,4.785209437794133,1.5398976877173607,1.651462623264033,0.877131073668614
Estado de Mexico,E-048,62.84756136887453,0,14.414404994547246,0,0,0,35.524002004280284,0,0,782.1297624250229,0,57.82385391113155,0,0,0,0,0,0,0,0,0,0,0,0,154.65395697480628,0,0,256.00218326383447,0,0,0,542.0834444652311,0,0,0,0,0,0,0,0,0,0,0,0,0,0,0,0,256.00218326383447,696.7374014400374,0,0,0,0,0,0,0,0,0,564.1150970901164,345.90455355436825,0,0,0,0,0,0,0,0,0,0,0,0,0,0.23916040613926803,42.48077365326743,0,0,0,0,0,0,0,0,0,0,0,0,0,0,0,0,0,0,0,0,0,0,0,0,0,0,0,0,0,0,0,166.95135202896859,0,559.3704411089805,0,226.4177915659094,0,0,0,0,0,0,0,0,0,0,0,0,0,0,0,130.36021698487227,0,0,269.5316798481749,0,0,0,0,0,0,0,0,0,552.847687870843,0,0,0,0,0,0,0,0,0,0,0,0,0,0,0,0,0,0,0,0.34723420844462005,8.606494471567089,3.125583220633013,3.472924494147259,2.015319111700543
Estado de Mexico,E-058,807.5655105007669,0,857.0078591214519,0,0,0,0,0,0,604.5273495132193,0,0,0,0,0,0,0,0,0,0,0,0,0,0,1576.534883769134,0,0,0,0,0,0,692.5658353662386,0,0,0,0,0,0,0,0,0,0,0,0,0,0,0,93.27850124167875,0,2175.822217893694,0,0,0,0,0,0,0,0,0,335.08215850001994,373.26529846686503,0,473.5248276247943,251.3305225467659,0,157.58597162904474,515.3742318914954,0,0,0,0,4.31486462024639,0,0,158.6228438561653,0,0,0,0,0,0,0,0,0,0,0,0,0,0,0,0,0,0,0,0,0,0,0,0,0,0,0,0,0,0,0,0,1609.0878507515063,0,415.43558164489525,0,0,0,0,0,0,244.57728673900843,0,0,0,0,0,0,0,0,0,0,1564.8089990998315,0,0,0,0,0,0,0,0,0,0,0,0,704.2917200354987,0,0,0,0,0,0,0,0,0,0,0,0,0,0,0,0,0,0,0,1.2861835980366203,15.80903140304363,4.668134485441971,5.064979436440249,2.3628292046602932
Estado de Mexico,E-067,871.5059007067521,0,46.13742089076511,0,0,0,0,0,0,121.48748569335149,0,0,0,0,0,0,0,0,0,0,0,0,0,0,310.8792433801919,0,0,0,0,0,0,728.2515639106676,0,0,0,0,0,0,0,0,0,0,0,0,0,0,0,0,0,1039.1308072908596,0,0,0,0,0,0,0,0,0,168.03091240405308,597.9305504967772,0,119.11914945651405,117.93917629595863,0,0,0,0,0,0,0,0,0,36.11101863751915,0,0,0,0,0,0,0,0,0,0,0,0,0,0,0,0,0,0,0,0,0,0,0,0,0,0,0,0,0,0,0,0,0,329.7049812380363,0,709.425826052753,0,0,0,0,0,0,0,0,0,0,0,0,0,0,0,0,0,308.8617374251576,0,0,0,0,0,0,0,0,0,0,0,0,730.2690698656392,0,0,0,0,0,0,0,0,0,0,0,0,0,0,0,0,0,0,0,1.8514413998058925,9.231529450699796,4.861268014908647,4.960988880956382,2.393615820065949
Estado de Mexico,E-068,603.9855078782363,0,150.82272603103985,0,0,0,0,0,0,0,0,0,0,0,0,0,0,0,0,0,0,0,0,0,753.3871635281616,0,0,0,0,0,0,1.4210703810831424,0,0,0,0,0,0,0,0,0,0,0,0,0,0,0,0,0,754.8082339092448,0,0,0,0,0,0,0,0,0,0,523.495340335272,0,2.2329605647030357,47.72347266562465,0,0,0,0,0,0,0,0,0,137.80582144259134,43.55063890108695,0,0,0,0,0,0,0,0,0,0,0,0,0,0,0,0,0,0,0,0,0,0,0,0,0,0,0,0,0,0,0,0,746.0284025361206,0,8.779831373079046,0,0,0,0,0,0,0,0,0,0,0,0,0,0,0,0,0,754.0149214235541,0,0,0,0,0,0,0,0,0,0,0,0,0.7933124857022481,0,0,0,0,0,0,0,0,0,0,0,0,0,0,0,0,0,0,0,1.9550440516955667,9.550900684525374,4.268313181849836,4.986963159097192,2.1650725634459205
Estado de Mexico,E-057,1216.8138613506203,0,0,0,0,0,0,0,0,0,0,0,0,0,0,0,0,0,0,0,0,0,0,0,1216.813861350644,0,0,0,0,0,0,0,0,0,0,0,0,0,0,0,0,0,0,0,0,0,0,0,0,1216.813861350644,0,0,0,0,0,0,0,0,0,227.71399786120793,0,0,0,645.399591281387,0,0,16.68529384998065,0,0,0,0,327.0149783580567,0,0,0,0,0,0,0,0,0,0,0,0,0,0,0,0,0,0,0,0,0,0,0,0,0,0,0,0,0,0,0,0,0,0,0,1216.8138613506594,0,0,0,0,0,0,0,0,0,0,0,0,0,0,0,0,0,0,0,1216.8138613506876,0,0,0,0,0,0,0,0,0,0,0,0,0,0,0,0,0,0,0,0,0,0,0,0,0,0,0,0,0,0,0,0,0.38463677220678416,14.810084764908865,5.269405407612214,5.487165017558588,2.7324068633919807
Estado de Mexico,E-050,383.0445045249863,0,385.5515386728891,0,0,0,0,0,0,268.96526753286565,0,67.52825801542568,0,0,0,0,0,0,0,0,0,0,0,0,803.9221499103858,0,0,61.56180578213923,0,0,0,239.60561305368282,0,0,0,0,0,0,0,0,0,0,0,0,0,0,0,0,61.56180578213923,1043.5277629640686,0,0,0,0,0,0,0,0,0,31.35026709082639,685.9481133303524,0,233.9456747881159,55.83821626464477,0,0,0,0,0,0,0,0,0,0,0,98.00729727229556,0,0,0,0,0,0,0,0,0,0,0,0,0,0,0,0,0,0,0,0,0,0,0,0,0,0,0,0,0,0,0,808.8849473786963,0,236.70449127859678,0,59.50013008889413,0,0,0,0,0,0,0,0,0,0,0,0,0,0,0,779.8639029594415,0,0,68.41039554006225,0,0,0,0,0,0,0,0,0,256.8152702467357,0,0,0,0,0,0,0,0,0,0,0,0,0,0,0,0,0,0,0,1.0558193831560843,13.96569571747218,5.40845539547319,5.9161365972995315,3.1640191912776823
Estado de Mexico,E-061,436.87998627427936,0,311.43529656415404,0,0,0,685.6185269139277,0,0,2312.7370118092967,0,0,0,0,0,0,0,0,0,0,0,0,0,0,0,0,189.6099921614472,1521.7208649087825,103.53249880469558,1476.3720308924392,0,252.04893571802208,203.38649907642466,0,0,0,0,0,0,0,0,0,392.99649123787185,1625.2533637134782,0,0,1476.3720308924392,252.04893571802208,0,0,0,0,0,0,0,0,0,0,0,53.755368664573965,0,0,0,0,0,111.04569214570215,801.7801296337815,1675.0282670004733,0,963.1223795487068,0,0,0,0,0.7596345737917749,0,0,0,0,0,0,0,0,0,0,0,52.4268151372185,0,88.75253485759876,0,0,0,0,0,0,0,0,0,0,0,0,0,0,0,0,0,0,0,0,273.41936206213524,0,1398.6987358956349,103.51466726510512,309.56940101053874,0,0,0,0,194.42348248041134,0,0,0,0,0,0,0,0,0,0,0,2113.3048942458076,454.90155194462346,0,0,0,0,0,0,402.63179925695056,0,221.36612877831908,328.73132979900487,0,0,0,0,0,225.735117537132,0,0,0,0,0,0,0,0,0,0,0,0,0.24802592187260825,9.402955025173341,2.6932475821642914,3.0845645280658798,1.987383036196814
Estado de Mexico,E-051,257.61322112241646,0,351.24600787961805,0,0,0,0,0,0,105.89898323884663,0,27.722195262546222,0,0,0,0,0,0,0,0,0,0,0,0,487.2593559060182,0,0,0,0,0,0,255.22105159740642,0,0,0,0,0,0,0,0,0,0,0,0,0,0,0,0,0,742.4804075034247,0,0,0,0,0,0,0,0,0,0,552.1166795536888,0,182.41453628215677,0,0,2.2465826671061575,0,0,0,0,0,0,0,0,0,5.702609000432545,0,0,0,0,0,0,0,0,0,0,0,0,0,0,0,0,0,0,0,0,0,0,0,0,0,0,0,0,0,0,0,476.46233618877784,0,266.0180713146601,0,0,0,0,0,0,0,0,0,0,0,0,0,0,0,0,0,481.39581349807634,0,0,0,0,0,0,0,0,0,0,0,0,261.08459400535224,0,0,0,0,0,0,0,0,0,0,0,0,0,0,0,0,0,0,0,1.9182527627649297,12.526233678206633,4.885677411899362,6.029316232794219,3.007192102462092
Estado de Mexico,E-064,347.68619410708465,0,42.831331173859006,0,0,0,0,0,0,610.9998353996599,0,0,0,0,0,0,0,0,0,0,0,0,0,0,448.06295379629563,0,0,0,0,0,0,553.4544068843363,0,0,0,0,0,0,0,0,0,0,0,0,0,0,0,553.4544068843363,0,448.06295379629563,0,0,0,0,0,0,0,0,0,0,249.64897144233305,0,345.48434456079315,0,0,143.91318187734063,59.938653320390394,0,0,0.8478275419659275,0,0,0,0,201.68438193779915,0,0,0,0,0,0,0,0,0,0,0,0,0,0,0,0,0,0,0,0,0,0,0,0,0,0,0,0,0,0,0,0,419.80264134191873,0,581.7147193387716,0,0,0,0,0,0,0,0,0,0,0,0,0,0,0,0,0,479.7283946988778,0,0,0,0,0,0,0,0,0,0,0,0,521.7889659817503,0,0,0,0,0,0,0,0,0,0,0,0,0,0,0,0,0,0,0,0.27395320840537596,6.769100515360137,3.077353698524533,3.065569946405523,1.5139083428003852
Estado de Mexico,E-065,1473.320435843715,0,0,0,0,0,0,0,0,18.301592791321227,0,0,0,0,0,0,0,0,0,0,0,0,0,0,1394.9180676808512,0,0,0,0,0,0,96.70396095438171,0,0,0,0,0,0,0,0,0,0,0,0,0,0,0,70.28382766487705,0,1421.338200970356,0,0,0,0,0,0,0,0,0,117.37884237896775,38.55521677117367,0,498.67958311930164,31.204988425194355,0,50.83045672981668,0,0,0,0.0034132134786538306,0,213.92987224132435,0,541.0396557558023,0,0,0,0,0,0,0,0,0,0,0,0,0,0,0,0,0,0,0,0,0,0,0,0,0,0,0,0,0,0,0,0,0,1387.3550471181093,0,104.2669815171646,0,0,0,0,0,0,0,0,0,0,0,0,0,0,0,0,0,1396.3674649973436,0,0,0,0,0,0,0,0,0,0,0,0,95.254563637771,0,0,0,0,0,0,0,0,0,0,0,0,0,0,0,0,0,0,0,0.8336972236566337,9.483219446861074,4.837175559257425,4.900258603734684,2.4023497847119812
Estado de Mexico,E-052,11.914830911104083,0,106.79484721234593,0,0,0,0,0,0,489.3634639488074,0,27.78311572634932,0,0,0,0,0,0,0,0,0,0,0,0,85.40390516318949,0,0,0,0,0,0,550.4523526353688,0,0,0,0,0,0,0,0,0,0,0,0,0,0,0,0,0,635.8562577985583,0,0,0,0,0,0,0,0,0,0,535.6480839186044,0,0,0,0,94.8477645804913,0,0,0,0,0,0,0,0,0,5.360409299488441,0,0,0,0,0,0,0,0,0,0,0,0,0,0,0,0,0,0,0,0,0,0,0,0,0,0,0,0,0,0,0,77.3550486304759,0,558.5012091680975,0,0,0,0,0,0,0,0,0,0,0,0,0,0,0,0,0,81.30138309324373,0,0,0,0,0,0,0,0,0,0,0,0,554.5548747053236,0,0,0,0,0,0,0,0,0,0,0,0,0,0,0,0,0,0,0,2.062363492719509,7.147466074561702,3.87056710649032,4.066263984681371,1.3607828160746491
Estado de Mexico,E-055,1810.796600596527,0,0,0,0,0,0,0,0,0,0,0,0,0,0,0,0,0,0,0,0,0,0,0,1803.8727439230368,0,0,0,0,6.923856673574249,0,0,0,0,0,0,0,0,0,0,0,0,0,0,0,0,6.923856673574249,0,0,1803.8727439230368,0,0,0,0,0,0,0,0,0,112.99481591307422,0,0,0,364.6827461661058,0,31.267880413628756,0,0,0,592.5510715722542,0,709.3000865314939,0,0,0,0,0,0,0,0,0,0,0,0,0,0,0,0,0,0,0,0,0,0,0,0,0,0,0,0,0,0,0,0,0,0,0,1810.7966005966384,0,0,0,0,0,0,0,0,0,0,0,0,0,0,0,0,0,0,0,1810.7966005964536,0,0,0,0,0,0,0,0,0,0,0,0,0,0,0,0,0,0,0,0,0,0,0,0,0,0,0,0,0,0,0,0,0.8853910634084009,17.218302487879843,5.405447890365936,5.923806636745138,3.1882183486631863
Estado de Mexico,E-049,0,0,0,0,0,0,463.800201847543,0,0,2595.746513181851,0,240.99000224402988,0,0,0,0,0,0,0,0,0,0,0,0,3.208775622760578,0,0,1469.8592025153257,0,0,0,1349.8904181229573,0,477.5783210124865,0,0,0,0,0,0,0,0,0,80.21778784247542,0,0,0,0,1469.8592025153257,1353.099193745718,397.36053317001114,0,0,0,0,0,0,0,0,1621.3432379027472,365.87280565688144,0,0,0,0,182.53134532500843,0,2.9669147611850573,0,80.11331663159724,0,0,0,0,0,1047.70909699596,0,0,0,0,0,0,0,0,0,0,0,0,0,0,0,0,0,0,0,0,0,0,0,0,0,0,0,0,0,0,0,0.8953426927658223,0,1361.4512432658646,0,1470.592375362051,0,0,0,0,0,0,0,467.59775595269093,0,0,0,0,0,0,0,3.669182688929602,0,0,1464.7568560574473,0,0,0,0,0,0,0,0,0,1271.4353428444865,0,0,0,0,560.6753356826661,0,0,0,0,0,0,0,0,0,0,0,0,0,0,0.12401354191204748,5.7193473843151335,1.4586261600775774,1.8857945757061259,1.4157674512217169
Estado de Mexico,E-056,663.8704833714665,0,0,0,0,0,0,0,0,0.8746620760924564,0,0,0,0,0,0,0,0,0,0,0,0,0,0,664.7451454474938,0,0,0,0,0,0,0,0,0,0,0,0,0,0,0,0,0,0,0,0,0,0,0,0,664.7451454474938,0,0,0,0,0,0,0,0,0,143.53211298806647,24.194220906504434,0,0,167.10118025023414,0,0,0,0,0,292.8444334696676,0,37.07319783307819,0,0,0,0,0,0,0,0,0,0,0,0,0,0,0,0,0,0,0,0,0,0,0,0,0,0,0,0,0,0,0,0,0,0,0,664.7451454475274,0,0,0,0,0,0,0,0,0,0,0,0,0,0,0,0,0,0,0,664.7451454475196,0,0,0,0,0,0,0,0,0,0,0,0,0,0,0,0,0,0,0,0,0,0,0,0,0,0,0,0,0,0,0,0,2.380725870114013,14.547547804862122,6.457253639423209,7.259541464806702,4.059097697965732
Estado de Mexico,E-069,1975.4250893950948,0,28.792819487828734,0,0,0,0,0,0,0,0,0,0,0,0,0,0,0,0,0,0,0,0,0,1977.545557337276,0,0,0,0,26.672351545389,0,0,0,0,0,0,0,0,0,0,0,0,0,0,0,0,26.672351545389,0,0,1977.545557337276,0,0,0,0,0,0,0,0,0,27.525868135053358,24.086037959895396,0,272.0734891946642,1092.9718523489332,0,143.28196668862537,51.70381427229333,0,0,0.17515539882764358,0,349.58747610700783,0,1.2295311530913346,14.90972704458526,0,0,0,0,0,0,0,0,0,0,26.672990579549698,0,0,0,0,0,0,0,0,0,0,0,0,0,0,0,0,0,0,0,0,0,1977.5459001466863,0,0,0,0,0,0,0,0,0,0,0,0,0,0,0,0,0,0,0,2004.2179088829596,0,0,0,0,0,0,0,0,0,0,0,0,0,0,0,0,0,0,0,0,0,0,0,0,0,0,0,0,0,0,0,0,1.2108441565704828,14.950386075451423,5.2281575296248715,5.9803362328531104,3.1966050140350633
Estado de Mexico,E-062,1269.8628435966352,0,0,0,0,0,0,0,0,3676.9972484500804,0,0,0,0,0,0,0,0,0,0,0,0,0,0,1081.7931046273475,0,0,1561.6993578420959,0,444.89281816410966,0,1707.5952254819672,150.87958593095112,0,0,0,0,0,0,0,0,0,150.87958593095112,1561.6993578420959,0,0,444.89281816410966,1707.5952254819672,0,1081.7931046273475,0,0,0,0,0,0,0,0,0,1071.2661046467406,399.61463642354533,0,117.26494594130602,153.93070453372013,0,213.1484352660351,46.73962551192754,1040.2340714300094,0,264.1774991576195,0,0,0,0,1622.405189915093,0,0,0,0,0,0,0,0,0,0,18.07887922044609,0,0,0,0,0,0,0,0,0,0,0,0,0,0,0,0,0,0,0,0,0,1134.6162613941822,0,1624.570014151439,0,1637.935735830298,0,0,0,0,0,0,134.9785932443756,0,0,0,0,0,0,0,0,1039.1737212266007,0,0,1822.5593469975963,0,0,0,0,0,0,0,26.41335307665345,0,1820.0318529545884,238.68181779106092,0,0,0,0,0,0,0,0,0,0,0,0,0,0,0,0,0,0,0.12646948613204056,14.696157424725405,2.586832681959462,3.758751053989194,3.2129086270972076
Estado de Mexico,E-078,888.2468915768462,0,0,0,0,0,0,0,0,5.088444849715044,0,0,0,0,0,0,0,0,0,0,0,0,0,0,850.2983624600416,0,0,0,0,0,0,43.03697396654464,0,0,0,0,0,0,0,0,0,0,0,0,0,0,0,43.03697396654464,0,850.2983624600416,0,0,0,0,0,0,0,0,0,51.12500894652349,52.25854711853478,0,0.3344221066993791,0,0,0,7.294869255928339,0,0,0,0,302.37888141988566,0,417.69337885776633,62.250228721265394,0,0,0,0,0,0,0,0,0,0,0,0,0,0,0,0,0,0,0,0,0,0,0,0,0,0,0,0,0,0,0,0,858.2777356174844,0,35.05760080910154,0,0,0,0,0,0,0,0,0,0,0,0,0,0,0,0,0,847.5791936967647,0,0,0,0,0,0,0,0,0,0,0,0,45.756142729834984,0,0,0,0,0,0,0,0,0,0,0,0,0,0,0,0,0,0,0,2.2930625589596647,15.58618946373732,7.492834500805445,7.367612149137575,3.4253703877026984
Estado de Mexico,E-071,1299.6745318104315,0,0,0,0,0,0,0,0,11.251881204331347,0,0,0,0,0,0,0,0,0,0,0,0,0,0,1310.926413014704,0,0,0,0,0,0,0,0,0,0,0,0,0,0,0,0,0,0,0,0,0,0,0,0,1310.926413014704,0,0,0,0,0,0,0,0,0,353.2045213682728,119.8484913760039,0,0,290.3805044384858,0,0,0,0,0,144.31606205811235,0,251.35017918081698,0,151.82665459305105,0,0,0,0,0,0,0,0,0,0,0,0,0,0,0,0,0,0,0,0,0,0,0,0,0,0,0,0,0,0,0,0,0,1310.9264130147208,0,0,0,0,0,0,0,0,0,0,0,0,0,0,0,0,0,0,0,1310.9264130147378,0,0,0,0,0,0,0,0,0,0,0,0,0,0,0,0,0,0,0,0,0,0,0,0,0,0,0,0,0,0,0,0,0.21975182177550678,13.52619771392494,6.011382832955713,6.4221388198906695,3.5316900549999737
Estado de Mexico,E-070,1101.839875053492,0,0,0,0,0,0,0,0,0,0,0,0,0,0,0,0,0,0,0,0,0,0,0,1101.839875053479,0,0,0,0,0,0,0,0,0,0,0,0,0,0,0,0,0,0,0,0,0,0,0,0,1101.839875053479,0,0,0,0,0,0,0,0,0,11.99987160469149,67.4545214516983,0,0,79.80625849397106,11.220009269183338,0,0,0,0,142.6282141098453,0,788.7310001241278,0,0,0,0,0,0,0,0,0,0,0,0,0,0,0,0,0,0,0,0,0,0,0,0,0,0,0,0,0,0,0,0,0,0,0,1101.8398750534354,0,0,0,0,0,0,0,0,0,0,0,0,0,0,0,0,0,0,0,1101.8398750534889,0,0,0,0,0,0,0,0,0,0,0,0,0,0,0,0,0,0,0,0,0,0,0,0,0,0,0,0,0,0,0,0,0.5840304875599258,12.178666228335478,5.839708355202635,6.130930485716891,3.2466710447486222
Estado de Mexico,E-079,988.2173205464022,0,0,0,0,0,0,0,0,13.60975719003864,0,0,0,0,0,0,0,0,0,0,0,0,0,0,995.4681474976686,0,0,0,0,0,0,6.358930238853024,0,0,0,0,0,0,0,0,0,0,0,0,0,0,0,6.358930238853024,0,995.4681474976686,0,0,0,0,0,0,0,0,0,101.95816447569791,0,0,72.45779720135073,0.38356958505753885,0,0,440.7352986310133,0,0,0,0,379.54802096948214,0,0,6.744226873913376,0,0,0,0,0,0,0,0,0,0,0,0,0,0,0,0,0,0,0,0,0,0,0,0,0,0,0,0,0,0,0,0,998.9062665335543,0,2.920811202934759,0,0,0,0,0,0,0,0,0,0,0,0,0,0,0,0,0,993.8606844325388,0,0,0,0,0,0,0,0,0,0,0,0,7.96639330394678,0,0,0,0,0,0,0,0,0,0,0,0,0,0,0,0,0,0,0,2.0035304016693543,15.152337007493628,7.10873467142348,8.198887009190203,3.949332724956333
Estado de Mexico,E-083,1939.7363205888573,0,863.9561722917788,0,0,0,571.3273927198703,0,0,2766.6610832002716,0,0,0,0,0,0,0,0,0,0,0,0,0,0,1254.2378131492742,0,960.4755214821628,1313.8596220949812,0,1112.6466026394291,0,1500.4614094430967,0,0,0,0,0,0,0,0,0,0,960.4755214821628,1313.8596220949812,0,0,1112.6466026394291,1080.445360311342,0,1674.253862281029,0,0,0,0,0,0,0,0,0,199.34301711601591,339.18217874000277,0,0,156.65186077781095,0,44.8694397545332,1021.7375762353885,1371.105233212011,0,2143.902028765489,0,0,0,0,284.79490272582615,0,0,0,0,0,0,0,0,0,0,71.03431632560635,220.6257861934725,0,78.01704422921358,210.41758472543307,0,0,0,0,0,0,0,0,0,0,0,0,0,0,0,0,0,1235.6911406789695,0,1063.4401038598714,0,1256.1146465495633,0,979.1413141676778,0,0,455.55119018004444,0,0,0,0,0,0,0,0,0,0,1281.8008295044408,0,0,1810.1638533054688,24.309469086127198,0,0,0,0,0,0,490.1777118380453,0,1488.2065164776131,0,0,0,0,0,0,1047.0225885888256,0,0,0,0,0,0,0,0,0,0,0,0,0.10522902574532074,13.881440620190363,3.0632533550549494,4.020860931642185,3.093124402475567
Estado de Mexico,E-073,859.7302374374746,0,0,0,0,0,0,0,0,226.0744289867929,0,0,0,0,0,0,0,0,0,0,0,0,0,0,899.8751549026751,183.15387962049138,0,0,0,0,0,2.775631901143995,0,0,0,0,0,0,0,0,0,183.15387962049138,0,0,0,0,0,0,0,902.6507868038192,0,0,0,0,0,0,0,0,0,0,431.8494358038584,0,0,0.3514319589043186,4.043818986845397,0,0,0,0,13.167042837093437,0,326.9652224183095,0,306.6650941534795,0,2.7626202658162677,0,0,0,0,0,0,0,0,0,0,0,0,0,0,0,0,0,0,0,0,0,0,0,0,0,0,0,0,0,0,0,861.996535032644,0,6.011238151884202,0,0,0,0,0,0,217.79689323985332,0,0,0,0,0,0,0,0,0,0,937.8232687885626,0,0,0,0,146.3863678606415,0,0,0,0,0,0,0,1.5950297751466558,0,0,0,0,0,0,0,0,0,0,0,0,0,0,0,0,0,0,0,1.7063857019547797,10.374718376143331,7.098408721151081,6.590583573463664,2.330017403160453
Estado de Mexico,E-082,949.4682523757972,0,388.60211620385866,0,0,0,0,0,0,838.0569244088634,0,0,0,0,0,0,0,0,0,0,0,0,0,0,880.6920980072059,24.498821623434434,133.06976223109385,317.5722867038781,0,11.444965499877208,0,808.8493589230637,0,0,0,0,0,0,0,0,0,0,133.06976223109385,303.04833280207157,14.523953901806504,0,11.444965499877208,361.72995442316517,0,1352.310324130539,0,0,0,0,0,0,0,0,0,334.91026347550167,179.77866668294294,0,0,317.92649533762534,0,0,0,38.93113819944212,0,932.1602089537848,0,0,0,0,254.25084039177779,0,0,0,0,0,0,0,0,0,0,7.304380550573953,0,0,0,110.8652993969027,0,0,0,0,0,0,0,0,0,0,0,0,0,0,0,0,0,902.8998858281303,33.051338825060554,365.2233371726414,0,365.58186054118653,0,84.97803500300827,0,0,416.79680261614595,0,0,0,0,0,0,0,0,0,0,864.2079524699598,0,0,231.686113000151,0,13.521925457247866,0,0,0,0,11.614470903372146,0,0,843.5009777357641,0,0,0,0,0,0,211.59585342202652,0,0,0,0,0,0,0,0,0,0,0,0,1.0430754388384402,16.242283444062043,4.718362372434854,5.6494695835134605,3.9689145643465515
Estado de Mexico,E-080,1970.6860002350775,0,0,0,0,0,0,0,0,90.67202081842636,0,0,0,0,0,0,0,0,0,0,0,0,0,0,1961.6595166317313,0,0,0,0,0,0,99.69850442199525,0,0,0,0,0,0,0,0,0,0,0,0,0,0,0,0,0,2061.3580210537266,0,0,0,0,0,0,0,0,0,0,137.6714068026064,0,0,137.32391227964033,0,0,91.336307504619,0,0,654.2596136338929,0,728.864618694929,0,0,111.07335599442595,0,0,0,0,0,0,0,0,0,0,0,0,0,0,200.8288061438056,0,0,0,0,0,0,0,0,0,0,0,0,0,0,0,0,0,1964.2871603116594,0,0,0,0,0,0,0,0,97.07086074199927,0,0,0,0,0,0,0,0,0,0,1965.7562628492474,0,0,0,0,0,0,0,0,0,0,0,0,95.6017582044468,0,0,0,0,0,0,0,0,0,0,0,0,0,0,0,0,0,0,0,1.9304620953141267,17.506634556659264,5.855828092679568,6.56110880555516,3.1379411917965054
Estado de Mexico,E-076,1700.5930005471007,0,0,0,0,0,0,0,0,87.54733034729801,0,0,0,0,0,0,0,0,0,0,0,0,0,0,1561.9297851592905,226.21054573517281,0,0,0,0,0,0,0,0,0,0,0,0,0,0,0,5.826647766560883,0,0,0,0,0,0,0,1782.3136831279026,0,0,0,0,0,0,0,0,0,0,275.7696295503985,0,0,0,47.873106095620095,0,0,0,0,121.9203353957071,0,456.2503128341443,0,206.863957136143,0,0,0,0,0,0,0,0,0,0,0,0,0,0,0,659.0256301745593,20.437359707910716,0,0,0,0,0,0,0,0,0,0,0,0,0,0,0,0,1536.607081105894,248.355751208189,0,0,0,0,0,0,0,3.177498580339193,0,0,0,0,0,0,0,0,0,0,1595.5117635073445,0,0,0,0,192.62856738712088,0,0,0,0,0,0,0,0,0,0,0,0,0,0,0,0,0,0,0,0,0,0,0,0,0,0,0,0.3327600300728942,14.458096108942932,6.108674420583273,6.031556186547375,2.9871687330811514
Estado de Mexico,E-077,1667.3373696158192,0,0,0,0,0,0,0,0,168.86170272311372,0,0,0,0,0,0,0,0,0,0,0,0,0,0,1255.5522156949687,580.6468566441893,0,0,0,0,0,0,0,0,0,0,0,0,0,0,0,0,0,0,0,0,0,0,0,1836.199072339158,0,0,0,0,0,0,0,0,0,0,669.5644906117328,0,0,264.4191921452769,0,0,0,0,0,3.5513040180335804,0,266.1295702715637,0,0,0,0,0,0,0,0,0,0,0,0,0,0,0,0,0,632.534515292611,0,0,0,0,0,0,0,0,0,0,0,0,0,0,0,0,0,1226.2931294154325,564.0493929434638,0,0,0,0,0,0,0,45.8565499801363,0,0,0,0,0,0,0,0,0,0,1271.2196492714065,0,0,0,0,564.9794230676814,0,0,0,0,0,0,0,0,0,0,0,0,0,0,0,0,0,0,0,0,0,0,0,0,0,0,0,2.511497288398004,11.965300874054316,6.337559370504851,6.774280401529681,2.6194689239667053
Estado de Mexico,E-090,944.7642622766198,0,0,0,0,0,96.11898632571112,0,0,1428.818675065843,0,0,0,0,0,0,0,0,0,0,0,0,0,0,301.7436768710908,442.6169311633515,0,1019.1786173216518,0,706.1626983121374,0,0,0,0,0,0,0,0,0,0,0,0,0,0,1019.1786173216518,0,706.1626983121374,0,0,744.3606080344423,0,0,0,0,0,0,0,0,0,113.21376178422477,401.0437623854863,0,0,55.51414666814221,0,0,0,742.9804867297339,0,371.2605213891235,0,0,0,0,721.4714623110052,0,0,0,0,0,0,64.21778240062228,0,0,0,0,0,0,0,0,0,0,0,0,0,0,0,0,0,0,0,0,0,0,0,0,0,248.79715607140386,484.8865908933364,0,0,1011.9181873491211,0,0,0,0,0,0,0,0,0,0,0,0,0,0,0,371.60133343843114,0,0,0,0,401.5032961924717,0,0,0,0,1413.8381258282939,282.75916820901085,0,0,0,0,0,0,0,0,0,0,0,0,0,0,0,0,0,0,0,0,0,0.5545889651491613,14.074865784888736,4.282880349889923,4.817017706936746,2.962116925504612
Estado de Mexico,E-081,1064.809947727622,0,0,0,0,0,0,0,0,16.13821149691318,0,0,0,0,0,0,0,0,0,0,0,0,0,0,1077.9478287570619,0,0,0,0,0,0,3.000330467475064,0,0,0,0,0,0,0,0,0,0,0,0,0,0,0,0,0,1080.948159224537,0,0,0,0,0,0,0,0,0,0,26.818768342271692,0,0,419.97198381935965,0,0,0,0,0,547.1120149109802,0,0,0,0,0,0,0,0,0,0,0,1.1889570865852999,0,0,0,0,0,0,0,85.85643506535602,0,0,0,0,0,0,0,0,0,0,0,0,0,0,0,0,0,1080.5757535429627,0,0,0,0,0,0,0,0,0.37240568157201775,0,0,0,0,0,0,0,0,0,0,1073.570458450924,0,0,0,0,0,0,0,0,0,0,0,0,7.377700773630782,0,0,0,0,0,0,0,0,0,0,0,0,0,0,0,0,0,0,0,1.5433859157428513,11.702163182829512,7.4571463270960185,7.381338805645553,2.824082747437069
Estado de Mexico,E-053,673.1943987226525,0,70.44955654673066,0,0,0,272.14521894936723,0,0,2160.8707138738037,0,0,0,0,0,0,0,0,0,0,0,0,0,0,1877.0976493433068,0,0,0,0,25.538738815590644,0,319.8782720277773,954.1452279062962,0,0,0,0,0,0,0,0,1088.7167635831806,0,0,954.1452279062962,0,25.538738815590644,0,0,1108.2591577879036,0,0,0,0,0,0,0,0,0,398.34090048379403,945.3169831909203,0,3.1598282590522735,198.06973946927138,0,99.34360733844652,0,35.10800523372674,0,234.25103983327926,0,8.295540083737434,0,0,225.14982906469479,1029.6244151361252,0,0,0,0,0,0,0,0,0,0,0,0,0,0,0,0,0,0,0,0,0,0,0,0,0,0,0,0,0,0,0,1909.1742323039452,0,262.4478134841362,0,0,0,0,0,0,0,0,966.7488909216173,0,0,0,0,0,0,0,0,796.4407560867106,0,0,0,0,0,0,0,0,0,0,0,0,384.4913177925903,975.8486418520697,1019.8791723616256,0,0,0,0,0,0,0,0,0,0,0,0,0,0,0,0,0,0.07843312411837276,7.242650785747699,2.622431123154213,2.7316980108447964,1.7965790009774452
Estado de Mexico,E-075,567.3823410842987,0,0,0,0,0,4.122253716221684,0,0,593.4493423742124,0,0,0,0,0,0,0,0,0,0,0,0,0,0,460.19423194045874,658.9576621690883,0,0,0,0,0,0,45.80204306534132,0,0,0,0,0,0,0,0,653.1283697510721,5.829292418016155,0,45.80204306534132,0,0,0,0,460.19423194045874,0,0,0,0,0,0,0,0,0,0,207.16582197871736,0,0,0,0,0,0,0,0,110.217116868867,0,0,0,250.16240025526636,0,24.79270028917379,0,0,0,0,0,0,0,0,0,0,0,0,0,73.95477051424851,498.6611272686245,0,0,0,0,0,0,0,0,0,0,0,0,0,0,0,0,437.9450389116192,0,0,0,0,0,0,0,0,667.7577018264495,0,59.25119643682052,0,0,0,0,0,0,0,0,467.4898154943283,0,0,0,0,651.4619965569555,0,0,0,0,0,0,0,0,46.0021251236985,0,0,0,0,0,0,0,0,0,0,0,0,0,0,0,0,0,0,1.5095655867474989,15.314144788428806,6.23936202638759,6.191783428079021,3.7967265045073244
Estado de Mexico,E-091,941.0224619276839,0,0,0,0,0,51.93558359552833,0,0,1441.9469977939675,0,0,0,0,0,0,0,0,0,0,0,0,0,0,273.4436099913332,668.686977568946,0,697.9078882797842,0,794.8665674771022,0,0,0,0,0,0,0,0,0,0,0,0,0,0,697.9078882797842,0,794.8665674771022,0,0,942.1305875602791,0,0,0,0,0,0,0,0,0,0,692.2391932637456,0,0,32.261653430505525,0,0,0,807.8744841683141,0,362.27711106614987,0,0,0,0,428.2204130829561,0,0,0,0,0,0,112.03218830538239,0,0,0,0,0,0,0,0,0,0,0,0,0,0,0,0,0,0,0,0,0,0,0,0,0,246.11279429535705,681.8879328061824,0,0,731.7912564075409,0,0,0,0,0,0,0,0,0,0,0,0,0,0,0,311.2028817035005,0,0,0,0,649.1004526258408,0,0,0,0,894.0875435503439,580.5141654375911,0,0,0,0,0,0,0,0,0,0,0,0,0,0,0,0,0,0,0,0,0,0.8962639913273792,12.832110277374355,3.3985982146021003,4.53603692381295,3.112640055763284
Estado de Mexico,E-054,439.4868378603918,0,0,0,0,0,63.16290350606962,0,0,2050.065326886767,0,0,0,0,0,0,0,0,0,0,0,0,0,0,1721.0575996563139,0,0,0,0,95.81383836718503,0,0,735.8436302298386,0,0,0,0,0,0,0,0,984.8154889507115,0,0,735.8436302298386,0,95.81383836718503,0,0,736.2421107056023,0,0,0,0,0,0,0,0,0,561.9124821560879,967.421384007057,0,0,0,0,133.24131199252042,0,87.433514051833,0,113.87413430819558,0,0,0,0,3.2335993804114165,685.598642357541,0,0,0,0,0,0,0,0,0,0,0,0,0,0,0,0,0,0,0,0,0,0,0,0,0,0,0,0,0,0,0,1703.7057910614953,0,0,0,0,0,0,0,0,0,0,765.9485393585392,0,0,0,0,0,0,0,0,681.7212187364029,0,0,0,0,0,0,0,0,0,0,0,0,0,815.6427784882511,1055.3510710287364,0,0,0,0,0,0,0,0,0,0,0,0,0,0,0,0,0,0.17538135901381027,6.361699065201837,2.3540867637593776,2.4877012787821666,1.5342395397085038
Estado de Mexico,E-093,4680.385484949402,0,0,0,0,0,303.939443626135,0,0,578.6200953104667,0,0,0,0,0,0,0,0,0,0,0,0,0,0,3131.9827630159884,1592.6472727777414,0,0,0,94.55471549343548,0,386.1879004039993,357.5723721950749,0,0,0,0,0,0,0,0,599.0423389262335,287.0686739645153,0,250.23079360107386,0,94.55471549343548,0,0,4224.706923306981,107.34157859400099,0,0,0,0,0,0,0,0,356.56765751138187,2372.256847685686,0,0,1184.001647591048,0,0,181.62889204983475,168.7934945916032,25.18294515948856,645.8584818279184,0,121.56432218902184,0,0,53.84881027458076,211.89381079133008,0,0,0,0,0,0.8602381967841426,0,0,0,0,0,0,0,237.75909921095925,2.728776806341305,0,0,0,0,0,0,0,0,0,0,0,0,0,0,0,0,3145.8166147925936,259.04421609816706,0,0,0,0,0,0,0,1782.645744527953,0,375.4384484674415,0,0,0,0,0,0,0,0,2890.0757099812336,0,0,0,0,1740.8318217231738,0,0,0,0,0,0,0,356.19698486985857,363.3774902484036,212.46301706356365,0,0,0,0,0,0,0,0,0,0,0,0,0,0,0,0,0,0.11092111858135473,13.133868703871299,4.350080592745851,5.056902841662556,2.843871372934312
Estado de Mexico,E-092,1359.32277393756,0,0,0,0,0,0,0,0,1064.7419188457998,0,0,0,0,0,0,0,0,0,0,0,0,0,0,776.9046381721001,644.5073131121026,0,772.5982521695654,0,230.0544893295812,0,0,0,0,0,0,0,0,0,0,0,0,2.7141156887299513,0,769.8841364808354,0,230.0544893295812,0,0,1421.4119512842026,0,0,0,0,0,0,0,0,0,0,491.67692396199914,0,0,165.40640276134215,0,0,0,347.77806351965006,0,695.118484625866,0,0,0,0,700.6740114842734,0,0,0,0,0,0,0,0,0,0,0,0,0,0,0,0,23.410806430189936,0,0,0,0,0,0,0,0,0,0,0,0,0,0,0,830.450650112717,580.6650684212274,0,0,781.2211782512564,0,0,0,0,0,0,0,0,0,0,0,0,0,0,0,729.3483110128451,0,0,0,0,708.9588518390793,0,0,0,0,923.6516259709629,62.105903960429686,0,0,0,0,0,0,0,0,0,0,0,0,0,0,0,0,0,0,0,0,0,0.15686595428120842,19.54980826875702,3.2236595894159388,4.827967196551373,3.917119899358583
Estado de Mexico,E-074,692.9595082959332,0,0,0,0,0,419.7566898959121,0,0,1132.8309014815063,0,0,0,0,0,85.09601241660006,0,0,0,0,0,0,0,0,540.702142152461,968.6403674538489,0,0,0,0,0,21.322012175399017,799.978590308287,0,0,0,0,0,0,0,0,968.6403674538489,0,0,799.978590308287,0,0,0,0,562.0241543278601,0,0,0,0,0,0,0,0,0,0,461.5734209305799,0,0,0,29.526353385814723,0,0,23.40724625247829,0,420.97378888874704,0,114.5139094767942,0,189.17401285982461,0,403.0272239056559,0,0,0,0,0,0,0,0,0,0,0,0,0,186.0286964802244,502.41845990970063,0,0,0,0,0,0,0,0,0,0,0,0,0,0,0,0,530.880460619475,0,15.31033714012816,0,0,0,0,0,0,961.3726959564276,0,823.0796183738952,0,0,0,0,0,0,0,0,536.7465877725991,0,0,0,0,965.4675217569696,0,0,0,0,0,0,0,28.25772676957141,800.171275790575,0,0,0,0,0,0,0,0,0,0,0,0,0,0,0,0,0,0,0.12401354191204748,12.822359655850368,2.633836263068236,4.048772752716286,3.6199269124487103
Estado de Mexico,E-072,454.5729058166859,0,0,0,0,0,269.32470549495736,0,0,1268.5349729997183,0,0,0,0,0,263.3248885763842,0,0,0,0,0,0,0,0,1182.282362758557,0,0,0,0,0,0,192.93920826087432,880.5359018681057,0,0,0,0,0,0,0,0,0,0,0,867.0343120703243,0,0,0,0,1375.2215710194312,13.501589797781412,0,0,0,0,0,0,0,0,380.7861658572731,534.1427546292674,0,0,93.41004317659514,0,0,164.65140390497953,197.0956465611822,0,1.0690281791132579,0,6.35506182172932,0,149.49352269579384,0,428.3536924402295,0,0,0,0,0,0,0,0,0,0,0,0,0,0,300.4001536216935,0,0,0,0,0,0,0,0,0,0,0,0,0,0,0,0,1159.0690538796189,0,194.15301708882598,0,0,0,0,0,0,0,0,902.5354019191766,0,0,0,0,0,0,0,0,1189.318407088855,0,0,0,0,0,0,0,0,0,0,0,0,190.06912771762637,876.3699380810124,0,0,0,0,0,0,0,0,0,0,0,0,0,0,0,0,0,0,0.03921658043148491,11.063992421062085,1.9786824936724872,2.6665192148273302,2.7698897053097626
Estado de Mexico,E-096,564.7231815463044,0,0,0,0,0,0,0,0,39.88965301127554,0,0,0,0,0,0,0,0,0,0,0,0,0,0,583.8521816909291,0,0,20.76065286663567,0,0,0,0,0,0,0,0,0,0,0,0,0,0,0,0,20.76065286663567,0,0,0,0,583.8521816909291,0,0,0,0,0,0,0,0,0,0,165.376304904399,0,0,0,0,0,0,0,0,29.657700090989767,0,0,0,0,403.03716145690714,0,0,0,0,0,0,0,0,0,0,0,0,0,0,0,0,6.541668105300654,0,0,0,0,0,0,0,0,0,0,0,0,0,0,0,580.5930395142295,0,0,0,24.01979504331921,0,0,0,0,0,0,0,0,0,0,0,0,0,0,0,588.2266758889891,0,0,0,0,0,0,0,0,0,16.386158668575533,0,0,0,0,0,0,0,0,0,0,0,0,0,0,0,0,0,0,0,0,0,0,2.531936326011788,17.205439051352723,8.885986728884987,8.742143746732417,4.0710562985944
Estado de Mexico,E-097,291.3814188410939,0,0,0,0,0,0,0,0,524.4647638485565,0,0,0,0,0,0,0,0,0,0,0,0,0,0,148.37819578170604,0,0,607.7792267242282,0,0,0,59.688760183757246,0,0,0,0,0,0,0,0,0,0,61.937034989923475,0,545.8421917343047,0,0,0,0,148.37819578170604,59.688760183757246,0,0,0,0,0,0,0,0,102.13819180034757,62.15878108772256,0,0,0,0,0,0,6.794396508538837,0,194.01823446851807,0,0,0,0,450.73657882454825,0,0,0,0,0,0,0,0,0,0,0,0,0,0,0,0,0,0,0,0,0,0,0,0,0,0,0,0,0,0,0,0,128.69311932865978,0,95.63358768590687,0,591.5194756751624,0,0,0,0,0,0,0,0,0,0,0,0,0,0,0,176.46804485358754,0,0,0,0,0,0,0,0,0,608.2231095424937,0,0,31.155028293617722,0,0,0,0,0,0,0,0,0,0,0,0,0,0,0,0,0,0,0,0.6286644791095612,19.572030598956143,3.0014407998683654,4.381751031136184,4.436117924877427
Estado de Mexico,E-095,1274.8537065490589,0,0,0,0,0,0,0,0,0,0,0,0,0,0,0,0,0,0,0,0,0,0,0,856.5078404350684,415.6605788450045,0,0,0,0,0,2.685287268905186,0,0,0,0,0,0,0,0,0,0,0,0,0,0,0,0,0,1272.1684192800728,2.685287268905186,0,0,0,0,0,0,0,0,0,709.6801516693178,0,0,32.9758342570327,0,0,0,0.7461287661127174,0,0,0,0,0,0,291.79574681568437,0,0,0,0,0,126.52132077241471,0,0,0,0,0,0,0,0,58.08019088102533,0,55.054333387389725,0,0,0,0,0,0,0,0,0,0,0,0,0,0,0,797.2065614589378,470.66416623075236,6.9829788593031425,0,0,0,0,0,0,0,0,0,0,0,0,0,0,0,0,0,911.1423277621017,0,0,0,0,0,0,0,0,0,0,0,0,0.05187319130332968,0,0,0,0,0,0,0,363.6595055955767,0,0,0,0,0,0,0,0,0,0,0,1.5454750661598715,14.006073022781571,6.857852847585424,7.09202494928797,3.0356980163064113
Estado de Mexico,E-098,17.915707242260513,0,0,0,0,0,0,0,0,463.29704182397893,0,0,0,0,0,0,0,0,0,0,0,0,0,0,0,0,0,405.73537700843406,0,75.47737205781368,0,0,0,0,0,0,0,0,0,0,0,0,213.93588966973724,0,191.79948733869685,0,75.47737205781368,0,0,0,0,0,0,0,0,0,0,0,0,134.83624253368117,0,0,0,0,0,0,0,213.99161549771426,0,0.3136874773480712,0,0,0,0,34.539461690675374,0,0,0,0,0,0,0,0,0,0,0,97.53174186681969,0,0,0,0,0,0,0,0,0,0,0,0,0,0,0,0,0,0,0,0,0,0,0,0,380.2988663996193,0,0,0,0,0,0,0,0,0,0,0,0,0,0,0,0,0,0,0,0,0,0,0,0,0,481.2127490662146,0,0,0,0,0,0,0,0,0,0,0,0,0,0,0,0,0,0,0,0,0,0,1.076723852829733,5.9662914632010695,2.503510745012585,2.869160592923936,1.3241072409319972
Estado de Mexico,E-094,4115.504680054513,0,0,0,142.0873355820564,0,526.4743542084217,0,0,1135.0184967794712,0,0,0,0,0,38.472866808022836,0,0,0,0,0,0,0,0,3493.7779208286556,146.2826463435992,0,0,0,0,0,1682.8199878303367,634.6771784299468,0,0,0,0,0,0,0,0,1365.9429450383343,456.73381831739545,0,124.24913043640413,0,0,0,0,3500.2037916468616,510.4280479935427,0,0,0,0,0,0,0,0,566.0688431460079,2428.3026343812253,0,0,1006.5141476269073,411.2173412391313,0,0,0,0,385.72284842461585,11.879251185847238,0,0,0,513.3843397536286,0,0,0,0,0,0.1521809010695989,0,0,0,0,0,0,0,0,294.9024500987028,339.41369667568785,0,0,0,0,0,0,0,0,0,0,0,0,0,0,0,0,3511.8442410738194,7.0954789980925534,346.1562411327986,0,0,0,0,0,0,1473.153065584075,0,619.3087066436605,0,0,0,0,0,0,0,0,3457.984563314693,0,0,0,0,162.84155637529676,0,0,0,0,0,0,0,1679.6366422734864,652.7777799760466,0,0,0,0,0,0,4.317191493011192,0,0,0,0,0,0,0,0,0,0,0,0.07015272765063629,13.192111012963666,5.503712584805657,5.756744599159742,3.084238620179081
Estado de Mexico,E-101,808.491646898418,0,0,0,0,0,629.7066259821884,0,0,595.3288860698817,0,0,0,0,0,969.9913228555585,0,0,0,0,0,0,0,0,208.62335030072865,0,0,621.0414792213671,0,0,0,1044.4668548823372,1129.3867974015307,0,0,0,0,0,0,0,0,630.2394498829203,414.2274049994169,0,728.596273938756,0,0,0,0,208.62335030072865,400.79052346277473,0,621.0414792213671,0,0,0,0,0,0,404.78892727560935,551.738082707669,0,0,157.95064305156404,0,0,0,94.95026648325418,0,53.486901736086864,179.34519754622303,0,0,0,254.20298848140771,0,0,0,0,0,0,0,0,0,0,0,0,0,0,36.236058043209994,966.0755554858334,0,304.7438609949896,0,0,0,0,0,0,0,0,0,0,0,0,0,0,217.8105620866054,0,384.93663532724355,0,670.410743540431,0,0,0,0,621.2235131634012,0,1109.1370276882915,0,0,0,0,0,0,0,0,194.95413166255886,0,0,0,0,0,0,0,0,0,0,0,0,1063.6189095194238,1140.1888811234548,0,0,0,0,0,0,0,604.7565595004611,0,0,0,0,0,0,0,0,0,0,0,16.540603896458048,1.6219381029978086,3.5697590619485813,4.283894536530816
Estado de Mexico,E-100,1693.8852299475905,0,0,0,139.1846051742295,0,0,0,0,34.89075787882487,0,0,0,0,0,0,0,0,0,0,0,0,0,0,894.1464105935794,566.303596365897,0,0,0,0.022560776382366268,0,407.4880252648374,0,0,0,0,0,0,0,0,0,0,0,0,0,0,0.022560776382366268,0,0,1460.4500069594765,407.4880252648374,0,0,0,0,0,0,0,0,28.263973787632178,1113.740329005165,0,0,488.1291787946202,0,0,0,53.52091863245912,0,10.929396874250626,18.32553819507252,0,0,0,150.47048451255557,0,0,0,0,0,4.580773198975338,0,0,0,0,0,0,0,0,0,0,0,0,0,0,0,0,0,0,0,0,0,0,0,0,0,0,904.6016073952248,521.1299852561812,431.17136425850003,0,0,0,0,0,0,0,0,0,0,0,0,0,0,0,0,0,897.4641560865606,0,0,0,0,0,0,0,0,0,0,0,0,362.91872987604347,0,0,0,0,0,0,0,607.5777070381225,0,0,0,0,0,0,0,0,0,0,0,0.42236791259478734,13.0855780971619,5.8105994509509,5.985456002299917,3.335402539011063
Estado de Mexico,E-103,929.8557553924635,0,0,0,72.28659524297714,0,142.77279478651266,0,0,137.5518363682393,0,0,0,0,0,6.1263257328002085,0,0,0,0,0,0,0,0,743.6749692783178,0,0,39.01444111304223,158.04980663064504,0,0,247.8461694703114,100.00792103065645,0,0,0,0,0,0,0,0,26.253937108182715,0,0,100.00792103065645,0,0,0,0,965.2672016404465,0,158.04980663064504,39.01444111304223,0,0,0,0,0,0,85.44616115066968,296.58578951265184,0,130.10348573782485,381.10097406533515,3.283520149956343,0,0,79.50614399527977,4.692509183587832,0.029438231358377278,0,0,0,0,0,0,0,0,0,0,0,0,0,0,0,0,0,0,0,198.75550084915537,109.0897846471279,0,0,0,0,0,0,0,0,0,0,0,0,0,0,0,0,752.5265931227029,0,208.57905023369133,0,39.12723833488739,178.33787528005058,0,0,0,16.29259002576909,0,93.72996052587544,0,0,0,0,0,0,0,0,736.6377099961817,0,0,0,143.6846912456646,0,0,0,0,0,0,0,0,262.70692686413133,104.49463012267717,0,0,0,0,0,0,0,41.06934929434917,0,0,0,0,0,0,0,0,0,0,0.3137295569577806,14.449219674400885,6.531996562151775,6.15628461987228,3.5034221363617664
Estado de Mexico,E-102,409.4119420657256,0,0,0,0,0,339.11954125867715,0,0,130.93917329403075,0,0,0,0,0,302.8691225250614,0,0,0,0,0,0,0,0,100.73182777688513,0,0,366.585013553015,67.3747699527912,0,0,374.20041285146124,273.44775500933514,0,0,0,0,0,0,0,0,281.68442977210975,0,0,273.44775500933514,0,0,0,0,193.2478108562366,0,67.3747699527912,366.585013553015,0,0,0,0,0,0,317.2243515133993,139.26545258980127,0,0,6.904265095285271,0,0,0,0,0,12.143864123757304,0,0,0,0,0,0,0,0,0,0,0,0,0,0,0,0,0,0,0,293.5999175560878,413.2019282651268,0,0,0,0,0,0,0,0,0,0,0,0,0,0,0,0,100.99476977853188,0,105.524881178669,0,372.02187814595953,81.30778857984137,0,0,0,275.36059083471554,0,247.12987062575758,0,0,0,0,0,0,0,0,97.44747615430215,0,0,0,59.55055732205777,0,0,0,0,0,0,0,0,365.6337092981213,292.563084773747,0,0,0,0,0,0,0,367.14495159526155,0,0,0,0,0,0,0,0,0,0,0,11.516181356471838,2.6220675526527573,3.8834427795049833,4.110915063503927
Ciudad de Mexico,M-004,42.709423154400866,0,0,0,0,0,0,0,0,579.2747988937161,0,0,0,0,0,0,0,0,0,0,0,0,0,0,0,0,0,565.0185929135433,0,56.96562913459895,0,0,0,0,0,0,0,0,0,0,0,0,0,0,565.0185929135433,0,56.96562913459895,0,0,0,0,0,0,0,0,0,0,0,0,0,377.8400565475796,0,0,1.8348773020740683,0,0,0,192.43160794256383,0,0,0,0.016297102413735134,0,0,0,0,0,0,0,0,0,0,0,0,0,0,49.86138315359261,0,0,0,0,0,0,0,0,0,0,0,0,0,0,0,0,0,0,0,0,1.151875738695178,0,0,0,560.0396329367982,0,0,0,0,0,0,0,0,0,0,0,0,0,0,0,0,0,0,0,0,0,0,0,0,0,621.9842220481529,0,0,0,0,0,0,0,0,0,0,0,0,0,0,0,0,0,0,0,0,0,0,2.3068744982666214,9.462387452280772,3.769983033057289,4.788661734879857,2.571682633932833
Estado de Mexico,E-099,1174.7531657754591,0,0,0,0,0,0,0,0,1387.4634581624025,0,0,0,0,0,0,0,0,0,0,0,0,0,0,766.9726272417467,359.20837390726086,0,980.3690887333569,0,92.03714684585353,0,363.6293872095932,0,0,0,0,0,0,0,0,0,0,123.68953797494889,0,856.679550758408,0,92.03714684585353,0,0,1126.1810011490077,363.6293872095932,0,0,0,0,0,0,0,0,76.00319639645426,1151.3792083524884,0,0,359.99988246627805,0,0,0,199.704641359526,0,4.294423661052416,97.75080847380629,0,0,242.18318236304287,101.13979584902944,0,0,0,0,0,0,0,0,0,0,0,329.7614850162964,0,0,0,0,0,0,0,0,0,0,0,0,0,0,0,0,0,0,0,0,810.1566838345431,348.64804964781746,299.6957861452226,0,1022.7172990383029,0,0,0,0,0,0,0,0,0,0,0,0,0,0,0,729.0214434133565,0,0,0,0,0,0,0,0,0,961.4857882897634,0,0,495.96053849198466,0,0,0,0,0,0,0,375.7488537427747,0,0,0,0,0,0,0,0,0,0,0,0.5061695200369961,12.178630576652207,4.742482049726707,5.29653405164822,3.0703806398594775
Estado de Mexico,E-104,1432.1631898008432,0,0,0,106.54726358535726,0,14.209273067389274,0,0,59.585502756585804,0,0,0,0,0,0,0,0,0,0,0,0,0,0,1436.5629214113299,0,0,0,68.98740978599777,0,0,103.25282293316766,3.7020750796915274,0,0,0,0,0,0,0,0,0,0,0,3.7020750796915274,0,0,0,0,1539.8157443444975,0,68.98740978599777,0,0,0,0,0,0,0,97.81507224722765,276.4198860774462,0,26.946544607513726,743.8184090154666,248.03152047120352,0,0,32.618275428212634,15.577695876656234,164.58038625831315,0,0,0,6.6974392280950985,0,0,0,0,0,0,0,0,0,0,0,0,0,0,0,0,0,0,0,0,0,0,0,0,0,0,0,0,0,0,0,0,0,1444.5729617979232,0,0,0,0,53.448416947827724,0,0,0,109.02801398059341,0,5.455836483792246,0,0,0,0,0,0,0,0,1425.2352179356997,0,0,0,82.60402038027107,0,0,0,0,0,0,0,0,101.96588128306541,2.700109611151226,0,0,0,0,0,0,0,0,0,0,0,0,0,0,0,0,0,0,1.1854436416136176,12.68471839297349,5.4321463153998994,5.70218159032914,2.533396524974433
Ciudad de Mexico,M-011,129.38421113093813,0,0,0,0,0,0,0,0,919.3700402791502,0,0,0,0,0,0,0,0,0,0,0,0,0,0,0,0,0,8.859967957745496,0,1039.8942834523614,0,0,0,0,0,0,0,0,0,0,0,0,0,0,8.859967957745496,0,1039.8942834523614,0,0,0,0,0,0,0,0,0,0,0,0,0,0,0,0,2.7871412953322103,0,0,0,1011.3385395792906,0,0,0,0,0,0,0,0,0,0,0,0,0,34.628570535496266,0,0,0,0,0,0,0,0,0,0,0,0,0,0,0,0,0,0,0,0,0,0,0,0,0,0,0,0,0,11.349153036529868,0,0,0,0,0,0,0,0,0,0,0,0,0,0,0,0,0,0,0,0,0,0,0,0,0,702.2245061690066,346.5297452411045,0,0,0,0,0,0,0,0,0,0,0,0,0,0,0,0,0,0,0,0,0,1.4941167921532774,13.67159261982797,3.2102217708454215,3.9943663005375045,2.4106153516440143
Estado de Mexico,E-154,0,0,0,0,493.09803227476806,0,0,0,0,0,0,0,0,0,56.27259680456806,0,0,0,0,0,0,0,0,0,0,0,450.4259037446552,0,0,98.94472533460934,0,0,0,0,0,0,0,0,0,0,0,0,450.22852469598894,0,0.19737904866629818,0,98.94472533460934,0,0,0,0,0,0,0,0,0,0,0,0,0,0,0,0,0,0,0,0,469.39469394057375,0,49.542972946287875,0,30.432962192477873,0,0,0,0,0,0,0,0,0,0,0,0,0,0,0,0,0,0,0,0,0,0,0,0,0,0,0,0,0,0,0,0,0,0,0,0,0,0,0.031823956242446105,0,0,431.0158928909574,0,0,0,0,0,0,0,0,0,0,0,0,0,0,0,549.3706290793165,0,0,0,0,0,0,0,0,0,0,0,0,0,0,0,0,0,0,0,0,0,0,0,0,0,0,0,0,0,0,2.5471574199055906,9.77378205059212,5.376465640073207,5.506713414322721,2.348479340797804
Ciudad de Mexico,M-002,508.46190665052376,0,0,0,0,0,0,0,0,553.0351591026757,0,0,0,0,0,0,0,0,0,0,0,0,0,0,507.5659754645389,0,0,490.76979690114786,0,63.161293387193375,0,0,0,0,0,0,0,0,0,0,0,0,0,0,490.76979690114786,0,63.161293387193375,0,0,507.5659754645389,0,0,0,0,0,0,0,0,0,0,338.54870779144846,0,0,350.5346910087157,101.28308981761339,0,0,180.73778260941063,0,0,0,0,0,0,0,0,0,0,0,0,0,0,0,0,0,0,90.39279452586665,0,0,0,0,0,0,0,0,0,0,0,0,0,0,0,0,0,0,0,0,534.7145261937384,0,0,0,453.25121081089884,0,0,0,0,0,0,0,0,0,0,0,0,0,0,0,488.66800954672055,0,0,0,0,0,0,0,0,0,572.8290562062093,0,0,0,0,0,0,0,0,0,0,0,0,0,0,0,0,0,0,0,0,0,0,1.6659353811720172,9.339240255540107,4.039124119151254,4.195852847564009,1.6262495101619394
Ciudad de Mexico,M-005,717.4982845427126,0,0,0,0,0,108.69720957934256,0,0,1224.6117157525334,0,0,0,0,0,0,0,0,0,0,0,0,0,0,632.4049300831151,0,0,211.75109185903443,0,1206.6511879325985,0,0,0,0,0,0,0,0,0,0,0,0,0,0,211.75109185903443,0,1206.6511879325985,0,0,632.4049300831151,0,0,0,0,0,0,0,0,0,0,221.14653811775534,0,0,535.5911920607855,0,0,0,1259.4192350856422,0,0,23.54795726619368,11.064522936317704,0,0,0,0,0,0,0,0,0,0,0,0,0,0,0.0377644080594612,0,0,0,0,0,0,0,0,0,0,0,0,0,0,0,0,0,0,0,0,651.2622063710253,0,0,0,166.105659533935,0,0,0,0,0,0,0,0,0,0,0,0,0,0,0,614.4809611963037,0,0,0,0,0,0,0,0,0,715.8526679708112,720.4735807074964,0,0,0,0,0,0,0,0,0,0,0,0,0,0,0,0,0,0,0,0,0,0.561478094854906,16.313543437826212,4.162143069794512,5.594867165989809,4.123551499858756
Ciudad de Mexico,M-010,242.85409592794392,0,0,0,0,0,0,416.57149170013577,0,867.9898084129701,0,0,0,0,0,0,0,0,0,0,0,0,0,0,219.69613349705418,0,0,126.85813122480432,0,1180.8611313191234,0,0,0,0,0,0,0,0,0,0,0,0,0,0,126.85813122480432,0,1180.8611313191234,0,0,219.69613349705418,0,0,0,0,0,0,0,0,0,0,19.644265350294013,0,0,228.15094312825275,0,0,0,1265.3221861745349,0,0,14.298001387943534,0,0,0,0,0,0,0,0,0,0,0,0,0,0,0,0,0,0,0,0,0,0,0,0,0,0,0,0,0,0,0,0,0,0,0,0,225.9751554413629,0,0,0,134.92812641949772,0,0,0,0,0,0,0,0,0,0,0,0,0,0,0,213.06578994799406,0,0,0,0,0,0,0,0,0,277.11480950594375,1037.234796587049,0,0,0,0,0,0,0,0,0,0,0,0,0,0,0,0,0,0,0,0,0,1.1418530449274538,18.67739956467767,2.636687848615331,4.813616405113079,4.6095790633156355
Estado de Mexico,E-105,621.7865518862232,0,0,0,0,0,155.97020794499093,315.7263348516879,0,0,0,0,0,0,0,0,0,0,0,0,0,0,0,0,204.78172563732412,0,0,339.1777726217037,9.60284977777959,48.08586688003472,0,410.95120687316967,80.88367289286535,0,0,0,0,0,0,0,0,0,0,0,80.88367289286535,0,48.08586688003472,0,0,615.7329325104938,0,348.78062239948326,0,0,0,0,0,0,0,593.4163016768823,78.16476172081278,0,0,8.0946269050604,327.0678871544701,0,0,67.29322788720447,0,0,19.446289338445318,0,0,0,0,0,0,0,0,0,0,0,0,0,0,0,0,0,0,0,0,0,0,0,0,0,0,0,0,0,0,0,0,0,0,0,0,176.7103745739917,0,0,0,367.9612339501919,3.3663378064614764,0,0,0,426.95631797560515,0,70.54579670696073,0,0,0,0,0,0,0,0,223.10745919236024,0,0,325.5539170785843,14.361580831434582,0,0,0,0,0,0,0,0,415.016110916143,115.44402666437449,0,0,0,0,0,0,0,0,0,0,0,0,0,0,0,0,0,0,0.23595088999856795,13.640766110319644,5.252392172174663,5.076906377601151,3.5359280636711343
Ciudad de Mexico,M-003,1665.0819074863946,0,0,0,0,0,0,0,0,825.2370930136069,0,0,0,0,0,0,0,0,0,0,0,0,0,0,1793.2951823376125,0,0,527.0939169321034,0,169.92990123025893,0,0,0,0,0,0,0,0,0,0,0,0,0,0,527.0939169321034,0,169.92990123025893,0,0,1793.2951823376125,0,0,0,0,0,0,0,0,0,0,301.68216227728044,0,0,1558.8315195961047,240.72730349521302,0,0,198.4712753834402,0,57.84558227070936,132.761157477161,0,0,0,0,0,0,0,0,0,0,0,0,0,0,0,0,0,0,0,0,0,0,0,0,0,0,0,0,0,0,0,0,0,0,0,0,1805.9587613656586,0,0,0,570.4596563484146,0,0,0,0,0,0,0,0,0,0,0,0,0,0,0,1781.2648942589913,0,0,0,0,0,0,0,0,0,709.0541062409558,0,0,0,0,0,0,0,0,0,0,0,0,0,0,0,0,0,0,0,0,0,0,1.0009586611637946,17.55922730112007,5.537430171135656,5.888178120550936,3.297645566386369
Ciudad de Mexico,M-022,0,0,0,0,0,0,4.645271771546341,67.90744946997518,0,0,0,0,0,0,0,0,0,0,0,0,0,0,0,0,0,0,0,0,0,72.55272124148959,0,0,0,0,0,0,0,0,0,0,0,0,0,0,0,0,72.55272124148959,0,0,0,0,0,0,0,0,0,0,0,0,0.22344599669742435,0,0,0,0,0,0,0,72.32927524479923,0,0,0,0,0,0,0,0,0,0,0,0,0,0,0,0,0,0,0,0,0,0,0,0,0,0,0,0,0,0,0,0,0,0,0,0,0,0,0,0,0,0,0,0,0.20286647340523536,0,0,0,0,0,0,0,0,0,0,0,0,0,0,0,0,0,31.079539991558658,0,0,0,0,0,0,0,41.4731812499334,0,0,0,0,0,0,0,0,0,0,0,0,0,0,0,0,0,0,0,0,0,2.174821753102197,2.174821753102197,2.174821753102197,2.174821753102197,NA
Estado de Mexico,E-107,2532.059235698877,0,0,0,1151.5801860051934,0,0,64.69956636909549,0,0,0,0,0,0,0,0,0,0,0,0,0,0,0,0,3255.19673770283,0,0,65.92093353792781,0,10.009035403904246,0,417.21228142870393,0,0,0,0,0,0,0,0,0,0,362.81652989102,0,0,0,10.009035403904246,0,0,3309.5924892405137,0,65.92093353792781,0,0,0,0,0,0,0,507.43654513812743,94.60409711098602,0,0,1707.843967915601,328.00103589638996,0,0,63.27164949767159,0,767.5747768705443,218.96251538728274,0,0,50.64656443122826,0,0,0,0,0,0,0,0,0,0,0,9.997835825502511,0,0,0,0,0,0,0,0,0,0,0,0,0,0,0,0,0,0,0,0,0,3244.4045391061804,0,0,0,54.161427012133416,0,0,0,0,432.10272803012055,0,7.661248401715706,0,0,0,0,0,0,0,0,3269.719997919466,0,0,75.55930234628264,0,0,0,0,0,0,0,0,0,403.0596878075909,0,0,0,0,0,0,0,0,0,0,0,0,0,0,0,0,0,0,0,0.2455331664463351,12.16989238128721,5.39478831486856,5.815071608285006,2.8872348525413942
Estado de Mexico,E-106,53.95028554095839,0,0,0,250.10301235212847,0,813.5436582161392,710.7775293619544,0,0,0,0,0,0,0,0,0,0,0,0,0,0,0,0,28.903148061959413,0,0,1466.1200271291223,0,190.7582001922248,0,71.73934682111577,70.85376326677203,0,0,0,0,0,0,0,0,0,20.517970310227344,885.7503838547386,70.85376326677203,0,190.7582001922248,0,0,80.12452457284785,0,518.5471059617444,61.82253731263923,0,0,0,0,0,0,1078.9156178159542,34.52318058484854,0,0,0,50.17210385532071,0,0,588.7505123651986,0,0,0,0,0,0,0,0,0,0,0,0,0,0,0,0,0,0,0,0,0,0,76.01307084989976,0,0,0,0,0,0,0,0,0,0,0,0,0,0,0,0,31.77887934436977,0,0,0,1450.2910470011636,0,0,0,0,44.88275866893026,0,99.15338991465197,0,0,0,0,0,0,0,0,27.164892278885546,0,0,1572.8520062907207,0,0,0,0,0,0,0,0,0,77.6723432683209,73.89344266004363,0,0,0,0,0,0,0,76.79180097320767,0,0,0,0,0,0,0,0,0,0,0.03921658043148491,7.467240201031024,1.938959160750938,1.757527770978973,1.629089060463157
Ciudad de Mexico,M-001,1565.4936318409257,0,0,0,22.82248868128487,0,0,0,0,418.58414174352527,0,0,0,0,0,0,0,0,0,0,0,0,0,0,1632.5089882183781,0,0,374.3912740472427,0,0,0,0,0,0,0,0,0,0,0,0,0,0,0,0,374.3912740472427,0,0,0,0,1632.5089882183781,0,0,0,0,0,0,0,0,0,28.672951434052514,408.090048447713,0,0,815.8865770856952,0,0,0,55.0549309824069,0,1.8560320034805327,393.9127422361284,0,0,106.74730234827071,0,0,0,0,0,0,0,0,0,0,0,0,196.6796777279362,0,0,0,0,0,0,0,0,0,0,0,0,0,0,0,0,0,0,0,0,1638.5393415496378,0,0,0,368.3609207159948,0,0,0,0,0,0,0,0,0,0,0,0,0,0,0,1616.7718648222651,0,0,0,0,0,0,0,0,0,390.1283974433067,0,0,0,0,0,0,0,0,0,0,0,0,0,0,0,0,0,0,0,0,0,0,0.4985164669960959,11.427664777506283,5.161541238751719,5.2493459505811835,2.1311982531666116
Estado de Mexico,E-108,757.1235326654474,0,0,0,784.7949524659069,0,0,0,0,0,0,0,0,0,0,0,0,0,0,0,0,0,0,0,1097.1603565491407,110.69069840800334,0,0,0,0,0,296.5172659643494,37.550164209845526,0,0,0,0,0,0,0,0,0,296.5172659643494,0,37.550164209845526,0,0,0,0,1097.1603565491407,0,110.69069840800334,0,0,0,0,0,0,0,23.935936954722322,712.4507514518751,0,0,399.34381211922425,48.75325724726884,0,0,9.174196487666025,0,120.44399373748598,227.8165371329944,0,0,0,0,0,0,0,0,0,0,0,0,0,0,0,0,0,0,0,0,0,0,0,0,0,0,0,0,0,0,0,0,0,0,0,0,1094.6963149937121,126.67111439884788,0,0,0,0,0,0,0,262.28063092701746,0,58.27042481176755,0,0,0,0,0,0,0,0,1095.6962235681503,0,0,0,0,0,0,0,0,0,0,0,0,321.98810209631233,24.676756650486986,0,0,0,0,0,0,99.55740281635876,0,0,0,0,0,0,0,0,0,0,0,1.620783313769805,14.747873796761304,5.945124491152541,6.737054439468567,3.2943054861561536
Ciudad de Mexico,M-017,0,0,0,0.12584466535581929,0,0,0,604.2692120077087,0,0,0,0,0,0,0,0,0,0,0,0,0,0,0,0,0,0,0,0,160.80379069753096,443.59126597563755,0,0,0,0,0,0,0,0,0,0,0,0,0,0,0,0,443.59126597563755,0,0,160.80379069753096,0,0,0,0,0,0,0,0,0,0,1.383081706571649,0,0,0,148.96897870152364,0,0,454.04299626506116,0,0,0,0,0,0,0,0,0,0,0,0,0,0,0,0,0,0,0,0,0,0,0,0,0,0,0,0,0,0,0,0,0,0,0,0,0,0,0,0.5603209271399117,0,0,0,0,172.35109665465757,0,0,0,0,0,0,0,0,0,0,0,0,0,0,0,0,0,0,397.4566187448158,0,0,0,0,0,0,206.93843792830697,0,0,0,0,0,0,0,0,0,0,0,0,0,0,0,0,0,0,0,0,0,2.4120355982989237,9.448132002576935,3.801653107333362,4.3937108688202615,1.7518814539867817
Ciudad de Mexico,M-018,0,0,0,6.164578323605393,0,0,0,615.1276338126629,0,0,0,0,0,0,0,0,0,0,0,0,0,0,0,0,0,0,0,0,230.53673468341657,390.75547745302396,0,0,0,0,0,0,0,0,0,0,0,0,0,0,0,0,390.75547745302396,0,0,230.53673468341657,0,0,0,0,0,0,0,0,0,0,0,0,0,0,120.60692350797777,0,0,359.59860029378575,0,0,0,0,0,0,19.981483164217707,0,0,0,0,0,0,0,0,0,93.41978878570511,0,27.685416384732573,0,0,0,0,0,0,0,0,0,0,0,0,0,0,0,0,0,0,0,0,0,0,0,0,0,246.1402349288087,0,0,0,0,0,0,0,0,0,0,0,0,0,0,0,0,0,0,449.0260408310942,0,0,0,0,0,0,172.26617130529237,0,0,0,0,0,0,0,0,0,0,0,0,0,0,0,0,0,0,0,0,0,2.2032204983744768,10.09074841675029,5.3871725181445775,5.362695775603731,2.248944400101171
Ciudad de Mexico,M-019,0,0,0,11.443954357370608,0,0,0,2294.301583696418,0,0,0,0,0,0,0,0,0,0,0,0,0,0,0,0,0,0,0,0,509.86660148091823,1795.878936572766,0,0,0,0,0,0,0,0,0,0,0,0,0,0,0,0,1795.878936572766,0,0,509.86660148091823,0,0,0,0,0,0,0,0,0,0,0,0,0,0,28.20365954988982,0,0,1502.2687140666349,0,0,0,0,0,0,219.48441365462202,0,260.3401628220983,0,0,0,0,0,0,0,18.67135987062583,0,276.5491534984454,0,0,0,0,0,0,0.22807459130364807,0,0,0,0,0,0,0,0,0,0,0,0,0,0,0,0,0,0,542.20896570572,0,0,0,0,0,0,0,0,0,0,0,0,0,0,0,0,0,74.61137058629426,1178.8140731510741,0,0,0,0,0,0,1052.3200943163133,0,0,0,0,0,0,0,0,0,0,0,0,0,0,0,0,0,0,0,0,0,0.821996594906556,11.899338316291837,3.772081799758209,3.953029521565198,2.339564894618206
Estado de Mexico,E-109,335.31122250475636,0,0,176.85608905591826,885.231650347737,0,61.37488867041838,10.776689342873548,0,0,0,0,0,0,0,0,0,0,0,0,0,0,0,0,662.6505435986221,397.99072132430496,0,180.16475052918534,0,36.11794206382717,0,0,192.6265824057058,0,0,0,0,0,0,0,0,0,0,180.16475052918534,192.6265824057058,0,36.11794206382717,0,0,662.6505435986221,0,397.99072132430496,0,0,0,0,0,0,0,550.8421589031849,360.67259287443557,0,0,328.8082315935506,0,0,0,58.641265906264145,0,17.233461337222174,31.464712665950792,0,0,0,0,0,0,0,0,0,0,0,0,0,0,0,0,0,0,121.88811664099848,0,0,0,0,0,0,0,0,0,0,0,0,0,0,0,0,0,646.3280800893546,448.76623781159543,0,0,191.2892957234496,0,0,0,0,0,0,160.37732471432795,0,0,0,0,0,0,0,0,670.1853786463925,0,0,176.7014435098303,0,0,0,0,0,0,0,0,0,0.25624468163460384,254.2141119176686,0,0,0,0,0,0,368.19336116610674,0,0,0,0,0,0,0,0,0,0,0,0.3161710195592945,16.81721175412371,3.651246848860086,4.650114719447957,3.644292145372944
Ciudad de Mexico,M-008,934.4477232778589,0,0,0,0,0,0,101.44409435402353,0,0,0,0,0,0,0,0,0,0,0,0,0,0,0,0,1005.3333082180778,0,0,0,25.89824302206052,4.660266601354329,0,0,0,0,0,0,0,0,0,0,0,0,0,0,0,0,4.660266601354329,0,0,1031.2315512401383,0,0,0,0,0,0,0,0,0,20.202869370220963,23.0422459421822,0,0,492.32978949814407,306.10144231341906,0,0,38.71927958651725,0,0.5523478925436737,154.94384302884387,0,0,0,0,0,0,0,0,0,0,0,0,0,0,0,0,0,0,0,0,0,0,0,0,0,0,0,0,0,0,0,0,0,0,0,0,992.8433674028079,0,0,0,0,37.56020789949647,0,0,0,0,0,0,0,0,0,0,0,0,0,0,1015.0000167707825,0,0,0,20.891800861070102,0,0,0,0,0,0,0,0,0,0,0,0,0,0,0,0,0,0,0,0,0,0,0,0,0,0,0,0,3.8521090676261904,14.36588546531162,7.521454441971448,7.732321593352118,2.7675136734571404
Ciudad de Mexico,M-006,2866.9941539436995,0,0,0,0,0,0,5.428458568863604,0,197.504021795543,0,0,0,0,0,0,0,0,0,0,0,0,0,0,2769.772442273635,0,0,152.3332252735833,0,147.82096676086522,0,0,0,0,0,0,0,0,0,0,0,0,0,0,152.3332252735833,0,147.82096676086522,0,0,2769.772442273635,0,0,0,0,0,0,0,0,0,59.01939925850633,7.055921939391665,0,0,917.1295762007685,0,0,0,148.79020165175393,0,154.41341557936977,1783.5181196781118,0,0,0,0,0,0,0,0,0,0,0,0,0,0,0,0,0,0,0,0,0,0,0,0,0,0,0,0,0,0,0,0,0,0,0,0,2771.692013146705,0,0,0,159.31469498107919,0,0,0,0,0,0,0,0,0,0,0,0,0,0,0,2770.919868001837,0,0,0,0,0,0,0,0,0,150.2147703874397,148.79199591878245,0,0,0,0,0,0,0,0,0,0,0,0,0,0,0,0,0,0,0,0,0,1.0984899051129289,17.940496208146843,7.799370609751072,7.361569384972759,3.651568261124124
Ciudad de Mexico,M-042,0,0,0,0,0,0,54.22674837444591,485.8581095785688,0,0,0,0,0,0,0,0,0,0,0,0,0,0,0,0,0,0,0,504.10840615535824,0,35.9764517976636,0,0,0,0,0,0,0,0,0,0,0,0,492.30686273386647,0,11.801543421491782,0,35.9764517976636,0,0,0,0,0,0,0,0,0,0,0,0,218.84163216840727,0,0,0.03984657663072582,0,0,0,0,168.79539810830772,0,152.4079810996443,0,0,0,0,0,0,0,0,0,0,0,0,0,0,0,0,0,0,0,0,0,0,0,0,0,0,0,0,0,0,0,0,0,0,0,0,0,0,0,0,0,0,507.91537411464026,0,0,0,0,0,0,0,11.544897156872214,0,0,0,0,0,0,0,0,0,540.0848579530225,0,0,0,0,0,0,0,0,0,0,0,0,0,0,0,0,0,0,0,0,0,0,0,0,0,0,0,0,0,3.363645718673127,9.054805360033656,5.464629318248914,5.6326019982079885,1.8401256795433458
Ciudad de Mexico,M-007,780.7034963617765,0,0,0,0,0,0,0,0,0,0,0,0,0,0,0,0,0,0,0,0,0,0,0,780.7034963617765,0,0,0,0,0,0,0,0,0,0,0,0,0,0,0,0,0,0,0,0,0,0,0,0,780.7034963617765,0,0,0,0,0,0,0,0,0,0,0,0,0,232.39376675983394,29.87334964243551,0,0,0,0,92.12255967773662,426.3138202817226,0,0,0,0,0,0,0,0,0,0,0,0,0,0,0,0,0,0,0,0,0,0,0,0,0,0,0,0,0,0,0,0,0,0,0,0,780.7034963617765,0,0,0,0,0,0,0,0,0,0,0,0,0,0,0,0,0,0,0,780.7034963617765,0,0,0,0,0,0,0,0,0,0,0,0,0,0,0,0,0,0,0,0,0,0,0,0,0,0,0,0,0,0,0,0,1.451974134202233,9.677369316960775,5.6515711043072505,5.5979967508736195,2.2427499438106153
Ciudad de Mexico,M-025,207.65804907418723,0,0,87.5521168863561,398.1191525892965,0,9.58005640419553,1421.3864901000347,0,0,0,0,0,0,0,0,0,0,0,0,0,0,0,0,458.9558638930562,0,0,9.360320116457727,973.40506942534455,682.5746122128387,0,0,0,0,0,0,0,0,0,0,0,0,225.44117243432916,0,58.47212282437127,0,682.5746122128387,242.87501157518477,0,914.9329466009733,0,0,0,0,0,0,0,0,0,306.4280962541152,0,0,3.4081323090217275,21.88235793999467,126.14045855311977,0,0,872.1668924699125,0,0,0,0,0,0,352.122707811368,0,435.611072867538,0,0,0,0,0,0,0,0,0,0,0,6.536146848982648,0,0,0,0,0,0,0,0,0,0,0,0,0,0,0,0,0,0,491.7781892993046,0,0,0,0,961.3165670618928,0,0,0,0,0,0,0,0,0,0,0,0,0,0,0,0,0,305.6590782448517,1098.1844447160267,0,0,0,0,524.5363776906602,0,195.9159644025535,0,0,0,0,0,0,0,0,0,0,0,0,0,0,0,0,0,0,0,0,0,0.9419298687853929,11.699081082663444,4.489871283232938,5.184949445144634,2.7999823425629344
Ciudad de Mexico,M-026,333.291774599216,0,0,60.04519913436922,343.530258306378,0,0,223.2666281893825,0,0,0,0,0,0,0,0,0,0,0,0,0,0,0,0,561.9157695373468,0,0,0,398.21809069201856,0,0,0,0,0,0,0,0,0,0,0,0,0,467.8408056981846,0,0,0,0,40.614934749115164,0,451.67811978206555,0,0,0,0,0,0,0,0,0,391.11650298304176,0,0,0,347.37826741047576,100.81822975353312,0,0,25.967916097152383,0,64.62119892316721,0,0,0,0,2.100753725194351,0,28.130991336785456,0,0,0,0,0,0,0,0,0,0,0,0,0,0,0,0,0,0,0,0,0,0,0,0,0,0,0,0,0,0,954.7619429602487,0,0,0,0,5.371917269095054,0,0,0,0,0,0,0,0,0,0,0,0,0,0,37.30291530409713,0,0,0,403.92605609545393,0,0,0,0,518.9048888297782,0,0,0,0,0,0,0,0,0,0,0,0,0,0,0,0,0,0,0,0,0,0,0,0.7716337347329913,23.846475052751003,6.215599049778022,8.291122487790236,6.863273723142742
Ciudad de Mexico,M-045,766.8263192948579,0,0,10.830230149190394,0,0,94.77393122066223,272.1694194112188,0,0,0,0,0,0,0,0,0,0,0,0,0,0,0,0,0,0,0,942.4358505557889,0,37.624842475996765,0,0,0,0,164.53920704420767,0,0,0,0,0,0,12.79617532375185,737.1718513325424,0,164.53920704420767,0,37.624842475996765,192.46782389949462,0,0,0,0,0,0,0,0,0,0,0,406.76841146397214,465.58019428307426,0,0,0,0,0,0,27.424114412233212,0,244.8271799167726,0,0,0,0,0,0,0,0,0,0,0,0,0,0,0,0,0,0,0,0,0,0,0,0,0,0,0,0,0,0,0,0,0,0,0,0,0,0,0,0,0,233.05921198525118,895.1078271229264,0,0,0,0,0,0,0,0,0,0,0,0,0,0,0,0,0,912.1162764131436,0,0,0,0,0,0,0,0,0,0,0,0,0,0,0,0,0,0,0,232.48362366287077,0,0,0,0,0,0,0,0,0,0.7591789604709932,9.889150454641435,4.583094016779599,4.924954032454828,2.088698018377138
Estado de Mexico,E-110,840.6550968009426,0,0,523.994662898188,189.3846307896298,0,130.86026502322602,690.1620092369108,0,0,0,0,0,0,0,0,0,0,0,0,0,0,0,0,1917.6163942232806,285.04826388508224,0,0,152.91126706355462,19.480739577037546,0,0,0,0,0,0,0,0,0,0,0,0,22.096681299864976,0,941.2810422604495,0,19.480739577037546,16.12705811169793,0,1091.022879614823,0,285.04826388508224,0,0,0,0,0,0,0,317.2800010090304,796.6943400393005,0,27.02709713109469,703.2436497509409,0,0,67.28785568685468,38.504255623394656,0,45.246441675431015,61.7646235127313,0,0,0,157.63390144845573,0,0,0,0,0,0,0,0,0,0,19.52633890877067,14.169131310685847,0,0,126.67902865223165,0,0,0,0,0,0,0,0,0,0,0,0,0,0,0,0,0,1968.784001398239,252.43491675971273,0,0,0,134.35691132900305,0,0,0,0,0,0,0,0,0,0,0,0,0,0,1129.1088726060145,0,0,0,168.46724122976644,0,0,0,0,773.6049173631343,0,0,0,0,0,0,0,0,0,0,0,303.87563354995336,0,0,0,0,0,0,0,0,0,0,0,0.5622991170869205,20.14819284172374,4.534760545561736,5.807337390774114,4.281705575517717
Ciudad de Mexico,M-027,1022.4461435017961,0,0,0,0,0,0,0,0,0,0,0,0,0,0,0,0,0,0,0,0,0,0,0,1018.5389324857754,0,0,0,3.9072110160208315,0,0,0,0,0,0,0,0,0,0,0,0,0,0,0,0,0,0,0,0,1022.4461435017962,0,0,0,0,0,0,0,0,0,5.050859764108207,0,0,0,128.84518538382576,13.791844744652856,0,0,0,0,305.7587853177962,568.9994682913859,0,0,0,0,0,0,0,0,0,0,0,0,0,0,0,0,0,0,0,0,0,0,0,0,0,0,0,0,0,0,0,0,0,0,0,0,1022.4461435017945,0,0,0,0,0,0,0,0,0,0,0,0,0,0,0,0,0,0,0,1017.4847961067064,0,0,0,4.961347395098532,0,0,0,0,0,0,0,0,0,0,0,0,0,0,0,0,0,0,0,0,0,0,0,0,0,0,0,0,1.098629832575809,20.766513187783904,5.282231159333133,6.861322313629809,4.913185865525653
Ciudad de Mexico,M-049,616.715673548174,0,0,0,0,0,40.79781301858698,0,0,0,0,0,0,0,0,0,148.3049272824818,0,0,0,0,0,0,0,0,0,0,705.9299352419432,16.594410231995553,83.29406837523277,0,0,0,0,0,0,0,0,0,0,0,0,0,0,0,0,83.29406837523277,618.5482992629012,19.834738240147566,84.14130797089,0,0,0,0,0,0,0,0,0,0,374.786466091135,0,0,0,0,0,0,328.5035023727033,0,101.22784514435017,0,0,0,0,0,1.30060024100188,0,0,0,0,0,0,0,0,0,0,0,0,0,0,0,0,0,0,0,0,0,0,0,0,0,0,0,0,0,0,0,0,0,0,0,693.5123769911447,28.799107498306117,0,0,0,0,0,0,0,0,0,0,0,0,0,0,0,0,0,799.2282284803778,6.579446803338379,0,0,0,0,0,0,0,0,0,0,0,0,0,0,0,0,0,0,0.010738565385250101,0,0,0,0,0,0,0,0,0,1.9840463317234867,9.28376100899871,4.4954394985420425,4.727685378198528,2.0273905162125048
Estado de Mexico,E-112,1042.87635980107,0,0,347.45560533965175,130.61782786734886,0,43.19199083129164,237.63481068636597,0,0,0,0,0,0,0,0,0,0,0,0,0,0,0,0,1801.7765945256465,0,0,0,0,0,0,0,0,0,0,0,0,0,0,0,0,0,0,0,625.9213410071909,0,0,165.78920861509226,0,1010.0660449033633,0,0,0,0,0,0,0,0,0,63.47093276060787,706.0679248383193,0,0,447.2279772803035,0,0,0,0,0,399.5961142301925,27.72070883487848,0,0,0,60.197642077586465,0,0,0,0,0,0,0,0,0,0,0,97.49529450379939,0,0,0,0,0,0,0,0,0,0,0,0,0,0,0,0,0,0,0,0,1801.7765945256501,0,0,0,0,0,0,0,0,0,0,0,0,0,0,0,0,0,0,0,1083.743238579562,0,0,0,0,0,0,0,0,682.5888298656178,0,0,0,0,0,35.444526080538495,0,0,0,0,0,0,0,0,0,0,0,0,0,0,0,0,0,2.0528125958165107,13.165246472984778,6.8870394618287705,7.159105227897346,2.9621664013554274
Ciudad de Mexico,M-032,402.2194775459287,0,0,19.544123642494863,507.73957440557797,0,0,0,0,0,0,0,0,0,0,0,0,0,0,0,0,0,0,0,537.274020003462,0,0,0,324.23933299056654,67.98982259989172,0,0,0,0,0,0,0,0,0,0,0,0,0,0,0,0,67.98982259989172,136.93234315615913,0,724.5810098378695,0,0,0,0,0,0,0,0,0,340.52928103613107,0,0,0,215.75648433864873,59.379118414052414,0,0,69.32246041082398,0,244.51583139430738,0,0,0,0,0,0,0,0,0,0,0,0,0,0,0,0,0,0,0,0,0,0,0,0,0,0,0,0,0,0,0,0,0,0,0,0,0,872.7907787551978,0,0,0,0,0,0,0,0,0,0,0,0,0,0,0,0,0,0,0,392.2397390022189,0,0,0,333.64432994598207,0,0,0,0,203.61910664586148,0,0,0,0,0,0,0,0,0,0,0,0,0,0,0,0,0,0,0,0,0,0,0,2.039907920039868,19.13698654162704,7.011862270030992,7.5662933682954305,4.2480630067895575
Ciudad de Mexico,M-040,0,0,0,21.269826227618548,0,74.21075021748304,43.311473918731174,793.253820947639,0,0,0,0,0,0,0,0,0,0,0,0,0,0,0,0,0,0,0,759.0728780305411,0,172.9729937674606,0,0,0,0,0,0,0,0,0,0,0,104.41966294621373,637.8585551929923,0,16.794659891335087,0,172.9729937674606,0,0,0,0,0,0,0,0,0,0,0,0,460.97089601782636,0,0,19.73311699013717,0,0,0,0,451.3418583035933,0,0,0,0,0,0,0,0,0,0,0,0,0,0,0,0,0,0,0,0,0,0,0,0,0,0,0,0,0,0,0,0,0,0,0,0,0,0,0,0,0,0,0,113.58973467226186,657.1151730664143,0,0,0,0,0,0,0,16.475543276609052,0,0,0,0,0,0,0,0,0,932.0458713115444,0,0,0,0,0,0,0,0,0,0,0,0,0,0,0,0,0,0,0,0,0,0,0,0,0,0,0,0,0,1.6234351903776685,8.659392898680942,3.7933724266947477,4.101970986150841,1.7979564722519574
Estado de Mexico,E-113,128.5526737695399,0,0,34.78644677105437,227.16056035284169,0,22.254335515489494,317.26890688750484,0,0,0,0,0,0,0,0,0,0,0,0,0,0,0,0,730.0229232964613,0,0,0,0,0,0,0,0,0,0,0,0,0,0,0,0,0,0,0,470.13927697047706,0,0,221.00051007759248,0,38.88313624839178,0,0,0,0,0,0,0,0,0,433.09439768075947,115.33442635643236,0,0,0,0,0,0,0,0,131.91236969286828,0,0,0,0,49.681729566432395,0,0,0,0,0,0,0,0,0,0,0,0,0,0,0,0,0,0,0,0,0,0,0,0,0,0,0,0,0,0,0,0,730.0229232964673,0,0,0,0,0,0,0,0,0,0,0,0,0,0,0,0,0,0,0,0.6648531625472338,0,0,0,0,0,0,0,0,502.4803138880775,0,0,0,0,0,226.87775624583108,0,0,0,0,0,0,0,0,0,0,0,0,0,0,0,0,0,1.8354453979155614,9.826880832791222,4.2710080684844485,4.575359923068293,1.9536311774971458
Ciudad de Mexico,M-033,313.65033426599695,0,0,4.679287750437579,273.04074706153625,0,0,36.19558930382482,0,0,0,0,0,0,0,0,0,0,0,0,0,0,0,0,590.3392024702914,0,0,0,37.226755911479934,0,0,0,0,0,0,0,0,0,0,0,0,0,0,0,0,0,0,138.63017157675677,0,488.93578680501463,0,0,0,0,0,0,0,0,0,570.61255874714,0,0,0,0,2.432802076807314,8.101499020633963,0,0,0,40.94466420432575,5.474434333005866,0,0,0,0,0,0,0,0,0,0,0,0,0,0,0,0,0,0,0,0,0,0,0,0,0,0,0,0,0,0,0,0,0,0,0,0,627.5659583818668,0,0,0,0,0,0,0,0,0,0,0,0,0,0,0,0,0,0,0,445.187193481359,0,0,0,19.93625166175149,0,0,0,0,162.44251323867493,0,0,0,0,0,0,0,0,0,0,0,0,0,0,0,0,0,0,0,0,0,0,0,4.1990369277502175,12.328613201482185,7.287531596772839,7.717742272809216,2.4500236173072354
Estado de Mexico,E-111,812.6521942302171,0,0,90.59594235337508,121.79008054021018,0,85.68271566885734,266.45126737710086,0,0,0,0,0,0,0,0,0,0,0,0,0,0,0,0,1377.1722001697322,0,0,0,0,0,0,0,0,0,0,0,0,0,0,0,0,0,0,0,53.401693434542906,0,0,40.69064040707449,0,1283.0798663281148,0,0,0,0,0,0,0,0,0,117.60142638469858,0,0,0,26.053260425642453,0,0,0,0,0,291.1419270826424,831.9403308769171,0,0,0,0,0,0,0,0,0,0,0,0,0,0,0,0,0,0,110.43525539984022,0,0,0,0,0,0,0,0,0,0,0,0,0,0,0,0,0,1377.1722001697253,0,0,0,0,0,0,0,0,0,0,0,0,0,0,0,0,0,0,0,1011.2515417064498,0,0,0,0,0,0,0,0,365.9206584632321,0,0,0,0,0,0,0,0,0,0,0,0,0,0,0,0,0,0,0,0,0,0,0,0.841955213033789,10.846838501446955,5.4914828972128475,5.682205136529673,2.3803552323826773
Estado de Mexico,E-135,0,0,0,0,0,0,1.4114902851255782,0,0,0,0,0,0,0,0,0,429.7309046367657,0,0,0,0,0,0,0,0,0,0,0,395.92577975118724,0.0963272021084778,35.120287968608544,0,0,0,0,0,0,0,0,0,0,0,0,0,0,0,0.0963272021084778,35.120287968608544,0,395.92577975118724,0,0,0,0,0,0,0,0,0,50.324723691029426,0,0,0,0,0.332943469409117,0,0,43.1834372919895,0,333.71622059677145,0,0,0,0,0,0,0,0,0,3.5850698726803243,0,0,0,0,0,0,0,0,0,0,0,0,0,0,0,0,0,0,0,0,0,0,0,0,0,0,0,0,0,0,20.600187428407654,0,410.54220749347485,0,0,0,0,0,0,0,0,0,0,0,0,0,0,0,0,0,0,378.9362414227273,0,0,0,52.20615349918483,0,0,0,0,0,0,0,0,0,0,0,0,0,0,0,0,0,0,0,0,0,0,0,0,2.737468098494548,11.99457072334851,7.412104024171623,7.569080103296537,2.285205238769621
Ciudad de Mexico,M-020,0,0,0,0,0,0,69.97359479996715,0,0,0,0,0,0,0,0,0,956.0587420803888,0,0,0,0,0,0,0,0,0,0,2.959904591486226,986.3328077870218,0,36.739624501803455,0,0,0,0,0,0,0,0,0,0,0,0,0,0,0,0,36.739624501803455,2.959904591486226,986.3328077870218,0,0,0,0,0,0,0,0,0,130.73503962923039,0,0,0,0,1.5493627622483535,0,0,67.04861453673817,0,825.8728338928283,0,0,0,0,0,0.8264860592146541,0,0,0,0,0,0,0,0,0,0,0,0,0,0,0,0,0,0,0,0,0,0,0,0,0,0,0,0,0,0,0,0,0,0,17.31809883333048,5.233278043786886e-4,1008.7137147191839,0,0,0,0,0,0,0,0,0,0,0,0,0,0,0,0,0,16.26632869007922,949.2420962326,0,0,0,60.52391195763502,0,0,0,0,0,0,0,0,0,0,0,0,0,0,0,0,0,0,0,0,0,0,0,0,1.9822655254848096,11.867579681675357,8.7828823535350935,8.2063399153582,2.1600365679742
Ciudad de Mexico,M-028,464.0756873027814,0,0,436.3031045698991,0,0,0,0,0,0,0,0,0,0,0,0,0,0,0,0,0,0,0,0,900.3787918726689,0,0,0,0,0,0,0,0,0,0,0,0,0,0,0,0,0,0,0,0,0,0,55.116656353586016,0,845.2621355190829,0,0,0,0,0,0,0,0,0,0.28863607225573645,0,0,0,144.4066859075237,0,0,0,0,0,19.89246051278993,735.7910093800442,0,0,0,0,0,0,0,0,0,0,0,0,0,0,0,0,0,0,0,0,0,0,0,0,0,0,0,0,0,0,0,0,0,0,0,0,900.3787918726841,0,0,0,0,0,0,0,0,0,0,0,0,0,0,0,0,0,0,0,900.3787918726042,0,0,0,0,0,0,0,0,0,0,0,0,0,0,0,0,0,0,0,0,0,0,0,0,0,0,0,0,0,0,0,0,0.9544147507289111,8.811216007590199,4.620708486099494,4.5166944156250395,1.9792084685874285
Estado de Mexico,E-137,0,0,0,0,0,0,261.63639890979863,0,0,0,0,0,0,0,0,0,549.3958641414367,0,0,0,0,0,0,0,0,0,0,0,569.9839637179183,0,241.0482993332627,0,0,0,0,0,0,0,0,0,0,0,0,0,0,0,0,241.0482993332627,0,569.9839637179183,0,0,0,0,0,0,0,0,0,0,0,0,0,0,0,0,0,23.19038419981405,0,602.3936185289258,0,0,0,0,0,0,0,0,0,185.4482603225491,0,0,0,0,0,0,0,0,0,0,0,0,0,0,0,0,0,0,0,0,0,0,0,0,0,0,0,0,0,0,217.63309042129006,3.0117883304586863,590.3873842994283,0,0,0,0,0,0,0,0,0,0,0,0,0,0,0,0,0,0,541.2215374883046,0,0,0,269.81072556287074,0,0,0,0,0,0,0,0,0,0,0,0,0,0,0,0,0,0,0,0,0,0,0,0,0.4643380661850816,9.306138790981686,2.737012429493884,3.494591361473278,2.427324152855274
Estado de Mexico,E-155,0,0,0,0,106.03883281613416,0,276.17470363550933,0,0,0,0,0,0,0,0,0,590.6397551606996,0,0,0,0,0,0,0,0,0,251.97250120420458,0,427.3796712839071,48.68994677690328,244.8111723473357,0,0,0,0,0,0,0,0,0,0,251.97250120420458,0,0,0,0,48.68994677690328,244.8111723473357,0,427.3796712839071,0,0,0,0,0,0,0,0,0,0,0,59.125884536690755,0,0,0,0,0,48.909660436131816,0,269.6295765865397,0,0,0,0,0,0,0,0,0,595.1881700529801,0,0,0,0,0,0,0,0,0,0,0,0,0,0,0,0,0,0,0,0,0,0,0,0,0,0,0,0,0,0,468.8448834485072,0,455.2939379795504,0,0,0,0,0,0,0,0,0,0,0,0,0,0,0,0,267.0320796014453,0,394.50691042378054,0,0,0,311.3143015871853,0,0,0,0,0,0,0,0,0,0,0,0,0,0,0,0,0,0,0,0,0,0,0,0,0.2981465504191022,8.606165047222564,2.698940289848495,2.8032766806870577,1.76346296584673
Estado de Mexico,E-115,992.1160735328021,0,0,677.5655454757833,53.17621520854196,0,0,582.41358416958,0,0,0,0,0,0,0,0,0,0,0,0,0,0,0,0,2305.27141838665,0,0,0,0,0,0,0,0,0,0,0,0,0,0,0,0,0,0,0,154.26681162046594,0,0,15.395040619988322,0,2135.609566146196,0,0,0,0,0,0,0,0,0,121.96239492100071,0,0,0,30.978234166877066,178.47078370667282,0,0,0,0,538.0015821875352,1383.0737207353118,0,0,0,0,0,0,0,0,0,0,0,0,0,0,0,0,0,0,52.78470266927615,0,0,0,0,0,0,0,0,0,0,0,0,0,0,0,0,0,2305.2714183866765,0,0,0,0,0,0,0,0,0,0,0,0,0,0,0,0,0,0,0,1074.5176770642404,0,0,0,0,0,0,0,0,1230.753741322413,0,0,0,0,0,0,0,0,0,0,0,0,0,0,0,0,0,0,0,0,0,0,0,0.4394971785379566,10.256238264366987,3.9119116694602702,4.437532231204558,2.470896395452464
Ciudad de Mexico,M-034,154.38033839287164,0,0,66.31013823727795,243.00252735937696,0,0,421.0712233905528,0,0,0,0,0,0,0,0,0,0,0,0,0,0,0,0,338.303627766991,0,0,0,546.4605996131064,0,0,0,0,0,0,0,0,0,0,0,0,0,0,0,38.59083882241137,0,0,268.1922403685661,0,577.9811481891198,0,0,0,0,0,0,0,0,0,332.3047978489381,0,0,8.111062695555011,0,10.908888298204172,138.05649435307186,0,56.778509719893385,0,0,266.03337088899855,0,0,0,0,0,0,0,0,0,0,0,0,0,0,0,72.57110357538417,0,0,0,0,0,0,0,0,0,0,0,0,0,0,0,0,0,0,0,0,851.231358931892,0,0,0,0,33.53286844821237,0,0,0,0,0,0,0,0,0,0,0,0,0,0,91.87228259823044,0,0,0,518.3344223610368,0,0,0,0,274.5575224208472,0,0,0,0,0,0,0,0,0,0,0,0,0,0,0,0,0,0,0,0,0,0,0,0.27395320840537596,9.08396066512163,3.8158257412725867,3.836168475719063,2.0918658871036686
Ciudad de Mexico,M-031,716.2026801795148,0,0,689.4364435504702,0,0,0,263.6691273728673,0,0,0,0,0,0,0,0,0,0,0,0,0,0,0,0,1130.612069134765,0,0,0,538.6961819681927,0,0,0,0,0,0,0,0,0,0,0,0,0,0,0,0,0,0,6.309424377527563,0,1662.9988267254303,0,0,0,0,0,0,0,0,0,626.5802829679028,0,0,0,141.92708178239522,166.23328230127757,0,0,0,0,310.6969148741906,423.87068917710263,0,0,0,0,0,0,0,0,0,0,0,0,0,0,0,0,0,0,0,0,0,0,0,0,0,0,0,0,0,0,0,0,0,0,0,0,1669.3082511027824,0,0,0,0,0,0,0,0,0,0,0,0,0,0,0,0,0,0,0,1144.7418948986672,0,0,0,524.5663562041909,0,0,0,0,0,0,0,0,0,0,0,0,0,0,0,0,0,0,0,0,0,0,0,0,0,0,0,0,0.7951855094694282,16.595351373832333,4.750716089046691,5.022700152479289,4.020876940139963
Ciudad de Mexico,M-051,0,0,0,73.84931537673957,0,0,14.036448989358437,0,0,0,0,0,0,0,0,1.2974067896109684,901.8940795659,0,0,0,0,0,0,0,0,0,0,11.35935987756058,979.7178908440139,0,0,0,0,0,0,0,0,0,0,0,0,0,0,0,0,0,0,0,11.35935987756058,979.7178908440139,0,0,0,0,0,0,0,0,0,0,0,0,0,0,153.20328273091434,0,0,22.35132467553167,0,568.8614083418845,0,0,0,0,0,0,0,0,0,210.67068403318527,0,35.99055093994689,0,0,0,0,0,0,0,0,0,0,0,0,0,0,0,0,0,0,0,0,0,0,0,0,0,0,0,0,0,6.611355556258609,984.4658951653224,0,0,0,0,0,0,0,0,0,0,0,0,0,0,0,0,0,17.21801921305251,973.8592315085231,0,0,0,0,0,0,0,0,0,0,0,0,0,0,0,0,0,0,0,0,0,0,0,0,0,0,0,0,2.8145660248010445,13.317303596365472,5.417234442078556,6.553662961188449,2.914011558051029
Ciudad de Mexico,M-038,0,0,0,682.3701368359191,0,0,0,627.966676678325,0,0,0,0,0,0,0,0,0,0,0,0,0,0,0,0,952.0242200289574,0,0,142.98117323638522,215.33142024888593,0,0,0,0,0,0,0,0,0,0,0,0,14.788094786171971,1012.510165591256,0,0,0,0,67.70713288791472,0,215.33142024888593,0,0,0,0,0,0,0,0,0,1047.7447055556595,0,0,0,0,0,0,0,55.86135932912367,0,0,27.769181515874536,0,0,0,3.552992415607363,0,0,0,0,0,0,132.4001834203973,0,0,0,0,43.00839127759436,0,0,0,0,0,0,0,0,0,0,0,0,0,0,0,0,0,0,0,0,958.2977888277802,0,0,0,51.44646694499731,300.59255774152615,0,0,0,0,0,0,0,0,0,0,0,0,0,0,0,0,0,173.32047364697195,192.94524320072145,0,0,0,0,944.0710966665904,0,0,0,0,0,0,0,0,0,0,0,0,0,0,0,0,0,0,0,0,0,0,0,3.447650040874714,14.498471943953607,6.4305612248110595,7.439144351647752,3.072374073021626
Estado de Mexico,E-136,0,0,0,0,0,0,7.721337210779467,0,0,0,0,0,0,0,0,0,946.9018838598657,0,0,0,0,0,0,0,0,0,0,0,951.3880266403039,0.08759291649098715,3.1476015138754816,0,0,0,0,0,0,0,0,0,0,0,0,0,0,0,0.08759291649098715,3.1476015138754816,0,951.3880266403039,0,0,0,0,0,0,0,0,0,0,0,0,0,0,101.06773548623055,0,0,0.13660658602796694,0,800.4043498098359,0,0,0,0,0,0,0,0,0,53.01452918856209,0,0,0,0,0,0,0,0,0,0,0,0,0,0,0,0,0,0,0,0,0,0,0,0,0,0,0,0,0,0,0.8916543052416249,5.074351753477909,948.657215011882,0,0,0,0,0,0,0,0,0,0,0,0,0,0,0,0,0,0,944.6296830737562,0,0,0,9.993537996820026,0,0,0,0,0,0,0,0,0,0,0,0,0,0,0,0,0,0,0,0,0,0,0,0,2.823755778935218,12.716285271157103,5.275675446532453,5.990263070536827,2.506614859076767
Ciudad de Mexico,M-039,0,0,0,316.3606848409669,0,21.69357734853296,0,571.7511624344154,0,0,0,0,0,0,0,0,0,0,0,0,0,0,0,0,193.8172263941298,0,0,545.5251358196663,170.46306241020125,0,0,0,0,0,0,0,0,0,0,0,0,381.0711535977852,358.2712086160109,0,0,0,0,0,0,170.46306241020125,0,0,0,0,0,0,0,0,0,620.0149762856065,0,0,0,0,0,0,0,11.699170586794605,0,0,118.4422608093821,0,0,0,77.68183257668214,0,0,0,0,0,0,53.28196713045259,0,0,0,0,28.68521723503893,0,0,0,0,0,0,0,0,0,0,0,0,0,0,0,0,0,0,0,0,198.02431387037504,0,0,0,382.0074511855733,329.77365956801646,0,0,0,0,0,0,0,0,0,0,0,0,0,0,5.743493015541407,0,0,563.9823456445826,158.87001591550404,0,0,0,0,181.20957004833636,0,0,0,0,0,0,0,0,0,0,0,0,0,0,0,0,0,0,0,0,0,0,0,3.829541028459895,14.365954310514246,6.261261242288223,7.206653447744998,2.997169352802098
Estado de Mexico,E-138,0,0,0,0,0,0,72.74996803236594,0,0,0,0,0,0,0,0,0,811.8873345236318,0,0,0,0,0,0,0,0,0,0,0,819.534753923142,0.0011173336297753873,65.10143129925842,0,0,0,0,0,0,0,0,0,0,0,0,0,0,0,0.0011173336297753873,65.10143129925842,0,819.534753923142,0,0,0,0,0,0,0,0,0,0,0,0,0,0,5.34413706651671,0,0,0.5547190593028699,0,778.4302889681802,0,0,0,0,0,0,0,0,0,100.30815746199993,0,0,0,0,0,0,0,0,0,0,0,0,0,0,0,0,0,0,0,0,0,0,0,0,0,0,0,0,0,0,58.14205181031468,93.48730470869808,732.4810720229138,0,0,0,0,0,0,0,0,0,0,0,0,0,0,0,0,0,0,812.0104164320128,0,0,0,72.62688612399481,0,0,0,0,0,0,0,0,0,0,0,0,0,0,0,0,0,0,0,0,0,0,0,0,0.9340625904047278,8.953144063229995,4.484977950661415,4.74253554269389,2.2624475932827366
Ciudad de Mexico,M-043,0,0,0,172.78382259954756,0,68.72995886577623,19.513617040503885,1308.8419370142917,0,0,0,0,0,0,0,0,0,0,0,0,0,0,0,0,128.1470335847633,0,0,1299.290552565645,100.27704952345852,9.246344841204985,0,0,0,0,32.90835500544368,0,0,0,0,0,0,203.09616516044298,1224.3414209899652,0,32.90835500544368,0,9.246344841204985,0,0,100.27704952345852,0,0,0,0,0,0,0,0,0,821.8011211920075,0,0,129.41223190743017,0,0,0,0,145.61307821863036,0,334.0868771346043,113.32994433226978,0,0,0,0,0,0,0,0,0,0,25.62608273556374,0,0,0,0,0,0,0,0,0,0,0,0,0,0,0,0,0,0,0,0,0,0,0,0,0,138.01098069397742,0,0,0,207.41724150525062,1219.2872223456586,0,0,0,0,0,0,0,0,0,0,0,0,0,0,14.393228795534414,0,0,1300.7872073645938,98.21208358105714,0,0,0,0,105.69680429003081,0,0,0,0,0,0,0,0,0,0,0,0,0,50.78001148923191,0,0,0,0,0,0,0,0,0,1.1284472010642863,12.822527841385652,4.23771695475044,4.910723928908743,2.454970687326049
Ciudad de Mexico,M-048,294.62140945294396,0,0,25.15781767888101,165.37089623636422,0,0,0,0,0,0,0,0,0,0,0,2.349118631026827,0,0,0,0,0,0,0,0.4715550482531938,0,0,460.03167595209163,0,26.996010998870016,0,0,0,0,0,0,0,0,0,0,0,0,0.4715550482531938,0,0,0,26.996010998870016,291.84403360574737,0,168.18764234634426,0,0,0,0,0,0,0,0,0,0,429.0152151390067,0,0,0,0,0,0,53.22085149306425,0,5.263175366978812,0,0,0,0,0,0,0,0,0,0,0,0,0,0,0,0,0,0,0,0,0,0,0,0,0,0,0,0,0,0,0,0,0,0,0,0,0,0.7421790712417813,0,0,0,465.9115673734716,0,0,0,0,0,0,0,0,0,0,0,0,0,0,0,0.011179455411546572,0,0,487.4880625438572,0,0,0,0,0,0,0,0,0,0,0,0,0,0,0,0,0,0,0,0,0,0,0,0,0,0,0,0,0,2.39287597394841,14.165844825505529,4.642754592122332,5.445620153213422,2.9581302153680724
Ciudad de Mexico,M-044,0.034721315727907855,0,0,833.7327624546165,0,16.165503010367136,0,702.9873127658404,0,0,0,0,0,0,0,0,0,0,0,0,0,0,0,0,422.74168515925663,0,0,997.5618993427329,35.43008580475617,97.18662923968544,0,0,0,0,0,0,0,0,0,0,0,857.6965455375614,562.5809913097474,0,0,0,97.18662923968544,0.0260476546807749,0,35.43008580475617,0,0,0,0,0,0,0,0,0,212.745813955647,931.3596524032291,0,0.8914209335293983,0,0,0,0,131.2713302314958,0,110.19073187261809,113.56706616723896,0,0,0,0,0,0,0,0,0,0,52.894283982668554,0,0,0,0,0,0,0,0,0,0,0,0,0,0,0,0,0,0,0,0,0,0,0,0,0,432.10127668900657,0,0,0,949.2186659091005,131.18909471440722,0,0,0,0,0,0,0,0,0,0,0,0,0,0,12.739821154807482,0,0,1113.9957579068098,35.1490929938981,0,0,0,0,391.03562749090986,0,0,0,0,0,0,0,0,0,0,0,0,0,0,0,0,0,0,0,0,0,0,0,1.7108808673317366,12.332504058233418,6.204945540438867,6.268931294836908,2.771906036560542
Estado de Mexico,E-114,0,0,0,227.85970980550033,1067.2387955640158,0,327.0393069609135,917.6430555831959,0,0,0,0,0,0,0,0,0,0,0,0,0,0,0,0,1881.1483396347164,0,0,273.3268680434902,0,368.2621602008691,0,0,17.043500034433308,0,0,0,0,0,0,0,0,38.574172030367656,0,273.3268680434902,1582.1625765716383,0,368.2621602008691,72.01237390613014,0,205.4427171610136,0,0,0,0,0,0,0,0,0,1876.0117983712976,125.7124432364783,0,0,0,0,0,0,497.44489299047405,0,0,0,0,0,0,0,0,0,0,0,0,27.75281386550445,0,0,0,0,0,12.858919449700288,0,0,0,0,0,0,0,0,0,0,0,0,0,0,0,0,0,0,0,0,1884.1246402318968,0,0,0,260.10711969337063,0,0,0,0,0,0,28.50114166804892,0,0,0,0,0,0,0,0,92.17544020618797,0,0,320.89977992379266,0,0,0,0,0,2074.485672972504,0,0,0,0,44.3868298379825,7.8331449730486975,0,0,0,0,0,0,0,0,0,0,0,0,0,0,0,0,0,0.17885457204244007,7.077650546901654,2.666182696906845,2.7686537780295764,1.5205487086151224
Ciudad de Mexico,M-035,0,0,0,696.7462093182712,1204.4305055905627,0,0,944.2672956905667,0,0,0,0,0,0,0,0,0,0,0,0,0,0,0,0,1397.3303353143347,0,0,297.19715846658704,1150.9165168184318,0,0,0,0,0,0,0,0,0,0,0,0,0,297.19715846658704,0,70.82120744017988,0,0,429.3856756173284,0,2048.0399690752583,0,0,0,0,0,0,0,0,0,1769.6278942448669,0,0,98.69246798531879,0,0,71.3701613261155,0,47.737664091223294,0,33.58107784110257,681.0409422129411,0,0,0,0,0,0,0,0,0,0,0,0,0,0,0,143.3938028979289,0,0,0,0,0,0,0,0,0,0,0,0,0,0,0,0,0,0,0,0,2350.315821970907,0,0,0,208.08500850436758,287.04318012413717,0,0,0,0,0,0,0,0,0,0,0,0,0,0,909.8722371016214,0,0,298.68513363616484,1176.9371126450828,0,0,0,0,459.94952721653266,0,0,0,0,0,0,0,0,0,0,0,0,0,0,0,0,0,0,0,0,0,0,0,0.9540925362010705,13.81908240327177,5.00912736083194,5.351863843740121,2.7329567316066705
Ciudad de Mexico,M-050,0,0,0,18.64247979538862,0,0,7.901461315895018,135.78457615703303,0,0,0,0,0,0,0,0,1192.204390903468,0,0,0,0,0,0,0,0,0,0,449.7764671701312,904.756441001626,0,0,0,0,0,0,0,0,0,0,0,0,0,0,0,0,387.7593665929896,0,0,62.01710057714158,904.756441001626,0,0,0,0,0,0,0,0,0,0,0,0,0,0,333.74600783120377,0,0,1.2006770316118889,0,356.2289077203739,0,0,0,0,0,22.563524678069623,0,0,0,544.6567752077676,0,96.13701570329738,0,0,0,0,0,0,0,0,0,0,0,0,0,0,0,0,0,0,0,0,0,0,0,0,0,0,0,0,0,438.3821913133919,916.1507168585085,0,0,0,0,0,0,0,0,0,0,0,0,0,0,0,0,0,449.50980496843,905.0231032034674,0,0,0,0,0,0,0,0,0,0,0,0,0,0,0,0,0,0,0,0,0,0,0,0,0,0,0,0,1.4188952323857897,8.906782130093598,4.582136784384237,4.8508657332560245,1.7421315885416653
Ciudad de Mexico,M-057,12.784582002228099,0,0,100.75371389698815,602.8257363856625,0,0,0,0,0,0,0,0,0,0,0,37.61207344854599,0,0,0,0,0,0,0,58.21145647440453,0,0,695.7646492590956,0,0,0,0,0,0,0,0,0,0,0,0,0,0,58.21145647440453,0,0,0,0,31.678646668265273,0,664.0860025908303,0,0,0,0,0,0,0,0,0,0,557.3343027118929,0,0,0,0,48.35712740254736,0,148.28467561909866,0,0,0,0,0,0,0,0,0,0,0,0,0,0,0,0,0,0,0,0,0,0,0,0,0,0,0,0,0,0,0,0,0,0,0,0,0,0,0,64.04928806293333,0,0,0,687.1824429847732,2.7443746857548508,0,0,0,0,0,0,0,0,0,0,0,0,0,0,48.59816006897491,0,0,705.377945664507,0,0,0,0,0,0,0,0,0,0,0,0,0,0,0,0,0,0,0,0,0,0,0,0,0,0,0,0,0,1.5652317342579307,14.35848727107501,6.352768106353639,6.978687273952547,3.293385583840656
Estado de Mexico,E-116,0,0,0,457.66741176956236,132.7043463228062,0,0,431.1818839394447,0,0,0,0,0,0,0,0,0,0,0,0,0,0,0,0,1021.5536420318149,0,0,0,0,0,0,0,0,0,0,0,0,0,0,0,0,0,0,0,255.2732038247507,0,0,67.58981191422001,0,698.6906262928442,0,0,0,0,0,0,0,0,0,343.6433007704816,0,0,0,112.50663929059054,143.8297687323,0,0,0,0,215.24025618106333,186.77673246373118,0,0,0,0,0,0,0,0,0,19.556944593656088,0,0,0,0,0,0,0,0,0,0,0,0,0,0,0,0,0,0,0,0,0,0,0,0,0,0,1021.5536420318037,0,0,0,0,0,0,0,0,0,0,0,0,0,0,0,0,0,0,0,70.63329586954173,0,0,0,0,0,0,0,0,950.9203461622848,0,0,0,0,0,0,0,0,0,0,0,0,0,0,0,0,0,0,0,0,0,0,0,1.1136384158322241,10.27873479809387,4.808393179770533,5.240560982744309,2.425397368815337
Estado de Mexico,E-139,0.823907144374569,0,0,117.97326929254673,30.85682813915955,0,0,0,0,0,0,0,0,0,0,0,880.9623013087363,0,0,0,0,0,0,0,0,0,0,0,1030.616305884769,0,0,0,0,0,0,0,0,0,0,0,0,0,0,0,0,0,0,0,0,1030.616305884769,0,0,0,0,0,0,0,0,0,0,0,0,0,0,44.89858342878763,0,0,0,0,604.6938532326128,0,0,0,0,0,0,0,0,0,381.0238692233888,0,0,0,0,0,0,0,0,0,0,0,0,0,0,0,0,0,0,0,0,0,0,0,0,0,0,0,0,0,0,0,288.5381151872405,742.0781906975648,0,0,0,0,0,0,0,0,0,0,0,0,0,0,0,0,0,0,1030.616305884769,0,0,0,0,0,0,0,0,0,0,0,0,0,0,0,0,0,0,0,0,0,0,0,0,0,0,0,0,0.9510260493893589,7.98425259513332,3.563927062665738,4.20587440088342,1.8430278913674922
Ciudad de Mexico,M-029,219.86508768832798,0,0,383.82400268468746,0,0,9.09012510035947,0,0,0,0,0,0,0,0,0,0,0,0,0,0,0,0,0,556.320509988242,0,0,0,56.45870548513218,0,0,0,0,0,0,0,0,0,0,0,0,0,0,0,0,0,0,27.12544242552964,0,585.6537730478445,0,0,0,0,0,0,0,0,0,28.70658663555471,0,0,0,47.03958641596491,30.199440097013625,0,0,0,0,60.45802099369954,446.37558133112884,0,0,0,0,0,0,0,0,0,0,0,0,0,0,0,0,0,0,0,0,0,0,0,0,0,0,0,0,0,0,0,0,0,0,0,0,556.32754361938,0,0,0,0,56.45167185395452,0,0,0,0,0,0,0,0,0,0,0,0,0,0,46.12842161602394,0,0,0,59.838711106967814,0,0,0,0,506.8120827503541,0,0,0,0,0,0,0,0,0,0,0,0,0,0,0,0,0,0,0,0,0,0,0,1.7053951717210114,12.21452003575827,7.648448847086919,7.128752996056922,2.8852004947645478
Ciudad de Mexico,M-070,0,0,0,238.16371795358006,0,0,14.833400324454002,767.3764936259148,0,0,0,0,0,0,0,0,0,0,0,0,0,0,0,0,118.96063744281037,0,0,0,901.4129744611262,0,0,0,0,0,0,0,0,0,0,0,0,0,0,0,0,0,0,14.511546284851873,0,1005.8620656190847,0,0,0,0,0,0,0,0,0,21.533102326532656,0,0,0,30.739661928944773,0,0,0,0,0,17.61140148931144,950.4894461591743,0,0,0,0,0,0,0,0,0,0,0,0,0,0,0,0,0,0,0,0,0,0,0,0,0,0,0,0,0,0,0,0,0,0,0,0,1020.3736119039343,0,0,0,0,0,0,0,0,0,0,0,0,0,0,0,0,0,0,0,131.1966208769188,0,0,0,889.1769910270505,0,0,0,0,0,0,0,0,0,0,0,0,0,0,0,0,0,0,0,0,0,0,0,0,0,0,0,0,0.570983216648433,9.156415407942047,4.500899045385291,4.570603380910107,2.226246170907816
Ciudad de Mexico,M-071,0,0,0,717.7025042319508,0,0,4.6703852589798,0,0,0,0,0,0,0,0,0,0,0,0,0,0,0,0,0,722.372889490938,0,0,0,0,0,0,0,0,0,0,0,0,0,0,0,0,0,0,0,0,0,0,15.351531026471855,0,707.0213584644661,0,0,0,0,0,0,0,0,0,34.99109633700521,0,0,0,0,3.503984001769625,0,0,0,0,0,683.8778091521199,0,0,0,0,0,0,0,0,0,0,0,0,0,0,0,0,0,0,0,0,0,0,0,0,0,0,0,0,0,0,0,0,0,0,0,0,722.3728894909226,0,0,0,0,0,0,0,0,0,0,0,0,0,0,0,0,0,0,0,13.858742191551329,0,0,0,0,0,0,0,0,708.51414729938,0,0,0,0,0,0,0,0,0,0,0,0,0,0,0,0,0,0,0,0,0,0,0,1.2528914076839157,13.557787694758746,6.13382406064812,6.789730596669532,3.0888088015869832
Ciudad de Mexico,M-046,22.738266213180598,0,0,569.1698331141963,0,0,0,994.1588333184214,0,0,0,0,0,0,0,0,0,0,0,0,0,0,0,0,774.7329195987633,0,0,622.8500084283562,106.5529561642943,81.93104845446851,0,0,0,0,0,0,0,0,0,0,0,355.1691080465405,774.7329195987633,0,95.47845248946624,0,81.93104845446851,82.37621432096657,0,196.3791897356772,0,0,0,0,0,0,0,0,0,4.585443395540302,830.2898303314146,0,0,0,0,0,0,72.68331237308568,0,0.7920087927813257,0,0,0,0,0,0,364.50218639984956,0,0,0,0,313.214151353251,0,0,0,0,0,0,0,0,0,0,0,0,0,0,0,0,0,0,0,0,0,0,0,0,0,791.5210944555134,0,0,0,590.608679671536,130.35928592791254,0,0,0,0,0,0,0,0,0,0,0,0,0,0,722.8948563623649,0,0,740.7156573317936,92.08162809627433,0,0,0,0,30.374790855408623,0,0,0,0,0,0,0,0,0,0,0,0,0,0,0,0,0,0,0,0,0,0,0,0.5840304875599258,11.25615386564193,4.718505521964876,4.928249932572977,2.7595160526067604
Estado de Mexico,E-140,31.52588911006519,0,0,7.14134904084487,123.44020643768243,0,0,0,0,0,0,0,0,0,0,0,550.3492788933588,0,0,0,0,0,0,0,0,0,0,0,712.4567234818688,0,0,0,0,0,0,0,0,0,0,0,0,0,0,0,59.86002064660799,0,0,0,0,652.5967028352609,0,0,0,0,0,0,0,0,0,0,0,0,0,0,30.425997261186364,0,0,0,0,281.0238926266885,0,0,0,0,0,0,0,0,0,401.00683359405093,0,0,0,0,0,0,0,0,0,0,0,0,0,0,0,0,0,0,0,0,0,0,0,0,0,0,0,0,0,0,0,354.4486833686178,358.00804011328177,0,0,0,0,0,0,0,0,0,0,0,0,0,0,0,0,0,0,712.4567234818896,0,0,0,0,0,0,0,0,0,0,0,0,0,0,0,0,0,0,0,0,0,0,0,0,0,0,0,0,0.960035986353915,7.054532147514719,3.0721831783244653,3.403256718070091,1.7979413889569853
Ciudad de Mexico,M-037,0,0,0,534.1426284879155,133.3218311176958,0,37.252042464350836,1896.3981792933,0,0,0,0,0,0,0,0,0,0,0,0,0,0,0,0,1374.5869416454552,0,0,628.0191777682063,388.21848017694657,210.29008177241093,0,0,0,0,0,0,0,0,0,0,0,0,1479.7689248983625,0,5.2939427327498585,0,210.29008177241093,221.60425059586998,0,684.157481363626,0,0,0,0,0,0,0,0,0,1663.91153211568,69.71074654321721,0,0,0,0,0,43.22033540389874,424.4940930493491,0,0,60.59966669260287,0,0,0,0,0,0,0,0,0,0,339.1783075584771,0,0,0,0,0,0,0,0,0,0,0,0,0,0,0,0,0,0,0,0,0,0,0,0,0,1408.2123808848662,0,0,0,190.4053046060026,797.5244678530619,0,0,0,0,0,0,0,0,0,0,0,0,0,0,601.2341016353118,0,0,768.2980809129072,411.84536174199604,0,0,0,0,819.7371370727353,0,0,0,0,0,0,0,0,0,0,0,0,0,0,0,0,0,0,0,0,0,0,0,0.9443749430052192,11.543770498262369,4.894604942536202,5.171333877235464,2.4951183612175054
Estado de Mexico,E-117,338.262489470858,0,0,47.865934462898906,24.02174811690694,0,0,735.1344559040559,0,0,0,0,0,0,0,0,0,0,0,0,0,0,0,0,1145.2846279547052,0,0,0,0,0,0,0,0,0,0,0,0,0,0,0,0,0,0,0,269.06318573110184,0,0,1.32119350707617,0,874.9002487165272,0,0,0,0,0,0,0,0,0,271.16737262052004,0,0,0,166.39280834102516,1.5350762199599395,0,0,0,0,317.7961857228812,388.3931850503226,0,0,0,0,0,0,0,0,0,0,0,0,0,0,0,0,0,0,0,0,0,0,0,0,0,0,0,0,0,0,0,0,0,0,0,0,1145.2846279546789,0,0,0,0,0,0,0,0,0,0,0,0,0,0,0,0,0,0,0,4.2611951900138445,0,0,0,0,0,0,0,0,1141.0234327647,0,0,0,0,0,0,0,0,0,0,0,0,0,0,0,0,0,0,0,0,0,0,0,1.537101394762345,14.21737317302823,6.075401153771192,6.3786461079522585,3.4059365619683537
Ciudad de Mexico,M-072,612.2681076997438,0,0,215.49890030733496,0,0,14.070081854980351,0,0,0,0,0,0,0,0,0,0,0,0,0,0,0,0,0,841.837089862027,0,0,0,0,0,0,0,0,0,0,0,0,0,0,0,0,0,0,0,0,0,0,72.54466486702039,0,769.2924249950066,0,0,0,0,0,0,0,0,0,84.62575187884943,0,0,0,0,0,0,0,0,0,186.05322934225376,571.1581086409585,0,0,0,0,0,0,0,0,0,0,0,0,0,0,0,0,0,0,0,0,0,0,0,0,0,0,0,0,0,0,0,0,0,0,0,0,841.8370898620412,0,0,0,0,0,0,0,0,0,0,0,0,0,0,0,0,0,0,0,70.42807198214504,0,0,0,0,0,0,0,0,771.409017879881,0,0,0,0,0,0,0,0,0,0,0,0,0,0,0,0,0,0,0,0,0,0,0,2.4888564658878356,8.293974305206758,4.393975535240857,5.003842321264862,1.775214409689995
Ciudad de Mexico,M-053,0,0,0,30.277482088816086,215.48322195768708,0,0,101.20781378537056,0,0,0,0,0,0,0,0,367.6126804700082,0,0,0,0,0,0,0,0,0,0,206.38841600034834,508.1927823015505,0,0,0,0,0,0,0,0,0,0,0,0,0,0,0,0,206.38841600034834,0,0,0,508.1927823015505,0,0,0,0,0,0,0,0,0,0,0,0,0,0,148.4328971509798,0,0,0,0,0,0,0,0,0,0,0,0,0,0,251.28853758681902,0,314.85976356413164,0,0,0,0,0,0,0,0,0,0,0,0,0,0,0,0,0,0,0,0,0,0,0,0,0,0,0,0,0,210.58661410636307,503.99458419554196,0,0,0,0,0,0,0,0,0,0,0,0,0,0,0,0,0,197.30303830842564,517.2781599934375,0,0,0,0,0,0,0,0,0,0,0,0,0,0,0,0,0,0,0,0,0,0,0,0,0,0,0,0,3.5731514755989027,17.665620019116748,7.473257497564661,8.594817297239356,3.9572192436736
Estado de Mexico,E-118,752.7588383440033,0,0,0,97.52657879917614,0,0,409.4818153090278,0,0,0,0,0,0,0,0,0,0,0,0,0,0,0,0,1259.7672324521989,0,0,0,0,0,0,0,0,0,0,0,0,0,0,0,0,0,0,0,281.4879027336191,0,0,0,0,978.2793297185798,0,0,0,0,0,0,0,0,0,363.1803996580061,0,0,0,466.61459092353164,0,0,0,0,0,138.26962176008988,291.7026201106087,0,0,0,0,0,0,0,0,0,0,0,0,0,0,0,0,0,0,0,0,0,0,0,0,0,0,0,0,0,0,0,0,0,0,0,0,1259.7672324521511,0,0,0,0,0,0,0,0,0,0,0,0,0,0,0,0,0,0,0,0,0,0,0,0,0,0,0,0,1259.7672324521914,0,0,0,0,0,0,0,0,0,0,0,0,0,0,0,0,0,0,0,0,0,0,0,0.880690118887772,18.365799052152834,9.060738458803135,9.175684991148856,4.391458899931673
Ciudad de Mexico,M-055,0,0,0,332.7086615949834,334.49120028688037,0,0,166.37509670189237,0,0,0,0,0,0,0,0,51.20223885779777,0,0,0,0,0,0,0,95.16895490492718,0,0,425.23517204394597,364.3730704927736,0,0,0,0,0,0,0,0,0,0,0,0,0,95.16895490492718,0,0,0,0,0,0,789.6082425367196,0,0,0,0,0,0,0,0,0,0,477.20272416062517,0,0,0,11.992664526467387,46.798252564530635,0,35.64760209273201,0,3.5364978306125647,0,0,0,0,0,0,0,0,0,38.8539054224584,0,270.74555084421996,0,0,0,0,0,0,0,0,0,0,0,0,0,0,0,0,0,0,0,0,0,0,0,0,0,92.4544732700909,0,0,0,392.0750624473291,400.2476617242928,0,0,0,0,0,0,0,0,0,0,0,0,0,0,96.72881543321961,0,0,451.24723616730097,336.8011458412549,0,0,0,0,0,0,0,0,0,0,0,0,0,0,0,0,0,0,0,0,0,0,0,0,0,0,0,0,3.836998949046465,12.27256992290447,5.953014104972858,6.7446077362487244,2.3858578733109774
Ciudad de Mexico,M-073,521.902019737817,0,0,144.1909967958724,0,0,0,85.15423422122574,0,0,0,0,0,0,0,0,0,0,0,0,0,0,0,0,751.2472507549404,0,0,0,0,0,0,0,0,0,0,0,0,0,0,0,0,0,0,0,0,0,0,75.82016029374951,0,675.4270904611909,0,0,0,0,0,0,0,0,0,49.04154307927245,0,0,0,56.864558215389046,0,0,0,0,0,18.664756536243807,626.6763929239905,0,0,0,0,0,0,0,0,0,0,0,0,0,0,0,0,0,0,0,0,0,0,0,0,0,0,0,0,0,0,0,0,0,0,0,0,751.2472507549197,0,0,0,0,0,0,0,0,0,0,0,0,0,0,0,0,0,0,0,77.4416157557612,0,0,0,0,0,0,0,0,673.8056349991532,0,0,0,0,0,0,0,0,0,0,0,0,0,0,0,0,0,0,0,0,0,0,0,2.765108816456324,16.359630041638464,6.902713601131439,7.639261634694608,4.250515537381006
Ciudad de Mexico,M-058,1.1377544738107757,0,0,1368.2026155298815,568.2293922201252,0,14.540361490998919,713.9992286166608,0,0,0,0,0,0,0,0,0,0,0,0,0,0,0,0,939.7680341051033,0,0,619.2154877269494,1028.9026408864215,78.22318961332347,0,0,0,0,0,0,0,0,0,0,0,0,939.7680341051033,0,466.49983354432857,0,78.22318961332347,0,0,1181.6182950690422,0,0,0,0,0,0,0,0,0,0,815.4926725716888,0,0,0,0,150.74884079388963,0,116.49415679780394,0,0,0,0,0,0,0,0,806.123688639365,0,0,0,0,777.2499935289641,0,0,0,0,0,0,0,0,0,0,0,0,0,0,0,0,0,0,0,0,0,0,0,0,0,961.2632261440518,0,0,0,621.0584524167809,1016.2680565096592,0,0,0,0,0,0,0,0,0,0,0,0,0,0,912.1123264953683,0,0,712.8244106518914,1041.1726151845705,0,0,0,0,0,0,0,0,0,0,0,0,0,0,0,0,0,0,0,0,0,0,0,0,0,0,0,0,1.8071957708403164,13.003178283425967,5.8399932849993785,6.433220411268688,2.7026023762044784
Ciudad de Mexico,M-063,0,0,0,739.3041678966995,0,0,0,1292.45795562207,0,0,0,0,0,0,0,0,0,0,0,0,0,0,0,0,1788.7520295261093,0,0,0,243.0100939926042,0,0,0,0,0,0,0,0,0,0,0,0,0,1788.7520295261093,0,0,0,0,0,0,243.0100939926042,0,0,0,0,0,0,0,0,0,839.7656060867664,0,0,0,0,0,0,0,0,0,0,70.41226917782515,0,0,0,0,0,22.03362435702181,0,0,0,0,1099.5506238971773,0,0,0,0,0,0,0,0,0,0,0,0,0,0,0,0,0,0,0,0,0,0,0,0,0,1742.5174930798717,0,0,0,0,289.24463043886846,0,0,0,0,0,0,0,0,0,0,0,0,0,0,1842.8356151464172,0,0,0,188.92650837232242,0,0,0,0,0,0,0,0,0,0,0,0,0,0,0,0,0,0,0,0,0,0,0,0,0,0,0,0,0.7017117340572067,11.302853455125327,4.149282360834399,4.0118030764823125,2.5311716032379987
Ciudad de Mexico,M-069,0,0,0,12.801169224409556,0,0,0,622.4055041635179,0,0,0,0,0,0,0,0,0,0,0,0,0,0,0,0,66.48915590020724,0,0,0,568.7175174877071,0,0,0,0,0,0,0,0,0,0,0,0,0,0,0,0,0,0,66.48915590020724,0,568.7175174877071,0,0,0,0,0,0,0,0,0,0,0,0,0,0,0,0,0,0,0,82.08194378724299,553.1247296006808,0,0,0,0,0,0,0,0,0,0,0,0,0,0,0,0,0,0,0,0,0,0,0,0,0,0,0,0,0,0,0,0,0,0,0,0,635.2066733879216,0,0,0,0,0,0,0,0,0,0,0,0,0,0,0,0,0,0,0,71.26008973605775,0,0,0,563.9465836518707,0,0,0,0,0,0,0,0,0,0,0,0,0,0,0,0,0,0,0,0,0,0,0,0,0,0,0,0,2.12664466225812,7.15136368885771,4.188550692948702,4.418541264402512,1.5519647817866489
Ciudad de Mexico,M-059,0,0,0,318.00438618868554,0,0,0,305.5436854318732,0,0,0,0,0,0,0,0,558.2674434613638,0,0,0,0,0,0,0,419.67616692566725,0,0,0,762.1393481561528,0,0,0,0,0,0,0,0,0,0,0,0,0,419.67616692566725,0,0,0,0,0,0,762.1393481561528,0,0,0,0,0,0,0,0,0,117.50310199822823,0,0,0,242.05365460318305,0,0,0,0,0,0,0,0,0,0,0,0,15.16328840453137,0,0,0,0,807.0954700759441,0,0,0,0,0,0,0,0,0,0,0,0,0,0,0,0,0,0,0,0,0,0,0,0,0,389.8928564501777,0,0,0,0,791.9226586317168,0,0,0,0,0,0,0,0,0,0,0,0,0,0,443.2994902283808,0,0,0,738.5160248534542,0,0,0,0,0,0,0,0,0,0,0,0,0,0,0,0,0,0,0,0,0,0,0,0,0,0,0,0,0.4267147067737994,14.019569547146887,5.287834511245249,5.5498624369910985,3.8876912807085375
Ciudad de Mexico,M-052,0,0,0,68.70271608652526,1122.2052007991886,0,0,45.65189007301848,0,0,0,0,0,0,0,0,568.1051942853265,0,0,0,0,0,0,0,0,0,0,519.2272845617111,1285.4377166823224,0,0,0,0,0,0,0,0,0,0,0,0,0,0,0,0,519.2272845617111,0,0,0,1285.4377166823224,0,0,0,0,0,0,0,0,0,0,0,0,0,0,457.6753716000666,0,0,0,0,95.50954226791181,0,0,0,0,0,0,0,0,0,834.6050947173973,0,416.8749926586454,0,0,0,0,0,0,0,0,0,0,0,0,0,0,0,0,0,0,0,0,0,0,0,0,0,0,0,0,0,766.7639110296351,1037.9010902143727,0,0,0,0,0,0,0,0,0,0,0,0,0,0,0,0,0,535.8797885874427,1268.785212656653,0,0,0,0,0,0,0,0,0,0,0,0,0,0,0,0,0,0,0,0,0,0,0,0,0,0,0,0,0.26713182616967984,18.637437763867013,5.585600498548628,6.490867042379007,3.973052718668695
Estado de Mexico,E-119,45.31212151456852,0,0,0,183.62148872320552,0,90.30784705830668,1026.8294241885621,0,0,0,0,0,0,0,0,0,0,0,0,0,0,0,0,1346.0708814845475,0,0,0,0,0,0,0,0,0,0,0,0,0,0,0,0,0,0,0,1128.3901877947183,0,0,0,0,217.68069368982913,0,0,0,0,0,0,0,0,0,1149.1870764498183,0,0,0,164.51063079083679,0,0,0,0,0,0,3.298812006868666,0,0,29.074362237071746,0,0,0,0,0,0,0,0,0,0,0,0,0,0,0,0,0,0,0,0,0,0,0,0,0,0,0,0,0,0,0,0,0,1346.0708814844782,0,0,0,0,0,0,0,0,0,0,0,0,0,0,0,0,0,0,0,429.90576465700894,0,0,0,0,0,0,0,0,916.1651168275796,0,0,0,0,0,0,0,0,0,0,0,0,0,0,0,0,0,0,0,0,0,0,0,1.5027304606368659,18.349819640203044,5.728288088508617,6.881504911518133,4.345212953482415
Ciudad de Mexico,M-054,0,0,0,482.5056613947159,0,0,0,317.5545128937167,0,0,0,0,0,0,0,0,122.74122910346625,0,0,0,0,0,0,0,19.11027975364227,0,0,6.00408681904201,897.6870368189516,0,0,0,0,0,0,0,0,0,0,0,0,0,19.11027975364227,0,0,0.1415021924524595,0,0,0,903.5496214455411,0,0,0,0,0,0,0,0,0,0,61.79168928353818,0,0,0,75.20168986374506,0,0,0,0,245.07276036877266,0,0,0,0,0,0,0,0,0,16.365720620520005,0,524.3695432550929,0,0,0,0,0,0,0,0,0,0,0,0,0,0,0,0,0,0,0,0,0,0,0,0,0,10.412480034049816,0,0,0,7.0718062303231495,905.3171171272922,0,0,0,0,0,0,0,0,0,0,0,0,0,0,32.68586075158613,0,0,15.85263388874634,874.2629087513965,0,0,0,0,0,0,0,0,0,0,0,0,0,0,0,0,0,0,0,0,0,0,0,0,0,0,0,0,0.4643380661850816,12.758063834615434,4.676407578251028,4.9480819710101,3.1690550399444617
Estado de Mexico,E-141,389.0463483509399,0,0,81.21834015383632,1605.4587117585031,0,0,0,0,0,0,0,0,0,0,0,439.3283032991249,0,0,0,0,0,0,0,16.431473879071927,0,867.5528251534765,5.1028042515430645,1533.5129671073503,92.45163317108727,0,0,0,0,0,0,0,0,0,0,0,644.2028123782873,0,0,855.8404482772988,5.1028042515430645,92.45163317108727,0,0,917.4540054843127,0,0,0,0,0,0,0,0,0,0,0,0,0,0,29.66339952960175,0,126.65415580902489,121.85401802857965,0,250.30012949978803,0,0,0,0,0,0,0,0,0,1986.5800006954246,0,0,0,0,0,0,0,0,0,0,0,0,0,0,0,0,0,0,0,0,0,0,0,0,0,0,0,25.926454188243838,0,0,939.3677694610772,630.353066238786,790.990384109594,0,0,0,0,0,0,0,0,0,0,0,0,0,0,8.972093587146192,0,786.5110167874614,3.0803696027415652,1716.4882235851478,0,0,0,0,0,0,0,0,0,0,0,0,0,0,0,0,0,0,0,0,0,0,0,0,0,0,0,0,0.571252467022761,7.621701405171442,3.4346136549346546,3.499113629033146,1.785246851971667
Estado de Mexico,E-142,0,0,0,102.16783920151187,1154.8299481189665,0,0,12.432523954737258,0,0,0,0,0,0,0,0,40.67415685588763,0,0,0,0,0,0,0,0,0,437.9368643458649,293.30788438457455,578.8597194006676,0,0,0,0,0,0,0,0,0,0,0,0,0,0,0,440.1184224116209,293.30788438457455,0,0,0,576.6781613349116,0,0,0,0,0,0,0,0,0,0,0,0,0,0,486.79339411973734,0,0,0,0,6.927623696264087,0,0,0,0,0,0,0,0,0,816.3784464825092,0,0.005003832559311361,0,0,0,0,0,0,0,0,0,0,0,0,0,0,0,0,0,0,0,0,0,0,0,0,0,0,0,0,381.2033083607122,357.61064758041107,553.3326176092797,0,0,0,0,0,0,0,0,0,0,0,0,0,0,0,0,409.0535870757823,311.3743968428749,589.6764842123359,0,0,0,0,0,0,0,0,0,0,0,0,0,0,0,0,0,0,0,0,0,0,0,0,0,0,0,0,1.3400222702567437,14.543118202557984,4.435311691219191,5.873514346852635,3.9529223026618454
Ciudad de Mexico,M-064,0,0,0,63.10331119924032,0,0,0,649.5668192010231,0,0,0,0,0,0,0,0,126.24580213811585,0,0,0,0,0,0,0,433.9511085114285,0,0,0,404.96482402700076,0,0,0,0,0,0,0,0,0,0,0,0,0,433.9511085114285,0,0,0,0,0,0,404.96482402700076,0,0,0,0,0,0,0,0,0,315.8872779477457,0,0,0,0,0,0,0,0,0,0,234.5248371111189,0,0,228.0279074986423,0,0,0,0,0,0,0,60.47590998090823,0,0,0,0,0,0,0,0,0,0,0,0,0,0,0,0,0,0,0,0,0,0,0,0,0,420.0542928484143,0,0,0,0,418.8616396899681,0,0,0,0,0,0,0,0,0,0,0,0,0,0,343.4995104231957,0,0,0,388.542530066073,0,0,0,0,106.87389204917154,0,0,0,0,0,0,0,0,0,0,0,0,0,0,0,0,0,0,0,0,0,0,0,0.1897038440834424,8.854528204704406,2.9997360368449515,3.4208129935241276,2.0193964828057656
Estado de Mexico,E-120,705.4741104099439,0,0,0,0,0,112.94059820981654,443.24415438897324,0,0,0,0,0,0,0,0,0,0,0,0,0,0,0,0,1261.658863008706,0,0,0,0,0,0,0,0,0,0,0,0,0,0,0,0,220.26113599534898,37.51389910356834,0,238.5423222596233,0,0,0,0,765.3415056501656,0,0,0,0,0,0,0,0,0,274.5371232023996,0,0,0,388.2926500362846,0,0,0,0,0,178.19060099226255,361.7284949159791,0,0,57.390212928741555,0,0,0,0,0,0,0,0,0,0,0,0,0,0,0,1.519780932981214,0,0,0,0,0,0,0,0,0,0,0,0,0,0,0,0,0,1261.658863008707,0,0,0,0,0,0,0,0,0,0,0,0,0,0,0,0,0,0,0,156.01188268903587,0,0,0,0,0,0,0,0,903.9459037827692,0,0,0,0,0,201.70107653685315,0,0,0,0,0,0,0,0,0,0,0,0,0,0,0,0,0,1.28725859094165,13.755072346221365,7.091936418655261,7.192307638263879,3.374600081320479
Ciudad de Mexico,M-068,0,0,0,88.29647888293378,0,0,160.00300895715424,456.43333928420265,0,0,0,0,0,0,0,0,0,0,0,0,0,0,0,0,467.29920948958755,0,0,0,237.43361763469707,0,0,0,0,0,0,0,0,0,0,0,0,0,402.64023632231283,0,0,0,0,64.65897316727472,0,237.43361763469707,0,0,0,0,0,0,0,0,0,49.95701770956013,0,0,0,0,10.447953235631406,0,0,0,0,309.59694100691235,334.73091517221974,0,0,0,0,0,0,0,0,0,0,0,0,0,0,0,0,0,0,0,0,0,0,0,0,0,0,0,0,0,0,0,0,0,0,0,0,671.3535554707337,0,0,0,0,33.379271653548855,0,0,0,0,0,0,0,0,0,0,0,0,0,0,447.85212101042595,0,0,0,256.880706113895,0,0,0,0,0,0,0,0,0,0,0,0,0,0,0,0,0,0,0,0,0,0,0,0,0,0,0,0,0.67467648193384,6.521610401878425,2.8215290796057837,3.039788929839563,1.4852783027747514
Ciudad de Mexico,M-065,0,0,0,9.889063910275105,273.4406316070525,0,0,368.01784246519566,0,0,0,0,0,0,0,0,233.5537965780168,0,0,0,0,0,0,0,306.3122435225495,0,0,0,578.5890910378239,0,0,0,0,0,0,0,0,0,0,0,0,0,1.3778275207286252,0,0,0,0,0,0,883.5235070396448,0,0,0,0,0,0,0,0,0,336.8301707431335,0,0,0,26.770133973505118,1.9462423015528094,0,0,0,0,0,127.10581915793178,0,0,392.248968384349,0,0,0,0,0,0,0,0,0,0,0,0,0,0,0,0,0,0,0,0,0,0,0,0,0,0,0,0,0,0,0,0,0,292.471271591956,0,0,0,0,592.43006296850206,0,0,0,0,0,0,0,0,0,0,0,0,0,0,304.67945379369047,0,0,0,574.4575898916742,0,0,0,0,5.7642908750882675,0,0,0,0,0,0,0,0,0,0,0,0,0,0,0,0,0,0,0,0,0,0,0,0.8084169926511865,8.530564040969804,3.234624096671603,3.606092045810157,2.0060413772729935
Ciudad de Mexico,M-066,0,0,0,253.75583533824332,1304.2281064770068,0,0,1968.6929673826814,0,0,0,0,0,0,0,0,433.0939510260149,0,0,0,0,0,0,0,2115.0466001511736,0,0,44.57995473155735,1800.14430534123,0,0,0,0,0,0,0,0,0,0,0,0,0,142.69171837977956,0,0,0,0,0,0,3817.0791418441813,0,0,0,0,0,0,0,0,0,1527.626515311593,0,0,0,69.29605383251801,308.9108092636997,108.48756353900457,0,17.61507251087334,0,239.16959972074952,1075.556342584297,0,0,406.7295521431843,0,0,0,0,0,0,0,206.37935131791534,0,0,0,0,0,0,0,0,0,0,0,0,0,0,0,0,0,0,0,0,0,0,0,0,0,3510.573464045009,0,0,0,45.48000249626708,403.7173936827648,0,0,0,0,0,0,0,0,0,0,0,0,0,0,2144.736829568007,0,0,45.95231413585064,1769.0817165199282,0,0,0,0,0,0,0,0,0,0,0,0,0,0,0,0,0,0,0,0,0,0,0,0,0,0,0,0,0.12646948613204056,12.313974951956844,3.8154214224927427,4.24957061060893,2.5314369521609934
Estado de Mexico,E-143,0,0,0,62.179989374586754,276.557922014023,0,0,0,0,0,0,0,0,0,0,0,366.43910683180553,0,0,0,0,0,0,0,19.01605867099155,0,250.82878900243674,0,435.33217054700236,0,0,0,0,0,0,0,0,0,0,0,0,122.42551793367404,0,0,128.40327106876268,15.208479239703063,0,0,0,439.13974997829087,0,0,0,0,0,0,0,0,0,0,0,0,0,0,309.9205059600179,0,0,0,0,20.57204397843136,0,0,0,0,0,0,0,0,0,371.52142051992627,0,3.1630477622035578,0,0,0,0,0,0,0,0,0,0,0,0,0,0,0,0,0,0,0,0,0,0,0,0,0,20.497840806150244,0,0,260.7904915143522,0,423.88868590000254,0,0,0,0,0,0,0,0,0,0,0,0,0,0,9.314522562931053,0,264.3503585561987,0,431.51213710134607,0,0,0,0,0,0,0,0,0,0,0,0,0,0,0,0,0,0,0,0,0,0,0,0,0,0,0,0,0.7573539775094703,3.9749343988009254,2.604682116549221,2.40110084484863,0.9582656635730744
Estado de Mexico,E-156,0,0,0,295.459483961427,1375.096362187918,0,0,99.45311721709602,0,0,0,0,0,0,0,0,368.8930985139741,0,0,0,0,0,0,0,157.99985318534178,0,1749.356018595405,0,182.4282420491363,49.11794805051434,0,0,0,0,0,0,0,0,0,0,0,1662.9415505584482,86.41446803695683,0,0,137.63208806412058,49.11794805051434,0,0,202.79600717035748,0,0,0,0,0,0,0,0,0,0,0,0,0,0,0,0,39.00702560004133,71.3013945434664,0,5.112831503025149,0,0,0,0,0,0,0,0,0,2012.5142282249828,0,10.966582009118401,0,0,0,0,0,0,0,0,0,0,0,0,0,0,0,0,0,0,0,0,0,0,0,0,0,84.66216078471766,0,0,1705.5947382461595,0,178.35025958925718,99.54261792268919,0,0,0,0,0,0,0,0,0,0,0,0,0,163.28309074183886,0,1682.614306642471,0,218.31949527740707,0,74.68516921862204,0,0,0,0,0,0,0,0,0,0,0,0,0,0,0,0,0,0,0,0,0,0,0,0,0,0,0.2352981965395801,7.769050618390262,2.6816126636838975,2.726430214922073,1.7544685334012549
Ciudad de Mexico,M-067,0,0,0,276.6533505628358,0,0,66.65939923531238,1636.6316803023572,0,0,0,0,0,0,0,0,704.4541389275691,0,0,0,0,0,0,0,1097.8243930515528,0,0,0,1586.5741759763987,0,0,0,0,0,0,0,0,0,0,0,0,0,829.7208854295949,0,0,0,0,268.1035076219578,0,1586.5741759763987,0,0,0,0,0,0,0,0,0,443.67521726169207,0,0,0,0,116.19108152525989,20.658738647307118,0,0,0,328.3128566411441,1676.784181570717,0,0,0,0,0,0,0,0,0,0,98.77649338190326,0,0,0,0,0,0,0,0,0,0,0,0,0,0,0,0,0,0,0,0,0,0,0,0,0,2684.3985690280197,0,0,0,0,0,0,0,0,0,0,0,0,0,0,0,0,0,0,0,1026.0815992448595,0,0,0,1658.316969783166,0,0,0,0,0,0,0,0,0,0,0,0,0,0,0,0,0,0,0,0,0,0,0,0,0,0,0,0,0.16545450002727818,13.034827417500093,3.578073177103562,4.040352198886228,2.8418072025604015
Morelos,S-018,2.7326171660134895,0,0,80.27532371488458,0,0,0,0,0,0,0,0,0,0,0,0,731.2176303986452,0,0,0,0,0,0,0,561.221142734535,0,0,0,253.00442854501918,0,0,0,0,0,0,0,0,0,0,0,0,0,448.81930213059394,0,0,0,0,112.40184060394101,0,253.00442854501918,0,0,0,0,0,0,0,0,0,370.56755994901346,0,0,0,0,381.41965844127293,32.97569565399272,0,0,0,0.772026017203353,28.49063121801059,0,0,0,0,0,0,0,0,0,0,0,0,0,0,0,0,0,0,0,0,0,0,0,0,0,0,0,0,0,0,0,0,0,0,0,0,814.2255712795411,0,0,0,0,0,0,0,0,0,0,0,0,0,0,0,0,0,0,0,589.7832503304993,0,0,0,224.44232094904055,0,0,0,0,0,0,0,0,0,0,0,0,0,0,0,0,0,0,0,0,0,0,0,0,0,0,0,0,0.32950905386446555,5.63315990194413,1.8950454920540096,2.4250093646455397,1.5968965422706496
Ciudad de Mexico,M-062,0,0,0,474.5950337487235,0,0,0,692.8361090876434,0,0,0,0,0,0,0,0,750.0297987354842,0,0,0,0,0,0,0,284.2589409089113,0,0,0,1633.2020006629396,0,0,0,0,0,0,0,0,0,0,0,0,0,284.2589409089113,0,0,0,0,0,0,1633.2020006629396,0,0,0,0,0,0,0,0,0,39.687824180248874,0,0,0,0,0,57.97528230087378,0,0,0,65.35976720965677,306.49429799813464,0,0,1022.4783325309971,0,0,0,0,0,0,0,274.1827218813679,0,0,0,0,0,0,0,151.28271547067303,0,0,0,0,0,0,0,0,0,0,0,0,0,0,0,0,0,357.8195459560779,0,0,0,0,1559.6413956156182,0,0,0,0,0,0,0,0,0,0,0,0,0,0,246.90900676458597,0,0,0,1670.551934807198,0,0,0,0,0,0,0,0,0,0,0,0,0,0,0,0,0,0,0,0,0,0,0,0,0,0,0,0,0.5879666562906871,8.688143121777426,3.0903408511979467,3.420988107821968,1.979655384595859
Ciudad de Mexico,M-061,0,0,0,40.15764623237519,0,0,0,0,0,0,0,0,0,0,0,0,574.1730845087427,0,0,0,0,0,0,0,102.68293262853622,0,0,0,511.6477981125518,0,0,0,0,0,0,0,0,0,0,0,0,0,102.68293262853622,0,0,0,0,0,0,511.6477981125518,0,0,0,0,0,0,0,0,0,0,0,0,0,0,0,0,0,0,0,68.50904339369755,0.28997329098540087,0,0,0,0,0,0,0,0,0,0,545.5317140564601,0,0,0,0,0,0,0,0,0,0,0,0,0,0,0,0,0,0,0,0,0,0,0,0,0,126.77946052870719,0,0,0,0,487.5512702123935,0,0,0,0,0,0,0,0,0,0,0,0,0,0,84.5364343623571,0,0,0,529.7942963787474,0,0,0,0,0,0,0,0,0,0,0,0,0,0,0,0,0,0,0,0,0,0,0,0,0,0,0,0,2.6648047691896517,8.983794464936421,4.801794639051868,5.163693064870168,1.9450893107540164
Estado de Mexico,E-121,445.30933820007556,0,0,1.101571012972031,0,0,197.79517944161955,974.7225445304097,0,0,0,0,0,0,0,0,0,0,0,0,0,0,0,0,1618.928633185088,0,0,0,0,0,0,0,0,0,0,0,0,0,0,0,0,412.9140456343527,677.5842328697903,0,93.97485972607564,0,0,26.740685064013622,0,407.7148098908559,0,0,0,0,0,0,0,0,0,544.3322641400471,0,0,0,384.7276788140968,419.79108460920276,0,0,0,0,97.07262477884103,12.681781956722897,0,0,93.99210725885786,0,0,0,0,0,0,0,0,0,0,0,5.967387574507378,0,0,0,60.36370405280606,0,0,0,0,0,0,0,0,0,0,0,0,0,0,0,0,0,1618.9286331850658,0,0,0,0,0,0,0,0,0,0,0,0,0,0,0,0,0,0,0,941.5173074740396,0,0,0,0,0,0,0,0,245.3560388509209,0,0,0,0,0,432.0552868601488,0,0,0,0,0,0,0,0,0,0,0,0,0,0,0,0,0,0.6448441967196157,15.9454514834061,5.288028613735822,6.312221893621038,4.574315563488525
Morelos,S-012,0,0,0,91.40439998017224,0,0,0,233.30656088244078,0,0,0,0,0,0,0,0,342.36586717439246,0,0,0,0,0,0,0,380.7556236435701,0,0,0,286.3212043933316,0,0,0,0,0,0,0,0,0,0,0,0,0,246.96517458789555,0,51.682192066547536,0,0,82.10825698912704,0,286.3212043933316,0,0,0,0,0,0,0,0,0,162.54179944561199,0,0,0,0,293.27217464885905,0,0,0.004041974177348172,0,156.47664422409318,54.782167744274076,0,0,0,0,0,0,0,0,0,0,0,0,0,0,0,0,0,0,0,0,0,0,0,0,0,0,0,0,0,0,0,0,0,0,0,0,379.91232033322643,0,0,0,0,287.16450770364895,0,0,0,0,0,0,0,0,0,0,0,0,0,0,399.106406308864,0,0,0,267.97042172801144,0,0,0,0,0,0,0,0,0,0,0,0,0,0,0,0,0,0,0,0,0,0,0,0,0,0,0,0,1.4041983041624215,7.421836442640201,4.293666158259626,3.923190284451263,1.7545926168575314
Estado de Mexico,E-157,0,0,0,192.81679000311465,660.5428030423951,7.379472559897666,0,243.38251907692003,0,0,0,0,0,0,0,0,851.8047831583882,0,0,0,0,0,0,0,19.713414773977913,0,423.98819025665796,0,1376.209023317858,136.0157394922471,0,0,0,0,0,0,0,0,0,0,0,423.98819025665796,0,0,0,1376.209023317858,136.0157394922471,0,0,19.713414773977913,0,0,0,0,0,0,0,0,0,0,0,0,0,0,0,0,0,113.81346034533131,0,20.527204748064186,0,0,0,0,0,0,0,0,0,1821.5857027473992,0,0,0,0,0,0,0,0,0,0,0,0,0,0,0,0,0,0,0,0,0,0,0,0,0,0,0,14.97496309652766,0,0,406.8861883107131,0,1419.6852696742915,0,0,0,0,0,0,0,0,0,0,0,0,0,0,23.312226045873953,0,487.9775802703873,0,1444.6365615245581,0,0,0,0,0,0,0,0,0,0,0,0,0,0,0,0,0,0,0,0,0,0,0,0,0,0,0,0,0.44952987647307746,6.235830265288227,2.2510390337846538,2.5360707206051734,1.6134047459058458
Ciudad de Mexico,M-060,0,0,0,125.70255247090482,0,0,0,0,0,0,0,0,0,0,0,0,528.8648535931953,0,0,0,0,0,0,0,335.68455776283514,0,0,0,318.88284830124456,0,0,0,0,0,0,0,0,0,0,0,0,0,335.68455776283514,0,0,0,0,0,0,318.88284830124456,0,0,0,0,0,0,0,0,0,0,0,0,0,37.20051135537827,43.52061495962374,18.87549085922178,0,0,0,272.8555083466738,0,0,0,0,0,0,0,0,0,0,0,282.1152805431917,0,0,0,0,0,0,0,0,0,0,0,0,0,0,0,0,0,0,0,0,0,0,0,0,0,359.351061896294,0,0,0,0,295.2163441677504,0,0,0,0,0,0,0,0,0,0,0,0,0,0,308.69944126386883,0,0,0,345.86796480020996,0,0,0,0,0,0,0,0,0,0,0,0,0,0,0,0,0,0,0,0,0,0,0,0,0,0,0,0,1.0666832372384614,8.653585867594291,4.529510851662929,4.401140902421678,2.3364668230661825
Estado de Mexico,E-122,433.14193945989575,0,0,0,0.7764438404385263,0,132.5478916302998,93.65534358270057,0,0,0,0,0,0,0,0,0,0,0,0,0,0,0,0,660.1216185133138,0,0,0,0,0,0,0,0,0,0,0,0,0,0,0,0,0,179.9065751730745,0,0,0,0,62.364478440624495,0,417.8505648996149,0,0,0,0,0,0,0,0,0,204.75281315716438,0,0,0,230.46729334219734,77.16982717254042,0,0,49.698939100188,0,98.03274574130292,0,0,0,0,0,0,0,0,0,0,0,0,0,0,0,0,0,0,0,0,0,0,0,0,0,0,0,0,0,0,0,0,0,0,0,0,0,660.1216185132857,0,0,0,0,0,0,0,0,0,0,0,0,0,0,0,0,0,0,0,405.9030161982953,0,0,0,0,0,0,0,0,203.22680337803666,0,0,0,0,0,50.99179893698369,0,0,0,0,0,0,0,0,0,0,0,0,0,0,0,0,0,0.16169369939107292,15.047961150965374,3.7772067055262752,5.64612193330994,4.852047064352471
Morelos,S-001,1347.7413223711774,0,0,0,0,0,0,1196.7442022197793,0,0,0,0,0,0,0,0,0,0,0,0,0,0,0,0,2540.3393090261197,0,0,0,4.146215564680443,0,0,0,0,0,0,0,0,0,0,0,0,0,1343.7314007039356,0,0,0,0,0,0,1200.7541238868646,0,0,0,0,0,0,0,0,0,0,0,0,0,1401.3062756982522,601.3311299345942,23.029260383021615,0,0,0,137.10893064712218,381.7099279280368,0,0,0,0,0,0,0,0,0,0,0,0,0,0,0,0,0,0,0,0,0,0,0,0,0,0,0,0,0,0,0,0,0,0,0,0,2538.2840904429777,0,0,0,0,6.201434147735543,0,0,0,0,0,0,0,0,0,0,0,0,0,0,1345.5384532831479,0,0,0,6.1143409111565115,0,0,0,0,1192.8327303966414,0,0,0,0,0,0,0,0,0,0,0,0,0,0,0,0,0,0,0,0,0,0,0,1.768015368699953,15.283268605605317,5.757532442525536,6.038895712103859,2.7126585367880782
Morelos,S-011,0,0,0,86.4014851830971,0,0,0,593.2041387355667,0,0,0,0,0,0,0,0,93.099614763745,0,0,0,0,0,0,0,259.71971392649766,0,0,0,512.9855247561529,0,0,0,0,0,0,0,0,0,0,0,0,12.103039852937238,102.28335380401728,0,145.33332026954315,0,0,0,0,512.9855247561529,0,0,0,0,0,0,0,0,0,163.11921326379328,0,0,0,0,609.5596630076851,0.02636241111787946,0,0,0,0,0,0,0,0,0,0,0,0,0,0,0,0,0,0,0,0,0,0,0,0,0,0,0,0,0,0,0,0,0,0,0,0,0,0,0,0,0,324.1679522271905,0,0,0,0,448.5372864554569,0,0,0,0,0,0,0,0,0,0,0,0,0,0,239.52659840107418,0,0,0,533.1786402815486,0,0,0,0,0,0,0,0,0,0,0,0,0,0,0,0,0,0,0,0,0,0,0,0,0,0,0,0,1.2587659252951493,7.668961510384608,3.2218155185941098,3.1853443659381493,1.3350874998187228
Estado de Mexico,E-123,1623.5347314518312,0,0,0,21.534915445021632,0,42.960606703826826,5.9168540404942185,0,0,0,0,0,0,0,0,0,0,0,0,0,0,0,0,1693.9471076411444,0,0,0,0,0,0,0,0,0,0,0,0,0,0,0,0,0,0,0,0,0,0,0,0,1693.9471076411444,0,0,0,0,0,0,0,0,0,72.8411892795737,0,0,0,1213.5241619785513,0,0,0,4.713102218679439,0,133.56131813986724,145.9408658927069,0,0,0,0,0,0,0,0,0,0,0,0,0,0,0,0,0,0,123.36647013155788,0,0,0,0,0,0,0,0,0,0,0,0,0,0,0,0,0,1693.9471076411976,0,0,0,0,0,0,0,0,0,0,0,0,0,0,0,0,0,0,0,126.42962984631167,0,0,0,0,0,0,0,0,1567.5174777948598,0,0,0,0,0,0,0,0,0,0,0,0,0,0,0,0,0,0,0,0,0,0,0,2.4889181028610885,14.098473976712386,7.6388258320012365,7.418526588515416,3.059247541918919
Estado de Mexico,E-158,0,0,0,97.09501439126413,346.68179922566156,0,0,133.65932192918822,0,0,0,0,0,0,0,0,96.81230928431955,0,0,0,0,0,0,0,102.0345925784731,0,0,0,572.2138522519881,0,0,0,0,0,0,0,0,0,0,0,0,0,92.31484658694929,0,0,572.2138522519881,0,0,0,9.719745991523805,0,0,0,0,0,0,0,0,0,0,0,0,0,0,0,0,0,0,0,0,0,0,0,0,0,0,0,0,0,593.1557115960414,81.09273323442878,0,0,0,0,0,0,0,0,0,0,0,0,0,0,0,0,0,0,0,0,0,0,0,0,0,0,123.3187775691499,0,0,0,0,550.9296672613436,0,0,0,0,0,0,0,0,0,0,0,0,0,0,3.088036078647322,0,0,0,587.5031241055304,0,0,0,0,83.65728464629073,0,0,0,0,0,0,0,0,0,0,0,0,0,0,0,0,0,0,0,0,0,0,0,1.3442589487875876,8.93515320614958,5.336081306377523,5.204392736237142,2.3123482609355537
Morelos,S-042,0,0,0,47.48329319628668,0,0,0,0,0,0,0,0,0,0,0,0,867.8243054908374,0,0,0,0,0,0,0,223.20953489502818,0,0,6.698057226894098,685.4000065651186,0,0,0,0,0,0,0,0,0,0,0,0,0,223.20953489502818,0,0,0,0,0,0,692.0980637920127,0,0,0,0,0,0,0,0,0,0,79.37682925226386,0,0,0,385.29260600652833,0,0,0,0,10.385295096593945,0,0,0,0,0,0,0,0,0,0,0,440.2528683316579,0,0,0,0,0,0,0,0,0,0,0,0,0,0,0,0,0,0,0,0,0,0,0,0,0,228.92728428344387,0,0,0,10.155034664569607,676.2252797390703,0,0,0,0,0,0,0,0,0,0,0,0,0,0,217.23264557700804,0,0,4.226819084561314,693.848134025503,0,0,0,0,0,0,0,0,0,0,0,0,0,0,0,0,0,0,0,0,0,0,0,0,0,0,0,0,1.994543716075979,16.97517704399989,4.899965182997436,6.836529119538714,4.018948218736229
Morelos,S-041,0,0,0,164.79709283131285,0,0,0,0,0,0,0,0,0,0,0,0,841.8085900461061,0,0,0,0,0,0,0,508.38749218913654,0,0,3.558817947599949,494.65937274087594,0,0,0,0,0,0,0,0,0,0,0,0,0,508.38749218913654,0,0,0,0,0,0,498.2181906884759,0,0,0,0,0,0,0,0,0,0,131.24315950396428,0,0,102.60328204632555,320.59318989802193,26.14979085508844,0,0,0,4.015979498956898,0,0,0,0,0,0,0,0,0,0,0,333.0679801456917,0,0,0,0,0,0,0,0,0,0,0,0,88.93230092927429,0,0,0,0,0,0,0,0,0,0,0,0,520.042120251817,0,0,0,3.887354851881327,482.6762077737747,0,0,0,0,0,0,0,0,0,0,0,0,0,0,485.1196685964033,0,0,5.522872889564098,515.9631413914584,0,0,0,0,0,0,0,0,0,0,0,0,0,0,0,0,0,0,0,0,0,0,0,0,0,0,0,0,1.5481569661890313,16.990612339160784,7.200096891108338,7.246934358809524,3.650437994326207
Morelos,S-037,0,0,0,66.33382245652233,0,0,0,0,0,0,0,0,0,0,0,0,791.5459071495067,0,0,0,0,0,0,0,857.8797296060574,0,0,0,0,0,0,0,0,0,0,0,0,0,0,0,0,0,857.8797296060574,0,0,0,0,0,0,0,0,0,0,0,0,0,0,0,0,55.111059677413934,0,0,0,0,18.891145909323296,0,0,0,0,15.363084959904013,0,0,0,0,4.5573266354595265,0,0,0,0,0,0,233.07515215599258,0,0,0,0,0,0,0,0,0,0,0,0,493.9136229846785,36.96833728321838,0,0,0,0,0,0,0,0,0,0,0,857.8797296060574,0,0,0,0,0,0,0,0,0,0,0,0,0,0,0,0,0,0,0,857.8797296060574,0,0,0,0,0,0,0,0,0,0,0,0,0,0,0,0,0,0,0,0,0,0,0,0,0,0,0,0,0,0,0,0,1.4310808788048046,19.75054442920347,11.426461326019174,10.839484256046019,4.9193069505892595
Morelos,S-044,0,0,0,125.1515668725263,245.7088462783941,0,0,0,0,0,0,0,0,0,0,0,1612.4367243747718,0,0,0,0,0,0,0,431.7529063409761,0,0,93.61157920417655,1457.9326519806534,0,0,0,0,0,0,0,0,0,0,0,0,0,421.8263163424243,0,0,0,0,9.9265899985518,0,1551.5442311848299,0,0,0,0,0,0,0,0,0,281.7865044832779,216.5474236639098,0,0,0,886.8774929165322,0,26.77524865426532,0,0,190.29280163407157,0,0,0,0,43.67285749409323,0,0,0,0,18.917153994859778,0,318.42765468460954,0,0,0,0,0,0,0,0,0,0,0,0,0,0,0,0,0,0,0,0,0,0,0,0,0,439.13676932421026,0,0,0,97.53423247254486,1446.6261357289945,0,0,0,0,0,0,0,0,0,0,0,0,0,0,407.47857523782994,0,0,85.07225112041303,1482.2971532465135,0,0,0,0,0,0,0,0,0,0,8.449157921027856,0,0,0,0,0,0,0,0,0,0,0,0,0,0,0,0,0,1.2104632816835752,14.114267539626887,6.905903238311997,7.552830527893141,3.0012920624904114
Morelos,S-043,0,0,0,0,0,0,0,0,0,0,0,0,0,0,0,0,1034.4355108750626,0,0,0,0,0,0,0,649.1760497477484,0,0,240.32827110505409,144.93119002206464,0,0,0,0,0,0,0,0,0,0,0,0,0,649.1760497477484,0,0,0,0,0,0,385.2594611271187,0,0,0,0,0,0,0,0,0,0.25531656182145873,478.4950220997858,0,0,0,491.77440940930194,0,0,35.276998592676186,0,28.633764211291048,0,0,0,0,0,0,0,0,0,0,0,0,0,0,0,0,0,0,0,0,0,0,0,0,0,0,0,0,0,0,0,0,0,0,0,0,0,641.5037168025874,0,0,0,265.125081949094,127.80671212326834,0,0,0,0,0,0,0,0,0,0,0,0,0,0,654.1188246494103,0,0,221.68011186299032,158.6365743624378,0,0,0,0,0,0,0,0,0,0,0,0,0,0,0,0,0,0,0,0,0,0,0,0,0,0,0,0,3.09366046465826,17.179026245938385,9.177360756418166,9.691162530393024,3.215364827791144
Morelos,S-002,2971.130713382722,0,0,0,0,0,0,786.0011948523235,0,0,0,0,0,0,0,0,0,0,0,0,0,0,0,0,3735.671746607565,0,0,0,0,21.460161627673152,0,0,0,0,0,0,0,0,0,0,0,156.8007457937292,117.08224733752355,0,298.51432155810323,0,21.460161627673152,0,0,3163.2744319182093,0,0,0,0,0,0,0,0,0,0,0,0,0,1755.1159214579502,869.4716452243924,46.95847321132858,0,0,0,207.05930177991306,221.84478694700545,0,0,0,36.840630850509385,0,0,0,0,0,0,0,0,0,0,21.429752863350473,0,0,0,89.97221484241777,0,0,0,0,508.43918105828027,0,0,0,0,0,0,0,0,0,0,0,0,3746.2526384358143,0,0,0,0,0,0,0,0,0,0,0,0,0,0,0,0,0,0,0,597.6114671995929,0,0,0,0,0,0,0,0,3159.5204410358197,0,0,0,0,0,0,0,0,0,0,0,0,0,0,0,0,0,0,0,0,0,0,0,0.42236791259478734,16.79855590210195,6.463094047507976,6.8427451673902375,3.6034406805063774
Morelos,S-025,0,0,0,243.26062177527598,0,0,0,0,0,0,0,0,0,0,0,0,1802.4736383996942,0,0,0,0,0,0,0,432.0235826150516,0,0,0,1613.7106775598684,0,0,0,0,0,0,0,0,0,0,0,0,0,421.1578889124788,0,10.865693702572829,0,0,0,0,1613.7106775598684,0,0,0,0,0,0,0,0,0,0,0,0,39.772220298669076,25.88589893419826,1130.1243437611015,369.27545252407367,1.4841232074421666,0,0,0,0,0,0,313.1443843968312,134.71480029417322,0,0,0,0,0,0,0,0,0,0,0,0,0,0,0,0,0,0,0,25.087487796877557,0,6.245548961611324,0,0,0,0,0,0,0,0,0,0,1697.7427764278536,0,0,0,0,347.9914837472408,0,0,0,0,0,0,0,0,0,0,0,0,0,0,451.15626947845027,0,0,0,1594.57799069641,0,0,0,0,0,0,0,0,0,0,0,0,0,0,0,0,0,0,0,0,0,0,0,0,0,0,0,0,1.3258407293051755,16.45839268337038,4.749681958089122,5.49932271408881,2.657011101829388
Morelos,S-026,0,0,0,6.608005318997988,0,0,0,0,0,0,0,0,0,0,0,0,1201.7450029634233,0,0,0,0,0,0,0,391.87212667023135,0,0,0,816.4808816122385,0,0,0,0,0,0,0,0,0,0,0,0,0,391.87212667023135,0,0,0,0,0,0,816.4808816122385,0,0,0,0,0,0,0,0,0,0,0,0,0,0,543.2912868615491,320.8661159727157,12.33281150811293,0,0,0,0,0,0,246.8580563127725,29.670713339652355,0,0,0,0,0,0,0,0,0,0,0,0,0,0,0,0,0,0,0,55.33402428758105,0,0,0,0,0,0,0,0,0,0,0,0,948.3697499455529,0,0,0,0,259.9832583369224,0,0,0,0,0,0,0,0,0,0,0,0,0,0,379.44925665644615,0,0,0,828.9037516260485,0,0,0,0,0,0,0,0,0,0,0,0,0,0,0,0,0,0,0,0,0,0,0,0,0,0,0,0,4.412722452859786,17.29421842238758,6.421653647181133,7.224926353405727,2.7195643497147084
Morelos,S-046,0,0,0,104.33341688830347,316.42220478216456,0,0,7.640571483598146,0,0,0,0,0,0,0,0,1198.152371514223,0,0,0,0,0,0,0,621.6524366210656,0,0,0,1004.8961280475123,0,0,0,0,0,0,0,0,0,0,0,0,0,0,0,0,413.1127445829613,0,208.5309413678491,0,1004.9048787177676,0,0,0,0,0,0,0,0,0,0,0,0,110.01401270141683,0,710.8377228701521,0,0,0,0,114.91024980006843,0,0,0,0,53.94064797722436,0,0,0,0,503.2626365747003,0,0,0,0,133.5832947450973,0,0,0,0,0,0,0,0,0,0,0,0,0,0,0,0,0,0,0,0,0,0,582.5180268390676,0,0,0,0,1044.0305378294272,0,0,0,0,0,0,0,0,0,0,0,0,0,0,404.9480448746654,0,0,0,1012.3825774698594,0,0,0,0,0,0,0,0,0,0,209.21794232396255,0,0,0,0,0,0,0,0,0,0,0,0,0,0,0,0,0,3.3296565089688563,14.248900720345908,6.144716940555068,6.910608965564058,2.8057550338337744
Morelos,S-045,0,0,0,22.731726627905896,9.084929508825034,0,0,4.804231079903132,0,0,0,0,0,0,0,0,1136.1889865902226,0,0,0,0,0,0,0,215.1858163946165,0,0,113.76262252484014,843.8614348875981,0,0,0,0,0,0,0,0,0,0,0,0,0,0,0,0,45.23425534178306,0,169.95156105283343,0,957.6240574124382,0,0,0,0,0,0,0,0,0,33.30256410432912,59.40405644647634,0,7.705484013728629,0,724.9757853789154,0,10.382162380618336,0,0,0,0,0,0,0,76.80996090130135,0,0,0,0,256.1250163007605,0,0,0,0,4.104844280929266,0,0,0,0,0,0,0,0,0,0,0,0,0,0,0,0,0,0,0,0,0,0,184.40712007918185,0,0,0,106.90665892715069,881.4960948006809,0,0,0,0,0,0,0,0,0,0,0,0,0,0,0,0,0,106.22436360354021,857.7458948064397,0,0,0,0,0,0,0,0,0,0,208.83961539713582,0,0,0,0,0,0,0,0,0,0,0,0,0,0,0,0,0,3.8881308962403485,14.71257853252768,6.519732753014562,7.459340207592441,3.0368622475881795
Morelos,S-003,1186.651257559054,0,0,0,0,0,0,0,0,0,0,0,0,0,0,0,0,0.005888307369470494,0,0,0,0,0,0,1186.657145866425,0,0,0,0,0,0,0,0,0,0,0,0,0,0,0,0,0,0,0,466.6609233323533,0,0,0,0,719.9962225340716,0,0,0,0,0,0,0,0,0,0,0,0,0,214.17535244549356,347.8470553377379,0,0,0,0,0,0,0,0,0,12.80946334004607,0,0,0,0,0,0,0,0,0,0,0,0,0,0,0,0,0,0,0,611.7098748142209,0,0,0.115399928884353,0,0,0,0,0,0,0,0,0,1186.6571458664303,0,0,0,0,0,0,0,0,0,0,0,0,0,0,0,0,0,0,0,462.91167961601803,0,0,0,0,0,0,0,0,723.7454662503948,0,0,0,0,0,0,0,0,0,0,0,0,0,0,0,0,0,0,0,0,0,0,0,3.9707803287988086,20.1783643352207,11.017382937415427,10.602574404066884,4.391921166015296
Morelos,S-074,0,0,0,0,0,0,0,0.19094958383409516,0,0,0,0,0,0,0,0,187.65300586670375,0,0,0,0,0,0,0,0,0,0,187.8439554505322,0,0,0,0,0,0,0,0,0,0,0,0,0,0,0,0,0,0,0,0,0,187.8439554505322,0,0,0,0,0,0,0,0,0,0,69.03510120037014,0,0,0,0,0,0,38.278375408815805,0,0,0,0,0,0,0,0,0,0,0,80.53047884134905,0,0,0,0,0,0,0,0,0,0,0,0,0,0,0,0,0,0,0,0,0,0,0,0,0,0,0,0,0,0,0,187.8439554505322,0,0,0,0,0,0,0,0,0,0,0,0,0,0,0,0.24016915085355223,0,0,187.60378629966712,0,0,0,0,0,0,0,0,0,0,0,0,0,0,0,0,0,0,0,0,0,0,0,0,0,0,0,0,0,5.708723412994591,8.602887413390734,8.01302584345106,7.302833287798924,1.365376128671606
Morelos,S-048,0,0,0,0,497.28101854836467,0,0,11.077227273672055,0,0,0,0,0,0,0,0,672.2474372962199,0,0,0,0,0,0,0,683.0056195633895,0,432.17925999754294,0,65.42080355738484,0,0,0,0,0,0,0,0,0,0,0,0,83.84780228866462,0,0,348.3314577088783,377.7923458176955,0,147.5214821668961,0,223.1125951361827,0,0,0,0,0,0,0,0,0,0,19.506243419491927,0,0,0,128.87157104771575,53.30211806854742,0,6.067374182819873,0,0,0,0,0,0,0,0,0,0,0,972.8583763995974,0,0,0,0,0,0,0,0,0,0,0,0,0,0,0,0,0,0,0,0,0,0,0,0,0,0,0,697.3320659202661,0,0,68.90160817951627,0,62.537867677055154,351.834141341431,0,0,0,0,0,0,0,0,0,0,0,0,0,509.8225867956062,0,457.92719018266916,0,72.88377683329688,0,0,0,0,0,0,0,0,0,0,139.97212930685416,0,0,0,0,0,0,0,0,0,0,0,0,0,0,0,0,0,2.18074237935608,13.444644956118966,4.9900350604316595,5.259117695008776,2.488321425763753
Morelos,S-049,0,0,0,394.7322537553974,1798.5526976085234,0,0,15.670921888433474,0,0,0,0,0,0,0,0,344.91591829782624,0,0,0,0,0,0,0,141.64178409091915,0,1119.5509043148222,0,1292.6791031443124,0,0,0,0,0,0,0,0,0,0,0,0,701.0378275460167,12.721202031753203,0,418.5130767688056,1267.7230965753674,0,115.1643345803258,0,38.71225404778497,0,0,0,0,0,0,0,0,0,0,102.92955876173961,0,0,0,6.1306213869313275,0,0,2.8677803047896733,0,0,0,0,0,0,0,0,0,0,0,2404.6344098737263,17.15893686858363,20.15048435452463,0,0,0,0,0,0,0,0,0,0,0,0,0,0,0,0,0,0,0,0,0,0,0,0,0,165.2422008184957,0,0,671.4320996841915,0,1302.7348320969982,414.46265895051005,0,0,0,0,0,0,0,0,0,0,0,0,0,3.6838605196474643,0,1137.2475962601793,0,1293.6631286166362,0,0,0,0,9.407570086477357,0,0,0,0,0,109.8696360671863,0,0,0,0,0,0,0,0,0,0,0,0,0,0,0,0,0,0.4356312243140541,12.703759839463133,4.621659808340061,5.009709753918472,2.381140494612864
Morelos,S-013,0,0,0,54.750059969668335,0,0,0,0,0,0,0,0,0,0,0,0,550.6422503783473,0,0,0,0,0,0,0,605.3923103480399,0,0,0,0,0,0,0,0,0,0,0,0,0,0,0,0,6.2546359386257,0,0,599.1376744094142,0,0,0,0,0,0,0,0,0,0,0,0,0,0,508.6723505222019,0,0,0,0,5.640131563771365,0,0,1.683822585319355,0,0,0,0,0,0,0,0,0,0,0,0,89.39600567664762,0,0,0,0,0,0,0,0,0,0,0,0,0,0,0,0,0,0,0,0,0,0,0,0,0,0,605.39231034806,0,0,0,0,0,0,0,0,0,0,0,0,0,0,0,0,0,0,0,605.3923103480298,0,0,0,0,0,0,0,0,0,0,0,0,0,0,0,0,0,0,0,0,0,0,0,0,0,0,0,0,0,0,0,0,2.5158911328517037,11.164516027048998,5.5897306902732975,6.254492252926176,2.5325347239860783
Morelos,S-073,0,0,23.492037404599582,0,0,0,0,1.0486249821570481,0,0,0,0,0,0,0,0,164.95789823966996,0,0,0,0,0,0,0,4.327831331096096,0,0,185.1707292953126,0,0,0,0,0,0,0,0,0,0,0,0,0,0,4.327831331096096,0,0,0,0,0,0,185.1707292953126,0,0,0,0,0,0,0,0,0,0,131.68460964988247,0,0,0,0,0,0,6.767841178800739,0,0,0,0,0,0,0,0,0,0,0,51.046109797733315,0,0,0,0,0,0,0,0,0,0,0,0,0,0,0,0,0,0,0,0,0,0,0,0,0,0,0,3.025709381578538,0,0,0,186.47285124483184,0,0,0,0,0,0,0,0,0,0,0,0,0,0,0,3.478849531291831,0,0,186.01971109512075,0,0,0,0,0,0,0,0,0,0,0,0,0,0,0,0,0,0,0,0,0,0,0,0,0,0,0,0,0,5.885314855016468,9.666181028602479,7.23875356240486,7.532555402342797,1.7057425237086117
Morelos,S-029,0,0,0,12.93787181957113,0,0,0,1.1264908204796882,0,0,0,0,0,0,0,0,683.8976201806129,0,0,0,0,0,0,0,430.5795643919889,0,0,1.2635601171608242,266.11885831131656,0,0,0,0,0,0,0,0,0,0,0,0,0,430.5795643919889,0,0,0,0,0,0,266.11885831131656,0,1.2635601171608242,0,0,0,0,0,0,0,3.7639912208873008,0,0,0,0,232.7563779054269,105.16839074535162,19.208754099893447,0,0,0,0,0,0,126.69243238690451,44.79200439949155,0,0,0,0,0,0,0,0,0,0,0,0,0,0,0,0,0,0,0,31.53698350995667,0,0,0,134.0430485524332,0,0,0,0,0,0,0,0,586.497790800059,0,0,0,1.6831192954431444,109.7810727249942,0,0,0,0,0,0,0,0,0,0,0,0,0,0,426.3908042823347,0,0,0,271.57117853814185,0,0,0,0,0,0,0,0,0,0,0,0,0,0,0,0,0,0,0,0,0,0,0,0,0,0,0,0,3.8521090676261904,20.67024458890515,6.7430018918911365,8.642651561071968,4.728302376735472
Morelos,S-030,0,0,0,167.4086308564458,0,0,0,32.061894004251364,0,0,0,0,0,0,0,0,1666.2931476104823,0,0,0,0,0,0,0,1087.379333085727,0,0,5.106196735637852,773.278142649857,0,0,0,0,0,0,0,0,0,0,0,0,0,1087.379333085727,0,0,0,0,0,0,773.278142649857,0,5.106196735637852,0,0,0,0,0,0,0,385.6601791662561,0,0,0,0,56.07731501916233,361.1470992610664,55.840465990627784,0,0,0,0,0,0,181.21449765493907,42.46544478759949,0,0,0,0,0,367.8264165042525,0,0,0,0,0,0,0,0,23.9537491428844,0,0,0,0,336.2608189868347,0,0,0,53.42799788656963,1.8896880712319177,0,0,0,0,0,0,0,1716.2372846254384,0,0,0,13.550457493135177,135.97593035262648,0,0,0,0,0,0,0,0,0,0,0,0,0,0,1061.677603603055,0,0,0,800.9818173366588,0,0,0,0,0,3.104251531497098,0,0,0,0,0,0,0,0,0,0,0,0,0,0,0,0,0,0,0,0,0,0,2.4842293124635604,19.98445191765791,7.527975242820058,8.057100896368176,4.001219293079275
Estado de Mexico,E-159,0,0,0,112.5864646205511,555.0393402607716,0,0,126.04018421885654,0,0,0,0,0,0,0,0,119.95551374803048,0,0,0,0,0,0,0,791.4061319293842,0,0,0,122.21537091873164,0,0,0,0,0,0,0,0,0,0,0,0,0,491.0340915380699,0,0,122.21537091873164,0,149.0474909027891,0,151.32454948852526,0,0,0,0,0,0,0,0,0,0,243.72065809487037,0,0,0,0,72.07398454963668,54.548856194533315,10.176306285413116,0,0,0,0,0,0,0,0,0,0,0,497.9535828513251,35.1481148723455,0,0,0,0,0,0,0,0,0,0,0,0,0,0,0,0,0,0,0,0,0,0,0,0,0,0,822.52314512422,0,0,0,0,91.09835772392091,0,0,0,0,0,0,0,0,0,0,0,0,0,0,140.3143935720346,0,0,0,143.36613153363808,0,0,0,0,478.0006372451757,0,0,0,0,0,151.94034049728495,0,0,0,0,0,0,0,0,0,0,0,0,0,0,0,0,0,1.3491659167451422,13.333989282455228,5.939374393191808,6.750213652549251,3.1997704103083007
Morelos,S-038,0,0,157.432075349932,48.00398997742715,0,0,0,41.718351948093385,0,0,0,0,0,0,0,0,1069.4883719954948,0,0,0,0,0,0,0,891.6911934909666,0,0,0,424.95159578011487,0,0,0,0,0,0,0,0,0,0,0,0,0,891.6911934909666,0,424.95159578011487,0,0,0,0,0,0,0,0,0,0,0,0,0,0,40.910676643456846,4.544122406472784,0,0,0,0,42.39458513238752,0,7.184624372160164,0,0,0,0,0,0,0,0,0,0,0,0,0,138.31270913850108,0,0,20.9778217628623,0,0,0,0,0,0,0,0,0,722.844206868207,70.86766461995421,0,0,0,268.60637832707494,0,0,0,0,0,0,0,868.110157920249,0,0,0,0,448.5326313508958,0,0,0,0,0,0,0,0,0,0,0,0,0,0,909.850169217618,0,0,0,406.7926200533979,0,0,0,0,0,0,0,0,0,0,0,0,0,0,0,0,0,0,0,0,0,0,0,0,0,0,0,0,4.181362453688394,19.919146039094915,10.631937846707874,10.696595706902432,3.6813929755412773
Morelos,S-039,0,0,365.3185108670131,15.690120288823184,0,0,0,20.717061495494683,0,0,0,0,0,0,0,0,561.3625903911981,0,0,0,0,0,0,0,459.21881433901456,0,0,0,503.8694687034417,0,0,0,0,0,0,0,0,0,0,0,0,0,459.21881433901456,0,503.8694687034417,0,0,0,0,0,0,0,0,0,0,0,0,0,0,75.71073773069672,170.17144376184527,0,0,0,33.93093118280346,276.625060476834,0,12.484425917308574,0,0,0,0,0,0,0,0,0,0,0,0,0,37.495556388018734,0,0,84.4992340248135,0,0,0,0,0,0,0,0,0,212.43072666751985,0,0,0,0,59.74016689258199,0,0,0,0,0,0,0,440.50790544128233,0,0,0,0,522.5803776011389,0,0,0,0,0,0,0,0,0,0,0,0,0,0,513.6328148917656,0,0,0,449.45546815070065,0,0,0,0,0,0,0,0,0,0,0,0,0,0,0,0,0,0,0,0,0,0,0,0,0,0,0,0,4.749185890563486,13.656830958123855,9.481421476976763,8.972582992801408,2.9817239506440374
Morelos,S-031,0,0,0,53.3348447517825,0,0,0,121.924621867239,0,0,0,0,0,0,0,0,731.9619625425486,0,0,0,0,0,0,0,774.2050677596228,0,0,133.0163614019465,0,0,0,0,0,0,0,0,0,0,0,0,0,0,774.2050677596228,0,0,0,0,0,0,0,0,133.0163614019465,0,0,0,0,0,0,0,407.58154826110126,0,0,0,0,0,0,0,0,0,0,0,0,0,0,0,0,0,0,0,0,44.476371544487684,81.49596920606872,0,0,0,0,0,0,0,11.987185331446948,0,0,0,0,159.80436715995359,0,0,0,0,201.87598765843077,0,0,0,0,0,0,0,763.725026347985,0,0,0,143.49640281354237,0,0,0,0,0,0,0,0,0,0,0,0,0,0,0,784.6441310312888,0,0,0,0,0,0,0,0,0,122.57729813028271,0,0,0,0,0,0,0,0,0,0,0,0,0,0,0,0,0,0,0,0,0,0,3.871939362867711,20.297367997605225,8.65775632021904,10.044106360094707,4.46074077046999
Morelos,S-032,0,0,0,112.77887894387194,0,0,0,48.298950603821424,0,0,0,0,0,0,0,0,1350.9507645439448,0,0,0,0,0,0,0,1463.5184243492495,0,0,48.5101697424482,0,0,0,0,0,0,0,0,0,0,0,0,0,0,1463.5184243492495,0,0,0,0,0,0,0,0,48.5101697424482,0,0,0,0,0,0,0,329.8206291910622,0,0,0,0,0,0,0,0,0,65.23161959817726,150.9537837869176,0,0,0,64.27698356178018,0,0,0,0,0,0,480.0768500061008,0,0,0,0,0,0,0,14.803192808449342,0,0,0,0,273.4164233923538,0,0,0,0,133.449111746718,0,0,0,0,0,0,0,1460.0510279850373,0,0,0,51.97756610669065,0,0,0,0,0,0,0,0,0,0,0,0,0,0,0,1474.2260100038889,0,0,0,0,0,0,0,0,0,37.80258408787826,0,0,0,0,0,0,0,0,0,0,0,0,0,0,0,0,0,0,0,0,0,0,3.435375402424241,16.689915475056928,8.948954170533998,9.24945706881512,4.050497518842167
Morelos,S-040,0,0,20.49569669410493,0,0,0,3.0617818133969874,0,0,0,0,0,0,0,0,0,745.7193652703651,0,0,0,0,0,0,0,478.1956767273991,0,0,290.9764676857646,0.10469936463882477,0,0,0,0,0,0,0,0,0,0,0,0,0,477.0366900452979,0,0.10469936463882477,0,0,0,0,292.13545436786575,0,0,0,0,0,0,0,0,0,24.215404539339296,447.57822987658943,0,0,0,18.266613678346463,0,0,22.004473807666113,0,0,0,0,0,0,0,0,0,0,0,64.1600131256112,0,68.08961206102259,0,0,0,0,0,0,0,0,0,0,0,0,87.2199222974568,0,0,0,0,37.74257439187591,0,0,0,0,0,0,0,468.22284896628713,0,0,0,299.74605660503784,1.3079382065116318,0,0,0,0,0,0,0,0,0,0,0,0,0,0,483.42536211682284,0,0,285.85148166101686,0,0,0,0,0,0,0,0,0,0,0,0,0,0,0,0,0,0,0,0,0,0,0,0,0,0,0,0,0,3.878841931774712,16.12480087826465,7.655910132522821,8.022969534687366,2.877344386857727
Morelos,S-024,0,0,281.08429508310076,364.99461189131,0,0,0,24.518344163853783,0,0,0,0,0,0,0,0,329.6672317223811,0,0,0,0,0,0,0,549.5989212593963,0,0,47.96393838160207,402.7016232196402,0,0,0,0,0,0,0,0,0,0,0,0,0,240.02825901063937,0,309.570662248757,0,0,0,0,402.7016232196402,0,47.96393838160207,0,0,0,0,0,0,0,50.00114987751256,0,0,80.44012107767266,0,0,13.141011012783805,0,4.7461789578470865,0,0,0,0,0,0,554.6528350506634,0,0,0,0,0,0,0,0,0,0,0,0,0,0,0,0,0,0,0,0,0,297.28318688420615,0,0,0,0,0,0,0,0,0,0,945.9623032519769,0,0,0,54.30217960874261,0,0,0,0,0,0,0,0,0,0,0,0,0,0,0,528.6663581515149,0,0,0,431.28451072913725,0,0,0,0,0,40.31361398004955,0,0,0,0,0,0,0,0,0,0,0,0,0,0,0,0,0,0,0,0,0,0,2.8165261351071735,16.98708465946708,6.635265987353746,8.122730962030335,3.9211493870356584
Morelos,S-017,0,0,0,0,0,0,0,13.9115061485088,0,0,0,0,0,0,0,0,730.9308280271848,0,0,0,0,0,0,0,683.6850748835776,0,0,30.48963519804568,2.0092527748439983,28.65837131907962,0,0,0,0,0,0,0,0,0,0,0,0,91.62583669722406,0,622.5488733843993,0,28.65837131907962,0,0,2.0092527748439983,0,0,0,0,0,0,0,0,0,128.4296631757415,0,0,0,0,0,225.88547481357475,0,195.38639302427205,0,0,0,0,0,0,0,0,0,0,0,0,195.14080316197612,0,0,0,0,0,0,0,0,0,0,0,0,0,0,0,0,0,0,0,0,0,0,0,0,0,0,675.7145358616717,0,0,0,32.87158791149404,0,0,0,0,0,0,0,0,0,0,0,0,0,0,0,689.0248330782733,0,0,0,4.463937116420693,0,0,0,0,0,51.35356398088669,0,0,0,0,0,0,0,0,0,0,0,0,0,0,0,0,0,0,0,0,0,0,3.0909356729595974,13.159750652291159,6.6879593098955885,7.929573932044736,3.1614929645349927
Estado de Mexico,E-124,2523.0524265165823,0,0,16.910301194116663,69.89311311195614,0,76.20130543714919,1630.5190444726973,0,0,0,0,0,0,0,0,0,0,0,0,0,0,0,0,4316.57619073259,0,0,0,0,0,0,0,0,0,0,0,0,0,0,0,0,0,522.5521343825474,0,0,0,0,282.83659874666614,0,3511.187457603376,0,0,0,0,0,0,0,0,0,2720.5884767794378,0,0,0,762.5998725227444,615.0137289930087,3.32790455740543,60.77708143569156,49.872446951840935,0,0,0,0,0,0,0,0,0,0,0,0,0,0,0,0,77.4164026954617,0,25.143087669686203,0,0,0,0,0,0,0,1.7183207809897536,0,0,0,0,0.11886834626087303,0,0,0,0,0,0,0,4316.576190732954,0,0,0,0,0,0,0,0,0,0,0,0,0,0,0,0,0,0,0,665.7083404574611,0,0,0,0,0,0,0,0,3480.398726208777,0,0,0,0,0,170.46912406640274,0,0,0,0,0,0,0,0,0,0,0,0,0,0,0,0,0,1.0262865213529553,20.908095174283122,4.905711875286124,5.979029001955053,4.052071594791795
Morelos,S-019,106.05202265583584,0,42.985561722600046,335.4917344098453,0,0,0,31.8122922695297,0,0,0,0,0,0,0,0,1630.556034240315,0,0,0,0,0,0,0,1548.8221522576684,0,0,4.804419567425908,587.9058603285835,5.365213144939948,0,0,0,0,0,0,0,0,0,0,0,0,788.5154570719028,0,765.1111147531917,0,5.365213144939948,0,0,587.9058603285835,0,0,0,0,0,0,0,0,0,658.4652840417954,0,0,158.37912699431462,0,758.8916411244479,382.46532846943245,0,68.10842894529966,0,0,0,0,0,0,3.1144934776800417,0,0,0,0,0,19.404780064422614,0,0,0,69.2718518252369,0,0,0,0,0,0,0,0,0,0,0,28.796710355934653,0,0,0,0,0,0,0,0,0,0,2127.1198631287925,0,0,0,12.269515518101878,0,0,0,0,0,0,0,0,0,0,0,0,0,0,0,1541.4023505993796,0,0,0,599.29935227089,0,0,0,0,0,6.195942428293679,0,0,0,0,0,0,0,0,0,0,0,0,0,0,0,0,0,0,0,0,0,0,0.9826684802773366,14.027743134220005,5.9559672610207635,6.661267628484475,3.1395237800792506
Morelos,S-020,0,0,0,0,0,0,0,14.876405478776913,0,0,0,0,0,0,0,0,628.0004636830087,0,0,0,0,0,0,0,619.8918471986811,0,0,17.076876427881697,0,5.908145535232047,0,0,0,0,0,0,0,0,0,0,0,0,5.238129583056499,0,631.7305940435062,0,5.908145535232047,0,0,0,0,0,0,0,0,0,0,0,0,45.06707516099135,0,0,82.37571342907427,0,0,372.61920489879634,0,24.20014565165002,0,0,0,0,0,0,0,0,0,0,0,0,81.64537232303307,0,0,0,36.969357698173674,0,0,0,0,0,0,0,0,0,0,0,0,0,0,0,0,0,0,0,0,0,0,617.0429596968414,0,0,0,18.33609058105895,0,0,0,0,0,0,0,0,0,0,0,0,0,0,0,636.1517956715951,0,0,0,0,0,0,0,0,0,6.7250734901963565,0,0,0,0,0,0,0,0,0,0,0,0,0,0,0,0,0,0,0,0,0,0,4.690936199802296,13.30785025877912,6.549893638591307,7.90093328327358,3.0474665428743566
Estado de Mexico,E-126,604.8222870055876,0,224.25823864088832,0,0,0,0,0,0,0,0,0,0,0,0,0,0,32.08932874143906,0,0,0,0,0,0,861.1698543880846,0,0,0,0,0,0,0,0,0,0,0,0,0,0,0,0,0,0,0,651.5577902587958,0,0,0,0,209.61206412928885,0,0,0,0,0,0,0,0,0,11.13384556942263,0,0,17.41346028102859,5.777242288021559,91.91832661953427,306.68137911559506,0,0,0,0,0,0,0,0,0,0,73.67194268520069,0,0,0,0,0,0,0,32.738305990622756,0,0,0,0,0,0,0,0,0,277.2272301287855,0,0,0,0,44.60812170967133,0,0,0,0,0,0,0,861.1698543880728,0,0,0,0,0,0,0,0,0,0,0,0,0,0,0,0,0,0,0,644.6569764651532,0,0,0,0,0,0,0,0,216.51287792293616,0,0,0,0,0,0,0,0,0,0,0,0,0,0,0,0,0,0,0,0,0,0,0,3.6379842038667447,18.11969533179194,9.377982137397257,9.209285640964717,3.957602685610917
Morelos,S-047,0,0,48.4788765607596,0,0,0,210.4390708365093,290.2595694807999,0,0,0,0,0,0,0,0,902.9403112275309,0,0,0,0,0,0,0,1304.817755615457,0,129.38843817884197,0,17.911634311331742,0,0,0,0,0,0,0,0,0,0,0,0,6.736389779255347,0,0,0,420.1631905148881,0,542.7788232909713,0,482.4394245205158,0,0,0,0,0,0,0,0,0,0,0,0,0,0,3.8860201846988103,0,0,105.50003383469185,0,0,0,0,0,0,0,0,0,0,0,1181.5709763056764,0,0,0,0,161.16079778059367,0,0,0,0,0,0,0,0,0,0,0,0,0,0,0,0,0,0,0,0,0,0,1300.925613008951,0,0,5.706890446098702,0,11.13812648652033,134.3471981639771,0,0,0,0,0,0,0,0,0,0,0,0,0,742.7092545256096,0,133.91624290113862,0,25.225116021338277,0,0,0,0,0,0,0,0,0,0,550.267214657525,0,0,0,0,0,0,0,0,0,0,0,0,0,0,0,0,0,1.2674053275232564,12.272628831575044,4.842965168816573,5.116352636681773,2.644979496440078
Estado de Mexico,E-125,1611.1135911542017,0,549.7943942685454,0,0,0,0,0,0,0,0,0,0,0,0,0,0,0,0,0,0,0,0,0,2160.9079854226648,0,0,0,0,0,0,0,0,0,0,0,0,0,0,0,0,0,0,0,1118.0478786177082,0,0,0,0,1042.8601068049563,0,0,0,0,0,0,0,0,0,88.5887335291867,0,0,1.7522530827054479,8.203399814673467,337.06623431540413,162.71503725173307,24.01642573185674,0,0,0,0,0,0,0,0,0,12.913705158897587,0,0,0,0,0,0,0,165.6615796650106,0,0,0,0,0,0,0,0,0,1311.952071487251,0,0,0,0,48.03854538583709,0,0,0,0,0,0,0,2160.9079854226693,0,0,0,0,0,0,0,0,0,0,0,0,0,0,0,0,0,0,0,1120.680176484559,0,0,0,0,0,0,0,0,1040.2278089381618,0,0,0,0,0,0,0,0,0,0,0,0,0,0,0,0,0,0,0,0,0,0,0,1.3118571314285155,17.189800173203782,8.524668330002182,9.08980747341853,3.8145166314478502
Morelos,S-076,0,0,0,0,0,0,144.57866887344684,72.70857444680466,0,0,0,0,0,0,0,0,22.652872812896057,0,0,0,0,0,0,0,195.55476230973073,0,0,44.38535382337984,0,0,0,0,0,0,0,0,0,0,0,0,0,0,0,0,0,0,0,1.6013896365484304,0,238.33872649656215,0,0,0,0,0,0,0,0,0,0,25.690875491644523,0,0,0,0,0,0,23.73690447188133,0,0,0,0,0,0,0,0,0,0,0,190.51233616957674,0,0,0,0,0,0,0,0,0,0,0,0,0,0,0,0,0,0,0,0,0,0,0,0,0,0,0,204.84286439684115,0,0,0,35.09725173626125,0,0,0,0,0,0,0,0,0,0,0,0,0,0,0,186.23318001806703,0,0.09026617084887059,47.59869640194192,0,0,0,0,0,0,0,0,0,0,0,6.017973542275384,0,0,0,0,0,0,0,0,0,0,0,0,0,0,0,0,0,0.6227664778801139,3.424442219833877,2.2974855812484165,2.0899979741892443,0.9428472949248312
Morelos,S-063,0,0,0,0,0,0,54.91068239725422,298.24817084453,0,0,0,0,0,0,0,0,480.8196387350942,0,0,0,0,0,0,0,369.0763815803844,0,0,463.40930853908776,1.4928018574199058,0,0,0,0,0,0,0,0,0,0,0,0,0,519.2686953699025,0,0,0,0,0,0,1.4928018574199058,0,313.2169947495696,0,0,0,0,0,0,0,417.1975921739727,0,0,0,0,3.2948453443662213,70.33620337767134,43.16641852510767,80.01766038075237,0,0,0,0,0,0,101.47963051424082,0,0,0,0,0,0,0,0,0,0,0,0,0,0,0,0,0,0,0,59.66725050783878,0,0,0,58.81889115293165,0,0,0,0,0,0,0,0,356.5825738542201,0,0,0,472.48237883169276,4.913539291038635,0,0,0,0,0,0,0,0,0,0,0,0,0,0,377.93712161938186,0,0,137.5433761755934,0,0,0,0,0,0,318.4979941819716,0,0,0,0,0,0,0,0,0,0,0,0,0,0,0,0,0,0,0,0,0,0,0.949084212274966,20.598988146638835,3.7202972385113604,5.8449456894115634,4.080041510152177
Morelos,S-078,0,0,0,0,0,0,0,40.73518481372032,0,0,0,0,0,0,0,0,546.3075340542463,0,0,0,0,0,0,0,587.0427188679955,0,0,0,0,0,0,0,0,0,0,0,0,0,0,0,0,0,0,0,0,23.996814691664685,0,535.4340081108569,0,27.61189606547389,0,0,0,0,0,0,0,0,0,0,0,0,0,0,0,5.089696040290823,0,0,0,0,0,0,0,0,0,0,0,0,0,440.2154195545261,0,0,0,0,141.7376032732654,0,0,0,0,0,0,0,0,0,0,0,0,0,0,0,0,0,0,0,0,0,0,587.0427188679492,0,0,0,0,0,0,0,0,0,0,0,0,0,0,0,0,0,0,0,44.85448120025954,0,0,0,0,0,0,0,0,0,0,0,0,0,0,542.1882376677626,0,0,0,0,0,0,0,0,0,0,0,0,0,0,0,0,0,1.271279923824483,12.204091689178059,6.185513537397739,6.24268628481577,2.8039878271176875
Morelos,S-077,0,0,0,0,0,0,102.7435300669757,188.85371568578947,0,0,0,0,0,0,0,0,773.1452706907019,0,0,0,0,0,0,0,1028.402773339606,0,36.3397431037669,0,0,0,0,0,0,0,0,0,0,0,0,0,0,0,0,0,0,132.89106222188173,0,661.958983097434,0,269.8924711240573,0,0,0,0,0,0,0,0,0,0,0,0,0,0,0,0,0,46.32450212439749,0,0,0,0,0,0,0,0,0,0,0,863.0725031057095,0,0,0,0,155.34551121334593,0,0,0,0,0,0,0,0,0,0,0,0,0,0,0,0,0,0,0,0,0,0,1027.4558955197554,0,0,0,0,0,37.28662092370986,0,0,0,0,0,0,0,0,0,0,0,0,0,363.58451466763415,0,31.10837930001876,0,0,0,0,0,0,0,0,0,0,0,0,670.0496224757206,0,0,0,0,0,0,0,0,0,0,0,0,0,0,0,0,0,1.2528914076839157,12.334765276711897,5.54047290324876,5.795949616690947,2.684644793858933
Morelos,S-072,0,0,300.9371965398429,0,0,0,166.00022654893883,0,0,0,0,0,0,0,0,0,202.95836141525027,0,0,0,0,0,0,0,227.3169721453462,0,31.580516054712163,233.47142365625947,177.52687264764302,0,0,0,0,0,0,0,0,0,0,0,0,0,4.990577308379587,0,177.52687264764302,0,0,0,0,487.37833454793827,0,0,0,0,0,0,0,0,0,1.781783902530365,100.99535791401682,0,0,0,0,4.254173485912825,0,50.99681624115262,0,0,0,0,0,0,37.61359891613247,0,26.50922420855479,0,0,261.85977356598386,0,67.46248731235832,0,0,13.962178662852548,0,0,0,0,0,0,0,0,0,48.25375301005771,42.50963621719702,9.97330133679433,0,0,3.7236997302853396,0,0,0,0,0,0,0,224.9475439708442,0,0,0,220.0424309207053,178.18475885579448,46.72105075661207,0,0,0,0,0,0,0,0,0,0,0,0,0,244.12361252843147,0,15.107716424846327,278.20843414610476,132.45602140450674,0,0,0,0,0,0,0,0,0,0,0,0,0,0,0,0,0,0,0,0,0,0,0,0,0,0,0,0,2.674569728217103,11.574570124709,6.96764848730087,6.653107055413568,2.8729828138557423
Morelos,S-064,0,0,0,0,0,0,0,284.202603139665,0,0,0,0,0,0,0,0,0,0,0,0,0,0,0,0,0,0,0,284.20260313964707,0,0,0,0,0,0,0,0,0,0,0,0,0,0,88.35144512143957,0,0,0,0,0,0,0,0,195.8511580182075,0,0,0,0,0,0,0,282.37819353378046,0,0,0,0,0,0,0,1.824409605880122,0,0,0,0,0,0,0,0,0,0,0,0,0,0,0,0,0,0,0,0,0,0,0,0,0,0,0,0,0,0,0,0,0,0,0,0,0,0,0,0,0,0,0,284.20260313963473,0,0,0,0,0,0,0,0,0,0,0,0,0,0,0,1.172319537883128,0,0,77.83492486030386,0,0,0,0,0,0,205.1953587414126,0,0,0,0,0,0,0,0,0,0,0,0,0,0,0,0,0,0,0,0,0,0,1.5572605434158788,6.54005579444343,3.433771096607147,3.5898038826764185,1.6686305192126822
Morelos,S-027,0,0,0,0,0,0,40.22392227595369,447.5617308608345,0,0,0,0,0,0,0,0,631.9775361970527,0,0,0,0,0,0,0,373.3473411523127,0,0,203.29428860064232,543.1215595809044,0,0,0,0,0,0,0,0,0,0,0,0,0,390.5967124784082,0,0,0,0,0,0,543.1215595809044,0,186.04491727454683,0,0,0,0,0,0,0,273.63057683789543,0,0,0,0,0,74.615814233661,114.95753675948293,0,0,0,0,0,0,0,89.80854138312515,0,0,0,0,0,0,0,0,0,0,0,0,0,0,0,0,0,0,0,102.67239164497227,0,464.07832847470365,0,0,0,0,0,0,0,0,0,0,537.4418485813183,0,0,0,191.07844248070853,391.2428982718195,0,0,0,0,0,0,0,0,0,0,0,0,0,0,363.51208320189465,0,0,27.98195710997454,500.99934543272013,0,0,0,0,0,227.26980358924345,0,0,0,0,0,0,0,0,0,0,0,0,0,0,0,0,0,0,0,0,0,0,1.228111435234759,18.4261380502401,4.4293279184195775,5.460679040173318,3.9023262833848005
Morelos,S-004,357.60820071614086,0,0,0,0,0,0,695.6770598586083,0,0,0,0,0,0,0,0,0.023196706501856023,538.849895839722,0,0,0,0,0,0,1307.5384838229227,0,0,0,0,263.57305718735773,0,0,0,0,0,21.046812110614,0,0,0,0,0,198.58172096906708,0,0,1096.9144407063,0,263.57305718735773,0,0,33.089134258169445,0,0,0,0,0,0,0,0,0,2.608283182697828,0,0,16.1078068446393,0,0,220.619321163429,0,295.6661831795449,0,0,0,0,0,0,590.3711121157671,0,102.06283690162228,0,0,0,0,0,0,0,0,0,0,0,0,0,0,0,0,0,236.03501854611235,0,0,76.32105136306511,0,52.36673982400263,0,0,0,0,0,0,0,1271.4353923065435,0,43.94979953979134,0,0,0,0,0,0,0,0,0,0,0,0,0,0,0,0,0,1330.5633319200706,0,0,0,0,0,0,0,0,12.381006617424532,9.29595289648969,162.97756638746066,0,0,0,0,0,0,0,0,0,0,0,0,76.9404952994201,0,0,0,0,0,0,0,0,2.595297402580889,13.559649475381862,5.873605781389838,6.36160169918714,2.568543458478512
Estado de Mexico,E-131,0,0,217.2048319831723,0,0,0,0,642.0356481673108,0,0,0,0,0,0,0,0,0,0,0,0,0,0,0,0,684.1060842394455,0,0,175.1343959110241,0,0,0,0,0,0,0,0,0,0,0,0,0,0,356.0616920709306,0,0,0,0,0,0,503.17878807953906,0,0,0,0,0,0,0,0,0,356.9394919497935,0,0,0,0,0,0,188.6956642973075,33.59666801128982,0,0,0,0,0,0,0,0,0,0,0,0,280.0086558921251,0,0,0,0,0,0,0,0,0,0,0,0,0,0,0,0,0,0,0,0,0,0,0,0,0,0,457.13515654387794,0,0,0,194.87070155020638,0,207.2346220564314,0,0,0,0,0,0,0,0,0,0,0,0,0,163.2732538606789,0,0,217.16420086929463,0,0,0,0,0,478.80302542054517,0,0,0,0,0,0,0,0,0,0,0,0,0,0,0,0,0,0,0,0,0,0,0,0.4183436708706802,19.10226619930221,5.682929026160512,6.8812276752474375,4.6610759334735485
Morelos,S-021,0,0,0,0,0,0,0,467.4309624841965,0,0,0,0,0,0,0,0,231.32240572921916,0,0,0,0,0,0,0,116.57177256073992,0,0,212.60894231794836,0,369.5726564997009,0,0,0,0,0,0,0,0,0,0,0,0,0,0,233.81536410696003,0,369.5726564997009,0,0,0,0,95.36535077172826,0,0,0,0,0,0,0,77.73335752598311,0,0,40.14664885864926,0,0,85.65787888634475,0,495.0295931764863,0,0,0,0,0,0,0,0,0,0,0,0,0,0,0,0,0.18588976602770219,0,0,0,0,0,0,0,0,0,0,0,0,0,0,0,0,0,0,0,0,0,0,104.12724926685652,0,0,0,205.23653547381076,0,0,0,0,0,0,0,0,0,0,0,0,0,0,0,131.65814354583483,0,0,0,0,0,0,0,0,0,567.0952246676497,0,0,0,0,0,0,0,0,0,0,0,0,0,0,0,0,0,0,0,0,0,0,2.1912049357056183,8.453044775017826,4.31611061423255,4.753252795139975,1.9599853204297235
Morelos,S-034,0,0,920.2812502053695,0,0,0,498.5516655873444,394.8709971335259,0,0,0,0,0,0,0,0,692.8569247602786,0,0,0,0,0,0,0,749.1694791167944,0,0,570.7273235157793,582.5977881242862,491.66057872384175,0,0,112.40566257411984,0,0,0,0,0,0,0,0,0,1004.4192941147829,273.61283578290505,289.2089207968214,0,491.66057872384175,0,0,405.7945299015846,0,41.86467273488577,0,0,0,0,0,0,0,344.32238223147453,0,0,178.32079086312157,0,0,0,242.65313446996828,555.7349176226793,0,0,79.3455298585192,0,0,0,103.82362437383561,12.19757204885074,0,0,0,0,90.29794171710644,136.59782669631517,0,0,163.2903650811762,0,0,0,0,0,0,229.71738382626512,0,0,67.40774821310428,166.18278634611715,0,0,0,136.66883433784085,0,0,0,0,0,0,0,699.8419278893821,0,0,0,327.3617947317676,973.4551077859417,0,0,0,0,0,13.011240952571953,0,0,0,0,0,0,0,0,775.2949175142725,0,0,944.8092333108119,661.6766693417903,0,0,0,0,0,15.850444614001052,0,0,0,108.92957290588424,0,0,0,0,0,0,0,0,0,0,0,0,0,0,0,0,0,0,0.984544031278201,21.956177063989287,7.320595591785,8.568580202852313,5.252831866278013
Morelos,S-035,0,0,199.24027313317214,0,0,0,0.3150851215734167,192.81379068720574,0,0,0,0,0,0,0,0,428.2237943499215,0,0,0,0,0,0,0,0.8266936678995174,0,0,150.97966973848563,512.1515364285353,1.379310165907029,0,0,155.25573329106786,0,0,0,0,0,0,0,0,0,0.8266936678995174,150.97966973848563,667.4072697196032,0,1.379310165907029,0,0,0,0,0,0,0,0,0,0,0,0,100.18955508041168,0,0,9.870580605426094,0,0,0,0,45.987234960464164,0,0,0,0,0,0,0,1.5754355946726353,0,0,0,0,105.86154283278005,0,0,0,0,0,0,0,0,0,0,113.56917610715104,0,0,0,443.53941811081694,0,0,0,0,0,0,0,0,0,0,0,0,0,0,0,138.3601625265435,681.7752147342677,0,0,0,0,0,0.19074303559592554,0,0,0,0,0,0,0,0,4.577640878393865,0,0,141.02801597022165,526.380157613682,0,0,0,0,0,0,0,0,0,148.60712882959163,0,0,0,0,0,0,0,0,0,0,0,0,0,0,0,0,0,0,2.071870210933326,17.458937975256855,5.887956344104612,6.9135684972319185,3.855721158562984
Estado de Mexico,E-128,338.96530964046286,0,598.5868953587534,0,0,0,0,0,0,0,0,0,0,0,0,0,0,0,0,0,0,0,0,0,714.8339491105314,0,0,222.7182558887158,0,0,0,0,0,0,0,0,0,0,0,0,0,0,211.80348018826314,10.91477570045265,404.5789478526713,0,0,0,0,310.2550012578601,0,0,0,0,0,0,0,0,0,14.262027274351453,0,0,320.38020713064157,0,0,514.3349197916468,52.987626122851275,0,0,0,0,0,0,0,0,0,0,0,0,0,22.363792050921614,0,0,0,8.460853929832924,0,0,0,0,0,0,0,0,0,4.762778698908003,0,0,0,0,0,0,0,0,0,0,0,0,694.8392857429826,0,0,0,14.516127723300793,228.19679153288595,0,0,0,0,0,0,0,0,0,0,0,0,0,0,364.37409866212914,0,0,205.22814047611175,0,0,0,0,0,367.94996586095436,0,0,0,0,0,0,0,0,0,0,0,0,0,0,0,0,0,0,0,0,0,0,0,5.490376205999058,14.469375279409808,11.169067164815901,10.438159558416267,2.5508308645588933
Morelos,S-071,0,191.11109266077744,435.383793025673,0,0,0,108.58326629366019,5.0159295085609585,0,0,0,0,0,0,0,0,0,0,0,0,0,0,0,0,177.94243006129844,0,337.6329309695101,0,57.93245290622331,0,0,0,166.5862675516155,0,0,0,0,0,0,0,0,0,0,0,224.5187204578388,0,0,0,0,515.5753610308085,0,0,0,0,0,0,0,0,0,40.83610707083661,0,0,0,0,0,0,0,69.31258313066215,0,0,0,0,0,0,132.40726682195776,0,31.070875082505218,72.85907179365942,0,0,0,0,0,0,0,0,0,0,0,0,0,0,0,0,81.19854213111138,58.37687927448668,254.0327561834162,0,0,0,0,0,0,0,0,0,0,173.92949668026148,0,0,0,0,195.15594412466837,349.4991836812204,0,0,0,0,21.50945700249629,0,0,0,0,0,0,0,0,185.61817440504237,0,331.514115810225,0,75.37215705833614,0,0,0,0,0,0,0,0,0,147.58963421505797,0,0,0,0,0,0,0,0,0,0,0,0,0,0,0,0,0,0,1.742109673825351,21.857505851855723,9.396482705573034,8.836098218370786,5.602031253150524
Morelos,S-086,0,0,0,24.26341093074326,29.106060390431896,0,0,1440.6804288052629,0,0,0,0,0,0,0,0,137.12157069838543,0,0,0,0,0,0,0,786.3929551014224,0,746.7423859917058,0,0,0,0,0,98.03612973188898,0,0,0,0,0,0,0,0,0,0,0,0,98.03612973188898,0,174.43244210946906,0,1358.702898983659,0,0,0,0,0,0,0,0,0,0,0,0,0,0,0,0,0,108.35266717927799,0,391.0249469648226,0,0,0,0,0,0,0,0,0,1081.6996643347122,0,0,0,0,0,0,0,0,0,0,0,0,0,0,0,50.094192346314166,0,0,0,0,0,0,0,0,0,0,0,871.7257438339698,0,0,0,0,0,759.4457269910182,0,0,0,0,0,0,0,0,0,0,0,0,0,632.559880123031,0,720.075921872601,0,0,0,0,0,0,0,0,0,0,0,88.0710630980125,190.46460573144304,0,0,0,0,0,0,0,0,0,0,0,0,0,0,0,0,0,1.0202772811415073,8.878465445819808,3.4397444236729138,3.9359321667331897,1.6620876889714282
Morelos,S-068,32.133226313306224,0,364.41488616407514,0,0,0,355.8634865735263,35.9628669027923,0,0,420.58648327387453,0,0,0,0,0,0,0,0,0,0,0,0,0,0,0,0,459.8084042417139,0,0,0,0,197.19872407624425,0,0,0,551.9538209096443,0,0,0,0,0,1011.7622251513582,0,197.19872407624425,0,0,0,0,0,0,0,0,0,0,0,0,0,0,0,0,0,0,0,0,0,293.25118266285665,0,0,0,0,0,0,0,116.4554540861508,241.77889799675646,0,0,0,0,0,0,0,0,0,0,0,0,0,0,0,0,0,0,0,557.4754144817315,0,0,0,0,0,0,0,0,0,0,0,0,0,0,0,0,940.1798584415719,0,0,0,0,0,268.78109078595935,0,0,0,0,0,0,0,0,0,0,0,501.7554816519911,0,0,0,0,0,0,0,0,498.6484082950474,0,208.55705928058327,0,0,0,0,0,0,0,0,0,0,0,0,0,0,0,0,0,0,0.42671470677379947,12.759507150603138,7.088561246914217,6.620660966543483,3.8102372959478323
Morelos,S-069,70.76628497737114,0,0,0,0,0,97.89712691118301,70.51405483366334,0,0,0,0,0,0,0,0,0,0,0,0,0,0,0,0,0,0,0,0,0,0,0,0,161.42881897630684,0,0,0,77.74864774593972,0,0,0,0,0,77.74864774593972,0,161.42881897630684,0,0,0,0,0,0,0,0,0,0,0,0,0,0,0,0,0,0,0,0,0,0,0,0,0,0,0,0,0,0,133.7503177794592,0,0,0,0,0,0,0,0,0,0,0,0,0,0,0,0,0,0,0,105.42714894275255,0,0,0,0,0,0,0,0,0,0,0,0,0,0,0,0,155.77342794189593,0,0,0,0,0,83.4040387803184,0,0,0,0,0,0,0,0,0,0,0,0,0,0,0,0,0,0,0,0,53.89193248291112,0,185.28553423931592,0,0,0,0,0,0,0,0,0,0,0,0,0,0,0,0,0,0,1.0356803134103665,2.9981367111048725,1.2848269719841845,1.5583242340148014,0.7417543280091955
Morelos,S-036,0,0,14.250022700503227,246.61810453518677,0,0,25.331056444168254,652.2349522520503,0,0,0,0,0,0,0,0,3941.5893738304276,0,0,0,0,0,0,0,2676.1220212151393,0,0,0,1582.3575908465086,0,0,0,621.5438977011142,0,0,0,0,0,0,0,0,0,2676.1220212151393,0,1098.949978991221,0,0,0,0,1104.9515095564016,0,0,0,0,0,0,0,0,0,759.2358597065895,0,0,31.18168573299366,67.01456277314388,31.045257179361332,0,0,0,0,297.3309636924394,1177.7319400459292,0,0,0,194.19668108693705,88.04816370007435,0,0,0,0,0,1209.9936896162676,0,0,0,0,0,0,0,59.91422144560063,0,14.488057348573633,0,0,25.540476427286663,891.0943325135272,0,0,0,33.207618494320066,0,0,0,0,0,0,0,2640.9313492756037,0,0,0,0,2201.016605305972,0,0,0,0,0,38.07555518101683,0,0,0,0,0,0,0,0,2688.610510904429,0,0,0,1586.029458215002,0,0,0,0,0,0,0,0,0,605.3835406434122,0,0,0,0,0,0,0,0,0,0,0,0,0,0,0,0,0,0,0.5490154081513666,16.346372724569786,4.450009906668653,5.221121616801984,3.3608029240082815
Morelos,S-067,0,0,163.22771392657978,0,0,0,0,271.87082006970854,0,0,254.2304498556758,0,0,0,0,0,0,0,0,0,0,0,0,0,0,0,0,587.5518173297194,0,0,0,0,0,0,0,0,101.77716652225062,0,0,0,0,0,671.9758492019278,0,0,0,0,0,0,0,0,17.353134650042154,0,0,0,0,0,0,0,204.39613152899116,0,0,0,0,0,0,134.05624673645718,0,0,0,0,0,0,0,0,0,0,0,0,0,0,0,0,0,0,0,0,0,0,0,0,0,0,0,0,350.8766055863498,0,0,0,0,0,0,0,0,0,0,0,0,0,0,0,405.3464107310395,283.98257312089515,0,0,0,0,0,0,0,0,0,0,0,0,0,0,0,0,0,552.3834272752645,0,0,0,0,0,0,15.441490924100805,0,121.50406565262664,0,0,0,0,0,0,0,0,0,0,0,0,0,0,0,0,0,0,0,0,1.4672391025769747,13.341385552301453,4.465922696668744,5.992892308592667,3.7096018051746062
Morelos,S-033,0,0,73.60622298220086,0,0,0,0,662.8909815587708,0,0,0.8085530344954432,0,0,0,0,0,110.81172489621389,0,0,0,0,0,0,0,72.21405451631064,0,0,774.3219481589597,0,1.5814797965674097,0,0,0,0,0,0,0,0,0,0,0,0,419.63205335333885,0,0,0,1.5814797965674097,0,0,0,0,426.9039493219314,0,0,0,0,0,0,0,566.314880865854,0,0,0,0,0,0,52.38663918607821,8.026357070740929,0,0,0,0,0,0,0,0,0,0,0,0,0,0,0,0,0,0,0,0,0,0,0,0,0,0,23.313841612532432,152.95411626646217,0,0,0,45.12164746997282,0,0,0,0,0,0,0,59.768057515780924,0,0,0,742.2158144899774,44.67773548523412,0,0,0,0,0,0,0,0,0,0,0,0,0,0,78.73942766115809,0,0,344.5085097757454,0,0,0,0,0,0,424.8695450349058,0,0,0,0,0,0,0,0,0,0,0,0,0,0,0,0,0,0,0,0,0,0,0.8562598482847602,10.128843732771923,4.553120776649383,4.593873152379427,2.608321893553997
Morelos,S-087,0,268.95253620027967,141.45040648396346,0,0,0,950.9616491483155,4.943732093188497,0,0,0,0,0,0,0,0,0,0,0,0,0,0,0,0,0,0,409.44771290891504,0,0,0,0,0,956.860611016839,0,0,0,0,0,0,0,0,0,0,0,956.74915978237,0.11145123446898726,0,0,0,409.44771290891504,0,0,0,0,0,0,0,0,0,0,0,0,0,0,0,0,0,25.385018277399624,0,0,0,0,0,0,0,0,0,960.6772126673535,0,0,0,0,0,0,0,0,0,0,0,0,0,0,0,0,0,302.1823160321679,78.06377694888266,0,0,0,0,0,0,0,0,0,0,5.006152977727615,0,0,0,0,68.35431723828954,386.07639167157447,0,0,0,0,906.8714620381734,0,0,0,0,0,0,0,0,0,0,451.26366390149326,0,0,0,0,0,0,0,0,0,0,0,915.0446600242823,0,0,0,0,0,0,0,0,0,0,0,0,0,0,0,0,0,0,0.45598333058668994,15.048445323209513,1.5423797006512254,4.387789441609274,4.745487988029553
Morelos,S-065,0,0,0,0,0,0,0,636.1736100763626,0,0,0,0,0,0,0,0,0,0,0,0,0,0,0,0,0,0,0,150.43878161586528,441.1701783345766,44.564650126055895,0,0,0,0,0,0,0,0,0,0,0,0,0,0,150.43878161586528,0,44.564650126055895,0,0,441.1701783345766,0,0,0,0,0,0,0,0,0,18.327796949346613,0,0,0,0,0,0,0,223.86943787052226,0,0,0,0,0,0,0,0,0,0,0,0,0,0,0,0,0,0,0,0,0,0,0,0,0,0,0,0,393.9763752565689,0,0,0,0,0,0,0,0,0,0,0,0,0,0,142.86103167706798,447.09477012634943,0,0,0,0,0,0,0,0,0,0,0,0,0,0,0,0,0,0,475.43383801030586,0,0,0,0,0,160.73977206613367,0,0,0,0,0,0,0,0,0,0,0,0,0,0,0,0,0,0,0,0,0,0,0.9630737641802218,4.187675637812238,1.6899220884305388,1.9756807896863189,0.8430669798764624
Morelos,S-023,0,0,181.9721262494591,0,0,0,0,1129.9069673949964,0,0,0,0,0,0,0,0,19.05165306733634,0,0,0,0,0,0,0,173.18683787339637,0,0,576.760899570852,408.88385274214687,172.09915652541216,0,0,0,0,0,0,0,0,0,0,0,0,116.78242417101193,0,540.4053472803937,0,172.09915652541216,0,0,408.88385274214687,0,92.75996599284271,0,0,0,0,0,0,0,221.37086547524368,0,0,21.09427536297654,0,0,0,0,559.0274750816228,0,0,0,0,0,0,0,0,0,0,0,0,0,0,0,0,69.32049039408211,0,0,0,0,0,0,0,0,0,0,0,460.11764039784896,0,0,0,0,0,0,0,0,0,0,152.7381338058613,0,0,0,589.9101509984827,404.0617275989703,0,0,0,0,0,0,0,0,0,0,0,0,0,0,200.60604405558465,0,0,0,460.6732078346964,0,0,0,0,0,669.6514948214916,0,0,0,0,0,0,0,0,0,0,0,0,0,0,0,0,0,0,0,0,0,0,1.260230270496175,8.424418759764857,2.3307653155378247,3.269282178703053,1.7836662995646453
Morelos,S-075,0,48.17397026698894,139.2465882811452,0,0,0,294.2136857550001,406.6695460997776,0,0,0,0,0,0,0,0,49.377137714459295,0,0,0,0,0,0,0,200.45907325092185,0,382.8585977021089,87.57382367146415,0,0,0,0,266.7894334928503,0,0,0,0,0,0,0,0,0,0,0,108.88858183689504,157.90085165595525,0,0,0,670.891494624495,0,0,0,0,0,0,0,0,0,0,91.88905627920954,0,0,0,0,0,0,116.65177160411382,0,33.643381051894806,0,0,0,0,0,0,0,120.59536775874324,0,193.74587693719226,0,0,0,0,0,0,0,0,0,0,0,0,0,0,0,381.1554744862336,0,0,0,0,0,0,0,0,0,0,0,388.7190724255813,0,0,0,74.30753824362661,0,369.2624881842613,0,0,0,0,105.39182926387453,0,0,0,0,0,0,0,0,210.62806224213142,0,391.0413095182436,86.48027098320136,0,0,0,0,0,0,0,0,0,0,249.5312853738044,0,0,0,0,0,0,0,0,0,0,0,0,0,0,0,0,0,0,0.5545889651491613,9.49960319066928,4.326850999496197,4.543998188188958,2.1369045535559175
Estado de Mexico,E-130,1913.6991657344734,0,944.6056148934082,0,0,0,0,814.5699724000822,0,0,0,0,0,0,0,0,0,0,0,0,0,0,0,0,3255.615133911426,0,0,417.2596191166716,0,0,0,0,0,0,0,0,0,0,0,0,0,0,2050.0792865065737,0,0,0,0,0,0,1622.7954665215236,0,0,0,0,0,0,0,0,0,1057.5373848451295,0,0,392.12969008293544,0,15.648244254656332,411.1428747672083,315.0663197597596,32.55120237250999,0,0.5688204497747028,0,0,0,0,283.0670725800189,8.769496241197111e-4,0,0,0,0,530.5959399339571,0,0,0,442.4716015474218,0,0,0,0,0,0,0,0,0,32.853924501778486,0,0,0,0,159.24080098314488,0,0,0,0,0,0,0,1591.930338893048,0,0,0,379.35879839345057,0.03970074636152387,1701.5459149952744,0,0,0,0,0,0,0,0,0,0,0,0,0,1624.0357291803818,0,0,478.6863140947259,0,0,0,0,0,1570.1527097530013,0,0,0,0,0,0,0,0,0,0,0,0,0,0,0,0,0,0,0,0,0,0,0,0.9353784019088138,18.202203489578935,6.236958898728206,6.472668334338126,3.611519960833141
Morelos,S-091,137.62999617828072,0,0,0,0,0,155.80422047803205,280.31101084615136,0,0,316.32469666875846,0,0,0,0,0,0,0,0,0,0,0,0,0,0,0,0,14.54233123664419,0,0,0,0,214.84270722232918,0,0,0,660.6848857122667,0,0,0,0,0,660.6848857122667,14.54233123664419,214.84270722232918,0,0,0,0,0,0,0,0,0,0,0,0,0,0,48.43160186965387,0,0,0,0,0,0,0,0,0,7.303370337657991,0,0,0,0,0,212.40790651718248,0,0,0,0,0,0,0,0,0,0,0,0,0,0,0,0,0,0,0,621.9270454467065,0,0,0,0,0,0,0,0,0,0,0,0,0,0,0,27.42456269095734,680.6959658285896,0,0,0,0,0,181.94939565172606,0,0,0,0,0,0,0,0,0,0,0,0,0,0,0,0,0,0,0,0,654.8753642988688,0,230.22981770181605,0,0,0,0,0,0,0,0,0,0,4.964742170612342,0,0,0,0,0,0,0,0.34052605648836304,16.248176230638972,5.468743408398581,6.009388579635316,4.02769758529562
Morelos,S-083,0,0,0,0,0,56.15237233551111,0,663.153244565026,0,0,0,0,0,0,0,0,0,0,0,0,0,0,0,0,6.573858798377372,0,712.7317581021396,0,0,0,0,0,0,0,0,0,0,0,0,0,0,0,0,0,0,27.061640866810794,0,679.8382269102607,0,12.405749123445457,0,0,0,0,0,0,0,0,0,0,0,0,0,0,0,0,0,7.763946081608914,0,0,0,0,0,0,0,0,0,0,0,711.5416708190066,0,0,0,0,0,0,0,0,0,0,0,0,0,0,0,0,0,0,0,0,0,0,0,0,0,0,0,3.4387673562612036,0,0,38.987326755062654,0,0,676.8795227892961,0,0,0,0,0,0,0,0,0,0,0,0,0,20.778777241359155,0,698.526839659287,0,0,0,0,0,0,0,0,0,0,0,0,0,0,0,0,0,0,0,0,0,0,0,0,0,0,0,0,0,0,2.099327029021455,6.520034141758614,2.874597344928997,3.3334996574970592,1.206256931306534
Morelos,S-084,0,0,0,74.57481487143654,51.1219876050122,0,342.9749474529303,2796.8704818950227,0,0,0,0,0,0,0,0,62.83739327085704,5.639347775139618,0,0,0,0,0,0,268.8749067493925,0,1200.7132824793239,0,0,0,0,0,1864.430783641101,0,0,0,0,0,0,0,0,0,0,0,243.80336556156558,1620.6274180795353,0,623.3252343157645,0,846.2629549129518,0,0,0,0,0,0,0,0,0,0,0,0,0,0,0,0,0,1404.486073356945,0,417.6633472808545,0,0,0,0,0,0,0,449.49648982723403,0,724.5324823902301,0,0,0,0,0,0,0,0,45.183478176825986,0,0,0,0,0,0,292.65710183797285,0,0,0,0,0,0,0,0,0,0,0,1865.2870812215176,0,0,0.02835394915444061,0,0,1220.6876977164288,0,0,0,0,248.01583998265525,0,0,0,0,0,0,0,0,316.1582445628125,0,1209.6131164514973,0,0,0,0,0,0,0,0,0,0,0,1807.112442433995,1.1351694215185613,0,0,0,0,0,0,0,0,0,0,0,0,0,0,0,0,0,0.23595088999856795,9.503908840070054,2.627161155294778,2.9185047088481437,1.578419520422284
Morelos,S-090,0,0,0,0,0,0,23.460101146109988,65.55719346920638,0,0,0,0,0,0,0,0,0,0,0,0,0,0,0,0,0,0,0,56.509418594543114,0,0,0,0,32.507876020789,0,0,0,0,0,0,0,0,0,0,56.509418594543114,32.507876020789,0,0,0,0,0,0,0,0,0,0,0,0,0,0,50.2383377392569,0,0,0,0,0,0,0,0,0,0,0,0,0,0,0,38.77895687606323,0,0,0,0,0,0,0,0,0,0,0,0,0,0,0,0,0,0,0,0,0,0,0,0,0,0,0,0,0,0,0,0,0,0,0,64.17879414648203,0,0,0,0,0,0,24.838500468841644,0,0,0,0,0,0,0,0,0,0,0,0,0,0,0,0,0,0,0,0,0,0,38.11845106011239,0,0,0,0,0,0,0,0,0,0,50.898843555215876,0,0,0,0,0,0,0,1.3488241502730465,1.9479622963634475,1.648393223318247,1.648393223318247,0.42365464596805896
Morelos,S-089,29.800448174590265,0,0,0,0,0,570.693741739474,357.3861427047922,0,0,1.1274258958237753,0,0,0,0,0,0,0,0,0,0,0,0,0,0,0,0,147.24909783678862,0,103.44857062859808,0,0,696.2350082849632,0,0,0,12.075081764353182,0,0,0,0,0,12.075081764353182,147.24909783678862,696.2350082849632,0,103.44857062859808,0,0,0,0,0,0,0,0,0,0,0,0,69.02362571663167,0,0,0,0,0,0,0,180.2560876351503,0,0,0,0,0,0,0,358.323808339487,0,124.31982422806483,0,0,0,0,0,0,0,0,0,0,0,0,0,0,0,0,0,227.08441259540766,0,0,0,0,0,0,0,0,0,0,0,0,0,0,0,139.09146132180777,257.55601145278456,0,0,0,0,0,442.8480118528345,0,0,0,0,0,0,0,0,0,0,0,0,0,0,0,0,0,0,0,33.472590295848,10.02986377359846,0,769.3281370029636,0,0,0,0,0,0,0,0,0,0,146.17716744218086,0,0,0,0,0,0,0,0.16169369939107292,5.689975762415109,1.7167618563809715,1.8124546939234503,1.5249784296907112
Estado de Mexico,E-129,203.98400740012804,0,1169.8826104238858,0,0,0,0,0,0,0,0,0,0,0,0,0,0,257.5367602370139,0,0,0,0,0,0,276.9930140197046,0,0,1225.7156562797236,0,0,0,0,0,0,0,128.69470776157297,0,0,0,0,0,0,1459.0872573884021,27.500221661779747,0,0,0,0,0,16.121191249246213,0,128.69470776157297,0,0,0,0,0,0,0,0,0,0,726.5402045138479,0,0,246.1396564045025,306.2019988008775,0,0,113.26310003568484,0,0,0,0,0,0,0,0,0,0,0,0,0,0,15.902606878993039,0,223.35581142709424,0,0,0,0,0,0,0,0,0,0,0,0,0,0,0,0,0,0,0,0,11.049723635544408,0,167.09939511928553,0,26.897038785269288,1218.8198107954677,207.53740972538742,0,0,0,0,0,0,0,0,0,0,0,0,0,375.0870540900065,0,0,1145.445913998901,0,0,0,0,0,5.474945846260143,0,0,0,0,0,0,0,0,0,0,0,0,0,0,105.39546412572707,0,0,0,0,0,0,0,0,3.2721382174472198,18.286777135142767,9.35289632571997,9.459299749522314,3.619408141594453
Morelos,S-070,0,176.59718083753017,670.8969777026315,0,0,0,493.45551869770344,1318.8786140024804,0,0,0.5017963599475297,0,0,0,0,0,65.9801882999531,0,0,0,0,0,0,0,62.138323447805156,0,371.9156858808927,0.19541785339773873,514.0218254007003,178.20458991149317,0,0,1599.8344334061926,0,0,0,0,0,0,0,0,0,0,0,2113.856258806893,0,178.20458991149317,0,0,434.24942718209553,0,0,0,0,0,0,0,0,0,676.3702030597465,0,0,0,0,0,1.386933142002134,0,345.4867590377942,0,0,0,0,0,0,95.07833397972422,19.356979872017426,96.05209283559235,241.4713347050946,0,0,0,0,0,0,97.38490047303632,0,0,0,0,0,0,0,0,0,9.147492668253589,749.7908468553238,197.94986155431312,0,0,196.83453771741688,0,0,0,0,0,0,0,61.578773555515255,0,0,0,0.42248316339497044,1781.732643923133,381.6809057609986,0,0,0,0,309.5477434459296,0,0,0,0,0,0,0,0,77.74741314947148,0,368.9098693019037,5.591595563603655,561.8644236398598,0,0,0,0,0,0,4.39437622598992,0,0,1707.8025980195725,0,0,0,0,0,0,0,0,0,0,0,0,0,0,0,0,0,0,0.1831034629372032,22.458972598138853,4.319718175925251,5.690351738559081,4.613299897189356
Morelos,S-051,0,0,611.4893974341851,0,0,0,0,0,0,0,0,0,0,0,0,0,0,19.200025892031423,0,0,0,0,0,0,57.190853173421324,0,0,573.498570152805,0,0,0,0,0,0,0,0,0,0,0,0,0,0,630.6894233262263,0,0,0,0,0,0,0,0,0,0,0,0,0,0,0,0,0,0,0,0,0,0,50.83405654818515,120.03017386511522,0,0,0,0,0,0,0,0,0,0,0,0,0,27.884300605237147,0,0,0,0,0,431.94089230766707,0,0,0,0,0,0,0,0,0,0,0,0,0,0,0,0,0,0,0,0,0,0,0,0,0,589.9201703337645,40.769252992473874,0,0,0,0,0,0,0,0,0,0,0,0,0,98.57000081926816,0,0,532.11942250695,0,0,0,0,0,0,0,0,0,0,0,0,0,0,0,0,0,0,0,0,0,0,0,0,0,0,0,0,0,2.0855335460012396,20.959017385198994,10.662593844656882,11.753986534094855,5.452486763110253
Morelos,S-092,0,0,0,86.10807773415293,0,0,8.643469668853253,495.0666919354681,0,0,407.2245202096637,0,0,0,0,0,0,0,0,0,0,0,0,0,0,0,0,288.93434489931263,0,0,0,0,9.766962818573758,0,0,0,698.3414518301366,0,0,0,0,0,698.3414518301366,288.93434489931263,9.766962818573758,0,0,0,0,0,0,0,0,0,0,0,0,0,0,245.6284401717586,0,0,0,0,0,0,0,105.64845506987723,0,231.49774035685255,0,0,0,0,0,16.93299888787704,0,0,0,0,0,0,0,0,0,0,0,0,0,0,0,0,0,0,0,397.3351250616593,0,0,0,0,0,0,0,0,0,0,0,0,0,0,0,307.4472373188832,682.1683673570715,0,0,0,0,0,7.42715487207758,0,0,0,0,0,0,0,0,0,0,0,0,0,0,0,0,0,0,0,0,693.5410357098582,0,14.376283628611608,0,0,0,0,0,0,0,0,0,0,289.12544020955426,0,0,0,0,0,0,0,0.50220449035643,12.46198817392069,5.057273716905181,5.455804225086583,3.1034062013593084
Morelos,S-093,0,0,0,0,0,0,163.83182369612265,258.19817353722425,0,0,545.2089106851514,0,0,0,0,0,0,0,77.22201173056212,0,0,0,0,0,0,0,0,242.10255673975828,193.63464743973014,85.9664462449726,0,0,311.319535332759,0,0,0,211.43773389177775,0,0,0,0,0,453.54029063153604,0,311.319535332759,0,85.9664462449726,0,0,89.25477620466131,0,0,0,104.37987123506885,0,0,0,0,0,271.18243242808467,0,0,0,0,0,0,0,355.1606373327329,0,0.5547021068718163,0,0,0,0,0,0,0,0,0,0,0,0,0,0,0,0,0,0,0,0,0,0,0,0,0,383.8584546537753,28.160531338728884,0,0,0,5.5441617888530255,0,0,0,0,0,0,0,0,0,0,534.551187146791,416.55190154511655,0,0,0,0,0,0,0,0,0,0,0,0,0,0,0,0,0,248.76356911196967,180.5220294678693,0,0,0,0,0,0,0,314.74639409793997,0,300.4289269712797,0,0,0,0,0,0,0,0,0,0,0,0,0,0,0,0,0,0,0.5402627463627666,13.967037376893863,3.5174335460601585,4.623290394139628,3.6506630214226323
Morelos,S-066,0,0,0,0,0,0,28.134090417048874,1495.0879122330505,0,0,0,0,0,0,0,0,0,0,0,0,0,0,0,0,0,0,0,246.0846181167023,1219.3946348730954,12.306370390122842,0,0,45.43637927048148,0,0,0,0,0,0,0,0,0,246.0846181167023,0,45.43637927048148,0,12.306370390122842,0,0,1219.3946348730954,0,0,0,0,0,0,0,0,0,328.3946507131415,0,0,0,0,0,0,0,182.63359712975702,0,0,0,0,0,0,0,0,0,0,0,0,0,0,0,0,0,0,0,0,0,0,0,0,0,0,0,37.91836448686488,974.275390320425,0,0,0,0,0,0,0,0,0,0,0,0,0,0,286.2674886962286,1223.945226162992,0,0,0,0,0,0,0,0,0,0,0,0,0,0,0,0,0,308.588920868695,1167.4206730160752,0,0,0,0,0,0,0,0,0,47.212408765463245,0,0,0,0,0,0,0,0,0,0,0,0,0,0,0,0,0,0,0.12276714685723608,2.9074676639409764,1.5396943758131882,1.511259502738931,0.6159526668444467
Estado de Mexico,E-133,0,0,830.0536542765657,0,0,0,0,85.3998609686711,0,0,187.3637394005441,69.80049006304706,0,0,0,0,0,0,0,0,0,0,0,0,498.155880508385,0,0,622.0578393590193,0,0,0,0,0,0,0,0,52.40402484140345,0,0,0,0,0,1151.3761780628715,21.241566645936118,0,0,0,0,0,0,0,0,0,0,0,0,0,0,0,171.6124796873528,0,0,0,0,0,62.261489448645804,295.1343314322024,21.203441303657744,0,115.12119897844741,0,0,0,0,293.8799457258729,34.158977773340446,0,0,0,0,0,0,0,0,0,0,5.801628273362703,0,0,0,0,0,0,0,0,11.41371419150539,0,0,0,0,0,162.03053789441935,0,0,0,0,0,0,0,0,0,494.1626029592371,193.28793550441833,485.1672062452237,0,0,0,0,0,0,0,0,0,0,0,0,0,448.40381007691775,0,0,645.3048032991896,0,0,0,0,0,0,0,0,78.90913133273726,0,0,0,0,0,0,0,0,0,0,0,0,0,0,0,0,0,0,0,0,1.23161068332475,16.130711774572458,6.770561652860401,7.658427745463339,4.41211084153877
Morelos,S-022,0,0,21.27119236607145,0,0,0,91.04197560068303,835.4968268477545,0,0,0,0,0,0,0,0,0,0,0,0,0,0,0,0,2.7230021974979595,0,0,380.6313845271261,0,417.9740438652879,0,0,146.4815642244898,0,0,0,0,0,0,0,0,0,0.08624309814454983,0,302.32249118471316,0,417.9740438652879,0,0,0,0,227.42721666625613,0,0,0,0,0,0,0,46.1532634538548,0,0,0,0,0,0,0,855.5946333293542,0,0,0,0,0,0,0,0,0,39.54416564745809,0,0,0,0,0,0,6.51793238391597,0,0,0,0,0,0,0,0,0,0,0,0,0,0,0,0,0,0,0,0,0,0,0,0,0,0,517.5664505572233,0,0,0,0,0,0,0,0,0,0,0,0,0,0,0,7.211439342952849,0,0,0,0,0,0,0,0,0,684.4170903672682,0,0,0,256.1814651041895,0,0,0,0,0,0,0,0,0,0,0,0,0,0,0,0,0,0,0.7153834347065013,9.197544386171353,2.1325353735363874,2.6765640711459047,2.1665864109985247
Morelos,S-016,0.004826518630749438,0,0,0,0,0,334.76394256548974,1586.1357437760673,0,0,7.855839052904922,0,0,0,0,0,1043.3936364836477,0,0,0,0,0,0,0,886.142482017079,0,0,112.83050857460339,11.30241036130565,1391.8197546899241,0,0,568.6508310815974,0,0,0,1.408001672452532,0,0,0,0,0,37.29642572750138,0,1531.735397618231,0,1391.8197546899241,0,0,11.30241036130565,0,0,0,0,0,0,0,0,0,229.54239442947303,0,0,0,0,0,425.9367378681703,0,1874.856980329113,0,0,0,0,0,0,0,0,0,237.74995026011362,0,0,204.06792551012643,0,0,0,0,0,0,0,0,0,0,0,0,0,0,0,0,0,0,0,0,0,0,0,0,0,0,876.1336421756364,0,0,0,706.9133505739987,4.986230040245707,0,0,0,0,0,0,0,0,0,0,0,0,0,0,909.7910956055425,0,0,0,14.743614709876871,0,0,0,0,0,1265.0855457437067,137.21267195371763,1.0166037346422068,0,644.3044566494074,0,0,0,0,0,0,0,0,0,0,0,0,0,0,0,0,0,0,0.527590299834999,14.514029526675426,3.01810465902222,4.093401840391062,3.318726228597285
Morelos,S-007,0,0,0,0,0,0,0,0,0,0,0,0,0,0,0,0,0,1517.8678259329706,0,0,0,0,0,0,161.18018357357073,0,0,439.833392623148,0,0,0,0,0,0,0,916.8542497358626,0,0,0,0,0,0,0,439.833392623148,161.18018357357073,0,0,0,0,916.8542497358626,0,0,0,0,0,0,0,0,0,358.316953836807,0,0,19.880696582796933,0,0,63.40072575913953,0,0,0,764.9545562173145,0,0,0,0,0,0,294.03794309317493,0,0,0,0,0,0,0,17.27695044352217,0,0,0,0,0,0,0,0,0,0,0,0,0,0,0,0,0,0,0,0,0,0,148.36648921879816,0,910.7655183144078,0,458.7358183994692,0,0,0,0,0,0,0,0,0,0,0,0,0,0,0,193.06801372050333,0,0,413.4604876059677,0,0,0,0,0,0,0,0,0,0,0,0,0,0,0,0,0,0,0,0,911.3393246061737,0,0,0,0,0,0,0,0,1.6001779521229333,8.987636557707354,3.7938827582480323,4.070113605014727,1.6247994250014826
Estado de Mexico,E-174,0,0,0,0,0,0,0,0,0,0,0,0,0,0,0,0,0,1361.8739727053858,0,0,0,0,0,0,13.281303852975498,0,0,776.5631765482163,0,0,0,0,0,0,0,572.0294923042378,0,0,0,0,0,0,0,776.5631765482163,13.281303852975498,0,0,0,0,572.0294923042378,0,0,0,0,0,0,0,0,0,367.5192271781378,44.55399644585194,0,0,0,0,0,0,0,0,810.0323685058823,0,0,0,0,0,0,85.08460173749341,0,0,0,0,0,0,0,54.68377883811437,0,0,0,0,0,0,0,0,0,0,0,0,0,0,0,0,0,0,0,0,0,0,4.161127130627176,0,559.0517231033764,0,798.6611224714031,0,0,0,0,0,0,0,0,0,0,0,0,0,0,0,14.683215147518032,0,0,664.5015849423172,0,0,0,0,0,0,0,0,0,0,0,0,0,0,0,0,0,0,0,0,682.6891726154602,0,0,0,0,0,0,0,0,0.9606763173962963,7.157995080038132,3.2036533372103877,3.5704991792281313,1.3693745578158187
Estado de Mexico,E-134,0,0,232.54796755820774,0,0,0,0,404.8334410463503,0,0,457.3804723231759,0,0,0,0,0,0,0,0,0,0,0,0,0,34.91307061930934,0,0,534.8126344382167,0,0,0,0,36.48271590251031,0,0,0,488.55345996775856,0,0,0,0,0,828.4723588969549,162.9927594765877,36.48271590251031,0,0,0,0,0,0,0,0,66.81404665174198,0,0,0,0,0,196.89972624362338,0,0,0,0,0,0,34.61126611035377,31.404701098616876,0,257.1883284471517,0,0,0,0,2.169220000163154,115.14204316506796,0,0,0,0,0,0,0,0,0,0,11.66377718080193,0,0,0,0,0,0,0,0,220.80052015591676,0,0,0,0,0,224.88229852606372,0,0,0,0,0,0,0,0,0,430.29724703283796,570.9161273885002,31.201973780770984,0,0,0,0,62.34653272564695,0,0,0,0,0,0,0,0,19.224292712516537,0,0,483.3400524502931,0,0,0,0,0,0,0,0,508.0415587281774,0,41.20291565819881,0,0,0,0,0,0,0,0,0,0,42.953061378615,0,0,0,0,0,0,0,1.0794330324065267,11.0523506139285,3.8215083369902167,4.294814584702058,2.3942839795722186
Morelos,S-014,146.2176462832437,0,0,19.24775017890131,0,0,117.57442130244577,1123.1194355412717,0,0,0,0,0,0,0,0,2262.7933338106045,819.9915641183177,0,0,0,0,0,0,1970.70504683631,0,0,38.24044345830857,178.035059189163,1993.9716302900558,0,0,307.99197206069385,0,0,0,0,0,0,0,0,0,463.360236147465,0,1853.5772262078474,0,1993.9716302900558,0,0,178.035059189163,0,0,0,0,0,0,0,0,0,1087.358522395057,0,0,0,0,0,331.83446192162216,0,2390.858204157013,0,3.168512726305199,0,0,0,0,0,0,0,139.98338058670458,0,0,531.7628540738724,0,0,0,0,0,0,0,3.9782153752656635,0,0,0,0,0,0,0,0,0,0,0,0,0,0,0,0,0,0,2130.5545146004433,0,0,0,326.45712619697105,0,0,0,0,0,0,0,0,0,0,0,0,0,0,0,1978.7849885162007,0,0,8.742361124635703,192.78139602383226,0,0,0,0,0,699.9382250311121,1012.8326009433359,258.69289087137963,0,337.17168872502344,0,0,0,0,0,0,0,0,0,0,0,0,0,0,0,0,0,0,0.7998126048495832,12.72613949517077,4.137044238336682,4.500533480278801,2.762019249455184
Morelos,S-050,0,0,5.587510002885835,0,0,0,0,0,0,0,0,0,0,0,0,0,0,618.3453848770721,0,0,0,0,0,0,0,0,0,338.1490260238827,0,0,0,0,0,0,0,285.78386885613247,0,0,0,0,0,0,0.09756414073146794,338.0514618831512,0,0,0,0,0,0,0,285.78386885613247,0,0,0,0,0,0,0,138.62733485925312,0,0,0,0,0,0,0,0,0,479.98863492238115,0,0,0,0,0,0,0,0,0,0,0,0,0,0,5.316925098285352,0,0,0,0,0,0,0,0,0,0,0,0,0,0,0,0,0,0,0,0,0,0,0,0,269.78270192172846,0,354.1501929582952,0,0,0,0,0,0,0,0,0,0,0,0,0,0,0,0,0,0,348.54160348295073,0,0,0,0,0,0,0,0,0,0,0,0,0,0,0,0,0,0,0,0,275.39129139706625,0,0,0,0,0,0,0,0,1.5144433916357907,6.925030787559413,2.2269814577237175,2.8085147216013215,1.3734777471975401
Morelos,S-053,0,0,477.65031102212316,0,0,0,0,182.35482335935728,0,0,0,0,0,0,0,0,0,0,0,327.58243018932205,0,0,0,0,94.92362663972295,0,0,715.320138062737,0,0,0,0,0,0,0,0,177.34379986836265,0,0,0,0,0,839.6651245297442,0,0,0,0,0,0,0,0,0,0,147.92244004107835,0,0,0,0,0,337.2011044930365,0,0,0,0,0,0,160.98194815220774,0,0,0,0,0,0,0,0,0,0,0,0,0,28.397023376938044,0,0,0,0,0,104.65797416487234,0,0,0,0,0,0,0,0,356.34951438372184,0,0,0,0,0,0,0,0,0,0,0,0,0,0,0,175.5014920267219,728.1014189000088,83.9846536440094,0,0,0,0,0,0,0,0,0,0,0,0,0,141.36668081168156,0,0,518.5527250696762,0,0,0,0,0,0,0,0,235.52147628867218,0,0,0,0,0,0,0,0,0,0,0,0,92.1466824007553,0,0,0,0,0,0,0,2.2267117704658617,13.131937482662053,6.979581400573128,7.354840770646263,2.9934224671475844
Estado de Mexico,E-175,0,0,0.1544567041059143,0,0,0,0,0,0,0,0,0,0,0,0,0,0,1198.4591300688019,0,0,0,0,0,0,8.623789302796954,0,0,793.8983376211396,0,0,0,0,0,0,0,396.09145984941586,0,0,0,0,0,0,0,793.8983376211396,8.623789302796954,0,0,0,0,396.09145984941586,0,0,0,0,0,0,0,0,0,665.3952942522752,145.77989803196814,0,0.013601099130394844,0,0,0,0,0,0,387.4247933899264,0,0,0,0,0,0,0,0,0,0,0,0,0,0,0,0,0,0,0,0,0,0,0,0,0,0,0,0,0,0,0,0,0,0,0,0,0,0.7614982231681255,0,399.11183528965205,0,798.7402532604924,0,0,0,0,0,0,0,0,0,0,0,0,0,0,0,65.9115167641758,0,0,792.3657151440373,0,0,0,0,0,0,0,0,0,0,0,0,0,0,0,0,0,0,0,0,340.3363548651622,0,0,0,0,0,0,0,0,0.7530784771064246,8.119822497684671,3.3460447091238104,3.5614554523179103,1.6437168789207521
Morelos,S-052,0,0,383.0476690417885,0,0,0,0,761.0478871594487,0,0,0,0,0,0,0,0,0,0,0,118.24644005803404,0,0,0,0,113.39420080408766,0,0,1026.9611242119433,0,0,0,0,45.55599025946046,0,0,0,76.43068098374097,0,0,0,0,0,514.1009639025333,0,45.55599025946046,0,0,0,0,0,0,0,0,702.6850420972386,0,0,0,0,0,240.6332149853493,0,0,0,0,0,0,60.52338647561888,10.066116519814326,0,68.16704724769271,0,0,0,0,0,0,0,0,0,0,12.972857041855296,0,0,0,0,0,100.93485660647828,0,0,0,0,0,0,0,0,769.0445173823485,0,0,0,0,0,0,0,0,0,0,0,0,0,0,0,731.3463489057712,381.7652073346006,108.62861620762342,0,0,0,0,40.601823811285755,0,0,0,0,0,0,0,0,87.09855974433289,0,0,376.00680163450323,0,0,0,0,0,0,0,0,94.67840230885734,0,114.44679594494869,0,0,0,0,0,0,0,0,0,0,590.1114366266288,0,0,0,0,0,0,0,1.0081512580486167,11.98528276039144,5.494469822699483,5.716997002744813,2.9178969780201176
Estado de Mexico,E-127,0,0,445.9336687353846,0,0,0,0,0,0,0,59.507004603418466,0,0,0,0,0,0,1203.5269018456895,0,0,0,0,0,0,304.14122550733055,0,0,998.0958108188955,0,0,0,0,0,0,0,143.97202251609332,262.7585163426208,0,0,0,0,0,301.30482203154213,959.54950512997425,304.14122550733055,0,0,0,0,95.13163134482974,0,48.84039117126356,0,0,0,0,0,0,0,707.3030993204942,13.874230402072872,0,89.43413255428726,0,0,21.592233908142557,122.65852745703869,67.53869782590182,0,267.90712066868286,0,0,0,0,0,0,0,0,0,0,0,0,0,0,294.08864314728527,0,0,0,0,0,0,0,0,0,0,95.13538247836352,29.435507422519912,0,0,0,0,0,0,0,0,0,0,267.9486472020861,0,173.38249059060544,0,1158.728785948314,108.9076514440859,0,0,0,0,0,0,0,0,0,0,0,0,0,0,327.5367222219464,0,0,1111.2719442118732,0,0,0,0,0,0,0,0,226.19160587746063,0,0,0,0,0,0,0,0,0,0,0,43.96730287336506,0,0,0,0,0,0,0,0,0.6712491205994845,13.131282757737582,3.525098956377354,4.2401195693714895,2.729164985537217
Morelos,S-009,0,0,0,0,0,0,111.24018495674875,0,0,0,0,0,0,0,0,0,0,1153.5584970053728,0,0,0,0,0,0,0.3741626373621412,0,0,602.9584696364353,0,239.46521412021053,0,0,82.6238868832601,0,0,339.3769486849047,0,0,0,0,0,0,0,602.9584696364353,82.99804952062225,0,239.46521412021053,0,0,339.3769486849047,0,0,0,0,0,0,0,0,0,468.3373821137063,0,0,0,0,0,0,0,343.9252419615134,32.44720025024108,323.57705297942886,0,0,0,0,0,0,0,96.5118046572414,0,0,0,0,0,0,0,0,0,0,0,0,0,0,0,0,0,0,0,0,0,0,0,0,0,0,0,0,0,0,0,327.54281130685666,0,705.1423837699425,0,0,0,0,0,0,0,0,0,0,0,0,0,0,0,2.7553117403374503,0,0,832.9007538198186,0,0,0,0,0,0,0,0,0,0,94.67920844283405,0,0,0,0,0,0,0,0,0,334.46340795923595,0,0,0,0,0,0,0,0,1.2439039978705746,7.363322019866761,2.2481142812615253,2.679294265473456,1.2176879681579678
Estado de Mexico,E-176,0,0,0,0,0,0,0,0,0,0,0,0,0,0,0,0,0,2190.729470383249,0,0,0,0,0,0,0.35075149322268107,0,0,1520.3541737949233,0,0,0,0,128.80549483293348,0,0,541.219050262482,0,0,0,0,0,0,0,1520.3541737949233,129.15624632615615,0,0,0,0,541.219050262482,0,0,0,0,0,0,0,0,0,797.6812112448516,0.446339683394192,0,0,0,0,0,0,13.778187271410358,0,1185.8696008191687,0,0,0,0,0,0,0,0,0,0,0,0,0,0,0,0,0,0,0,0,0,0,0,0,0,192.9541313650788,0,0,0,0,0,0,0,0,0,0,0,0,0,519.8496518418821,0,1534.9235503810628,0,0,0,0,0,0,135.95626816071956,0,0,0,0,0,0,0,0,9.291153593687437,0,0,1562.2316932129745,0,0,0,0,0,0,0,0,0,0,128.60294884414833,0,0,0,0,0,0,0,0,0,490.603674732814,0,0,0,0,0,0,0,0,0.28924479340369547,8.025206666374494,2.7579132154891464,3.0382702277346993,1.3384887821244982
Morelos,S-006,4.256058245570286,0,0,0,0,0,49.009562650057894,0,0,0,0,0,0,0,0,0,0,1507.4927169348566,0,0,0,0,0,0,206.22699656368175,0,0,922.0315750524761,0,72.23287149354569,0,0,47.184247109754416,0,0,313.0826478961331,0,0,0,0,0,0,0,922.0315750524761,253.41124367343616,0,72.23287149354569,0,0,313.0826478961331,0,0,0,0,0,0,0,0,0,571.1989420945243,0,0,41.266498155070934,0,0,222.65720539883694,0,477.459941918365,0,202.25518074649253,0,0,0,0,0,0,0,45.92056951753761,0,0,0,0,0,0,0,0,0,0,0,0,0,0,0,0,0,0,0,0,0,0,0,0,0,0,0,0,0,195.2071330782207,0,317.0166477189202,0,974.6245692629798,0,0,0,0,0,0,0,0,0,0,0,0,0,0,0,213.87584037679417,0,0,970.3544619596915,0,0,0,0,0,0,0,0,0,0,56.651269966558495,0,0,0,0,0,0,0,0,0,319.8767655277989,0,0,0,0,0,0,0,0,0.6335375244030832,7.667081666892138,2.5162120154478944,2.9883088651328173,1.5028906906804504
Estado de Mexico,E-178,0,0,189.7018570716256,0,0,0,0,0,0,0,1283.3055530298143,0,0,0,0,0,0,985.0440143533091,0,0.8465525187694103,0,0,0,0,0,0,0,819.5920837082316,0,0,0,0,0,0,0,474.8231453339369,1164.4827479312232,0,0,0,0,0,1414.0420510749723,570.0327805644826,0,0,0,0,0,0,0,474.8231453339369,0,0,0,0,0,0,0,105.52733474369086,0,0,0,0,0,0,341.25683790490785,0,0,828.9596862405472,0,0,0,0,0,0,0,0,0,0,0,0,0,0,0,0,228.5447982215362,0,0,0,0,0,0,0,0,726.7458861093573,227.86343375341596,0,0,0,0,0,0,0,0,0,0,0,0,461.58114882556083,0,498.28821184044773,1499.028616307392,0,0,0,0,0,0,0,0,0,0,0,0,0,0,0,0,0,908.1932914512902,0,0,0,0,0,0,0,0,1103.9040600422418,0,0,0,0,0,0,0,0,0,0,0,446.8006254798406,0,0,0,0,0,0,0,0,0.4313743012008258,12.248662104349282,3.561657358967544,4.140826707597801,2.131788097360784
Morelos,S-054,0,0,4.267653081648022,0,0,0,0.7554115618477008,138.50101856738888,0,0,890.8403636518369,0,0,0,0,0,0,294.8587684274035,0,5.845899913433341,0,0,0,0,0,0,0,123.99350914947769,0,0,0,0,0,0,0,0,1211.0756060542683,0,0,0,0,0,1237.005927389754,0,0,0,0,0,0,0,0,0,0,98.06318781399189,0,0,0,0,0,60.487010129720765,0,0,0,0,0,0,84.45668879091255,0,0,308.72361412706005,0,0,0,0,0,0,0,0,0,0,0,0,0,0,0,0,0.6976351274871241,0,0,0,0,0,0,0,0,880.7041670285436,0,0,0,0,0,0,0,0,0,0,0,0,0,0,0,77.67433914031265,1256.3948284928722,0,0,0,0,0,0.9999475704267383,0,0,0,0,0,0,0,0,0,0,0,54.00753711657486,0,0,0,0,0,0,0,0,1031.1164018165955,0,0,0,0,0,0,0,0,0,0,0,0,249.94517627049248,0,0,0,0,0,0,0,1.3201486783235032,10.731264412045299,5.516874016877903,5.454218621268987,2.0516262136274177
Estado de Mexico,E-179,0,0,0,0,0,0,1.1173841480112339,410.7908681409164,0,0,0.02065796930799738,0,0,0,0,0,0,0,0,127.80854338662469,20.672853814244093,0,0,0,0,0,0,552.9125913760023,0,0,0,0,4.353943752025608,0,0,0,3.143772331155232,0,0,0,0,0,3.143772331155232,0,4.353943752025608,0,0,0,0,0,0,0,0,552.9125913760023,0,0,0,0,0,67.6734204513691,0,0,0,0,0,0,0,0,0,44.2095277252983,0,0,0,0,0,0,0,0,0,0,0,0,0,0,0,0,0,0,0,0,0,0,0,0,0,448.5273592824565,0,0,0,0,0,0,0,0,0,0,0,0,0,0,0,543.2026668186193,6.476360836217868,0,0,0,0,0,10.731279804329757,0,0,0,0,0,0,0,0,0,0,0,1.052122954713811,0,0,0,0,0,0,0,0,3.6021302859579833,0,22.933644593527994,0,0,0,0,0,0,0,0,0,0,532.8224096249876,0,0,0,0,0,0,0,2.688180733734803,9.349008111116671,4.830473822420437,5.421056752096557,2.0932696778882875
Morelos,S-008,0,0,0,0,0,0,0,0,0,0,0,0,0,67.95392870257538,0,0,0,1708.7293654237594,0,0,0,0,0,0,14.42897499284025,0,0,901.41081004191,0,31.623822533209246,0,0,479.26493302302015,0,0,349.9547559758473,0,0,0,0,0,0,0,901.41081004191,493.6939080158604,0,31.623822533209246,0,0,349.9547559758473,0,0,0,0,0,0,0,0,0,675.8496438704432,0,0,0,0,0,11.863255107952327,0,713.1524991112391,0,375.81789603676066,0,0,0,0,0,0,0,0,0,0,0,0,0,0,0,0,0,0,0,0,0,0,0,0,0,0,0,0,0,0,0,0,0,0,0,0,0,11.712237333766543,0,341.25085386938935,0,991.1310497261645,0,0,0,0,0,0,400.6441967171236,0,0,0,0,0,0,0,0,7.239650371053227,0,0,996.2728293099037,0,0,0,0,0,0,0,0,0,0,412.3710768650046,0,0,0,0,0,0,0,0,0,360.79973758044866,0,0,0,0,0,0,0,0,0.6467490443048124,8.145390823189128,2.0986694556690995,2.4876678625547517,1.4395328676968882
Morelos,S-005,214.43946771750768,0,0,255.07323050366702,0,0,90.38393330950586,2369.196246682847,0,0,0,0,0,0,0,0,526.594486261671,3038.342358201191,0,0,0,0,0,0,2446.9965356651687,0,0,425.30601595880887,1001.1288310305039,1307.9958345610355,0,0,0,0,0,1312.6025054605839,0,0,0,0,0,627.278223346447,708.7709885592365,425.30601595880887,637.2345612197668,0,1307.9958345610355,433.39387372850035,0,2354.0502253023055,0,0,0,0,0,0,0,0,0,993.6172944779964,0,0,75.59849782982441,276.60969439444153,867.9856767837289,548.18976997846,0,1948.0475469390751,0,926.4797219863148,398.9497251784511,0,0,0,47.850960713853446,0,186.58634184427748,0,0,0,0.880952643622828,0,0,0,0,0,0,0,0,0,0,0,0,0,222.04713878200408,0,0,0,0,1.1864011240141705,0,0,0,0,0,0,0,2807.748106291453,0,1307.2590219959093,0,442.96949190802167,625.1076812775289,0,0,0,0,0,0,0,0,0,0,0,0,0,0,2419.4674653997786,0,0,745.9650311061829,1013.661761387704,0,0,0,0,40.25323706450919,132.2471726880624,669.3240891604457,0,0,0,0,0,0,0,0,0,0,0,0,1473.110965869749,0,0,0,0,0,0,0,0,0.32195499463510924,11.671961913552787,4.040886149981338,4.604765667228714,2.538446384136602
Morelos,S-060,0,0,0,0,0,0,0,0,0,0,860.5496145190133,0,0,0,0,0,0,858.5948383186337,0,0,0,11.790028110725588,0,0,0,0,0,564.7327710130064,0,0,0,0,48.98773468525547,0,0,0,1117.2139752499443,0,0,0,0,0,1117.2139752499443,564.7327710130064,48.98773468525547,0,0,0,0,0,0,0,0,0,0,0,0,0,0,488.3144574118723,0,0,0,0,0,0,0,28.09624882675831,0,161.55790428006623,0,0,0,0,0,0,0,0,0,0,0,0,0,0,0,0,0,0,0,0,0,0,0,0,0,870.6686967058373,182.29717372355674,0,0,0,0,0,0,0,0,0,0,0,0,0,0,308.5053751892031,1015.1270079337919,364.7143233368497,0,0,0,0,42.58777448836549,0,0,0,0,0,0,0,0,0,0,0,269.77477817034134,0,0,0,0,0,0,0,0,1135.8206030890185,0,78.73037558153855,0,0,0,0,0,0,0,0,0,0,246.60872410732,0,0,0,0,0,0,0,0.13697738708486032,7.377017394670882,3.177684150791953,3.236539156873033,1.9049812140151705
Estado de Mexico,E-132,0,0,1345.2669612276588,0,0,0,0,3148.140555187792,0,0,2413.273001233763,17.914996342093715,0,0,0,0,0,308.08061808983473,773.9985608230131,0,0,0,0,0,1625.5261601907396,0,64.27452570113984,1995.6198339791479,0,0,0,0,1226.7276591443701,0,0,202.3671061010145,2892.159407788107,0,0,0,0,0,4885.507120134905,219.75707990910206,1226.7276591443701,0,0,205.18019269160916,0,1190.00841982764,0,0,0,77.12711509587874,202.3671061010145,0,0,0,0,1902.9835845186458,0,0,0,0,19.366180082520724,18.754148770980542,1744.1142430068794,142.74579649645534,0,510.3534576964606,0.985021442744338,0,0,0,343.38591378046783,624.9118630317605,0,0,0,0,1.1609756119585761,0,261.57980413768297,0,0,0,0,0,0,0,0,0,0,0,19.95642412554503,1100.1969365616367,96.45301120097598,0,0,0,0,11.174032566166336,211.4161666318097,934.7425788932105,62.39455434861264,0,0,948.3666792691117,0,75.47500795536077,0,2222.9198802457354,3093.7814769913125,495.5514127092421,0,0,0,0,1170.5802357339894,0,0,0,0,0,0,0,0,351.394719050465,0,57.62867615149002,1902.2800985469532,0,0,0,0,0,1305.813339398184,0,0,3122.6772300299244,0,945.9510774338003,0,0,0,0,0,0,0,0,0,277.2610582392592,43.66849405393648,0,0,0,0,0,0,0,0.7549138008495169,22.774769376617055,7.811248925868281,8.26221011491907,4.777272614292927
Morelos,S-061,0,0,0,0,0,0,39.19645492658773,192.25376728562637,0,0,544.617485885522,0,0,0,0,0,0,3172.60145546098,0,0,0,79.55220681262847,0,0,0,0,0,1909.6399603802593,0,0,0,0,1418.620021772262,0,0,3.1954518403839587,696.7659363784751,0,0,0,0,0,696.7659363784751,1909.6399603802593,1333.0285774753652,0,0,85.59144429689673,0,3.1954518403839587,0,0,0,0,0,0,0,0,0,1329.662035580184,0,0,0,0,0,0,0,569.6976791471141,18.212725748639834,972.6588635284273,0,0,0,0,0,195.05759013151763,0,25.955225365931007,0,0,0,0,0,0,0,0,0,0,0,0,0,0,0,0,0,694.8771653683816,222.10008550122012,0,0,0,0,0,0,0,0,0,0,0,0,1.1172508000476737,0,729.5676772859713,707.9260822425211,1172.2899045413071,0,0,0,0,1417.3204555016998,0,0,0,0,0,0,0,0,0,0,0,756.3895179669314,0,0,0,0,0,0,0,0,658.0010278636487,0,1451.3050248167463,0,0,0,0,0,0,0,0,0,4.99188540975304,1157.533914314586,0,0,0,0,0,0,0,0.16638141805002823,7.834738252070586,1.8351018123201661,2.2944062337224747,1.6477551088831288
Ciudad de Mexico,M-030,167.87571986405558,0,0,410.5720508266815,0,0,35.11920910340545,76.92380099412793,0,0,0,0,0,0,0,0,0,0,0,0,0,0,0,0,524.2499378785768,0,0,0,166.24084290964188,0,0,0,0,0,0,0,0,0,0,0,0,0,0,0,0,0,0,258.7960899361698,0,431.69469085204895,0,0,0,0,0,0,0,0,0,67.7834508796567,0,0,0,191.01709724330044,0,0,0,0,0,55.953058770966535,375.7371738942844,0,0,0,0,0,0,0,0,0,0,0,0,0,0,0,0,0,0,0,0,0,0,0,0,0,0,0,0,0,0,0,0,0,0,0,0,585.1785854288621,0,0,0,0,105.31219535939012,0,0,0,0,0,0,0,0,0,0,0,0,0,0,414.41113987163874,0,0,0,152.93827311692735,0,0,0,0,123.14136779971764,0,0,0,0,0,0,0,0,0,0,0,0,0,0,0,0,0,0,0,0,0,0,0,1.3808024978815117,10.576559244960093,6.051187711226957,6.132075530840023,2.632031098687011
Ciudad de Mexico,M-041,675.1286009755853,0,0,0,0,0,48.00177738329309,0,0,0,0,0,0,0,0,0,0,0,0,0,0,0,0,0,0,0,0,319.1571603581648,0,235.68850606924758,0,0,0,0,168.28471193158717,0,0,0,0,0,0,0,73.46359816466018,0,168.28471193158717,0,235.68850606924758,245.6935621935046,0,0,0,0,0,0,0,0,0,0,0,184.13618720276733,101.31184646194441,0,0,0,0,0,0,430.973338107373,0,6.709006586858444,0,0,0,0,0,0,0,0,0,0,0,0,0,0,0,0,0,0,0,0,0,0,0,0,0,0,0,0,0,0,0,0,0,0,0,0,0,0,0,0,0,274.3934611480193,226.86354787902872,0,0,0,0,0,0,0,0.7437392141125306,0,0,0,0,0,0,0,0,0,325.8172174524982,0,0,0,0,0,0,0,0,0,0,0,0,0,0,0,0,0,0,0,397.3131609064961,0,0,0,0,0,0,0,0,0,2.0650416961524964,11.311992344068484,5.467269337150636,6.19091305566616,2.48939673126247
Estado de Mexico,E-161,0,0,0,66.10685199839455,503.2231067106913,59.479585426323084,0,7.7146193147366855,0,0,0,0,0,0,0,0,208.41875317731393,0,0,0,0,0,0,0,844.9429166274281,0,0,0,0,0,0,0,0,0,0,0,0,0,0,0,0,0,478.2510125695517,0,0,0,0,0,0,366.69190405787634,0,0,0,0,0,0,0,0,0,0,0,6.345859027535445,0,0,0,62.58921523550256,0.4221977096583811,0,0,0,0,0,0,0,0,0,0,0,0,723.6256955959545,0,0,0,0,27.39396570172871,0,0,0,24.565983357128573,0,0,0,0,0,0,0,0,0,0,0,0,0,0,0,0,0,0,844.9429166274856,0,0,0,0,0,0,0,0,0,0,0,0,0,0,0,0,0,0,0,375.9432452317494,0,0,0,0,0,0,0,0,468.9996713957147,0,0,0,0,0,0,0,0,0,0,0,0,0,0,0,0,0,0,0,0,0,0,0,2.605442114484711,15.220088342810138,6.390145551987725,6.786750644886918,2.9453859487079934
Estado de Mexico,E-160,0,0,0,80.9926481492922,292.9537326738881,154.41084509463937,0,439.9822961865373,0,0,0,0,0,0,0,0,82.67275791424504,0,0,0,0,0,0,0,952.2837319228527,0,98.72854809568646,0,0,0,0,0,0,0,0,0,0,0,0,0,0,0,655.1037710895581,0,0,77.67764259260915,0,21.05090550307732,0,297.17996083329456,0,0,0,0,0,0,0,0,0,0,12.510371439765798,0,0,0,0,324.9541064825687,0,0,0,0,0,0,0,0,0,0,0,0,0,433.3980434857353,0,0,0,0,217.040845401195,0,0,0,63.10891320934239,0,0,0,0,0,0,0,0,0,0,0,0,0,0,0,0,0,0,945.519796271712,0,0,86.44812216030589,0,0,19.044361586538166,0,0,0,0,0,0,0,0,0,0,0,0,0,280.4532498246552,0,83.91855011686823,0,0,0,0,0,0,686.64048007705685,0,0,0,0,0,0,0,0,0,0,0,0,0,0,0,0,0,0,0,0,0,0,0,1.8190550906034608,15.846821037902496,6.4618140517691725,6.75875037373587,3.5763816908186965
Morelos,S-080,0,0,0,60.59626735569836,102.05962972449055,409.06642741045715,0,881.3048565276489,0,0,0,0,0,0,0,0,158.28799676638562,0,0,0,0,0,0,0,723.7024625288102,0,887.6127152558727,0,0,0,0,0,0,0,0,0,0,0,0,0,0,0,207.05780493613628,0,0,342.3901459752239,0,545.2225692806488,0,516.644657592674,0,0,0,0,0,0,0,0,0,0,188.46532961740357,0,0,0,0,27.007429684727676,8.356350171644099,206.1362993957333,0,0,0,0,0,0,0,0,0,0,0,1134.1813087269197,0,0,0,0,47.16846018833665,0,0,0,0,0,0,0,0,0,0,0,0,0,0,0,0,0,0,0,0,0,0,690.3108266983584,0,0,373.5922701980391,0,0,547.412080888217,0,0,0,0,0,0,0,0,0,0,0,0,0,538.5018340616599,0,846.5097581123487,0,0,0,0,0,0,226.30358561059387,0,0,0,0,0,0,0,0,0,0,0,0,0,0,0,0,0,0,0,0,0,0,0,0.8846962043650832,14.327734965964913,2.9958976312754224,4.206973477606995,2.951989472138714
Estado de Mexico,E-162,0,0,0,187.93460001332187,814.4252805506931,842.2829681909016,29.951491274754076,1188.14193879552,0,0,0,0,0,0,0,0,2205.431219260312,328.9661107573535,0,0,0,0,0,0,2568.8468038927613,0,1314.3259526883999,0,825.8934422490753,179.43593464856076,0,0,708.6314753644324,0,0,0,0,0,0,0,0,0,407.02152422027115,0,88.84984966312726,2322.9256477771046,179.43593464856076,58.16544096750716,378.90993189416866,2161.82527967249,0,0,0,0,0,0,0,0,0,0,192.93466750706494,162.34480747299213,0,0,0,63.32608012945626,153.5863735581983,510.25556516503525,0,0,0,0,0,0,0,24.899614908105068,0,85.09978975454105,0,4400.5398052282235,0,0,0,0,2.112606631500103,0,2.0342984887128877,0,0,0,0,0,0,0,0,0,0,0,0,0,0,0,0,0,0,0,0,3235.7103163769257,0,0,1253.245703421178,0,795.3066574903377,51.9930243910362,0,0,0,0,99.39053970662906,0,0,0,0,0,0,0,0,2149.24273290226,0,922.3951402167783,0,861.9482012196431,0,559.7516298380442,0,0,405.2884215319079,0,0,0,0,698.5074831345484,0,0,0,0,0,0,0,0,0,0,0,0,0,0,0,0,0,0,0.6323227849636699,10.045021247541262,2.816380321878303,3.2128400283287295,1.8497928084818465
Morelos,S-088,0,0,0,0,0,0,3612.8128368517355,458.64833783641564,0,0,1988.7565326911742,1145.8334486917631,0,0,0,0,0,35.14752695262772,69.33572351651055,0,0,0,51.07468089224803,0,0,0,0,766.2707440303815,0,413.66061992439757,0,0,2737.2706087476968,0,0,0,3371.208462375088,73.1986523549471,0,0,0,0,1859.857264539246,766.2707440303815,2680.4370015278637,0,413.66061992439757,627.3645066775579,0,0,0,0,0,0,0,1014.0189507330646,0,0,0,1476.6394609048734,0,0,0,0,0,0,0,585.7775835065619,0,316.61703261681197,0,0,0,0,0,0,0,2391.9366794817697,0,37.39446873780892,0,0,0,0,0,0,0,0,0,0,0,0,0,0,0,2553.2438621843526,0,0,0,0,0,0,0,0,0,0,0,0,0,0,0,1042.2425397770155,2479.1077758302026,0,0,0,0,0,2788.1293965516434,0,0,307.51716900763637,365.45306627099,0,0,0,0,0,0,0,0,0,0,0,0,0,0,0,58.31039934401168,3384.011741791502,0,3050.7894695464547,0,0,0,0,0,0,0,0,0,0,791.7081345082931,76.78934224215195,0,0,0,0,0,0,0.03921658043148491,10.785774877863622,2.535810701333505,2.9573739615322356,2.1682895043598114
Morelos,S-097,0,0,0,0,0,0,445.6747142145533,876.6310193559979,0,0,339.1113213161841,0,0,0,0,0,0,0,0,0,0,0,0,0,0,0,0,879.7013828459118,0,200.19438346858024,0,0,0.9768591761941007,0,0,0,580.5444293959479,0,0,0,0,0,153.39868588289158,879.7013828459118,428.1226026892504,0,200.19438346858024,0,0,0,0,0,0,0,0,0,0,0,0,556.2075948853113,0,0,0,0,0,0,0,412.5452454008761,0,100.47081124798532,0,0,0,0,0,0,0,326.55643388394253,0,0,0,0,0,0,0,0,0,0,0,0,0,0,0,0,0,265.6369694684874,0,0,0,0,0,0,0,0,0,0,0,0,0,0,0,982.1064219498132,479.7994638264096,0,0,0,0,0,1.494829028760329,0,0,0,0,0,0,0,0,0,0,0,0,0,0,0,0,0,0,0,32.42704511443883,548.7656194269881,0,101.37571970747504,0,0,0,0,0,0,0,0,0,0,978.8486706378077,0,0,0,0,0,0,0,0.17273062278543658,8.288184536547009,2.495802725056213,2.8535221540833504,1.704445657837968
Morelos,S-096,0,0,0,47.372426393144366,0,0,230.94042942885517,217.58553396313897,0,0,1124.3826448261761,0,0,0,0,0,0,0,24.890578512277628,0,0,0,0,0,0,0,0,262.9336089261517,82.68732756587376,13.002229084258724,0,0,0,0,0,0,1286.548447547249,0,0,0,0,0,1286.548447547249,262.9336089261517,0,0,13.002229084258724,0,0,0,0,0,0,82.68732756587376,0,0,0,0,0,250.85253740436045,0,0,0,0,0,0,0,129.4875812959363,0,237.3292876601724,0,0,0,0,0,0,0,53.68972340824714,0,0,0,0,0,0,0,0,0,0,0,0,0,0,0,0,0,841.0098396322685,52.737517960765416,0,0,0,80.06512576181676,0,0,0,0,0,0,0,0,0,0,282.71978770887364,1356.845365641177,0,0,0,0,0,0,0,0,0,0,0,0,0,0,0,0,0,0,63.241416425709545,0,0,0,0,0,0,0,1327.1369544524232,0,0,0,0,0,0,0,0,0,0,0,0,254.79324224540812,0,0,0,0,0,0,0,0.9443749430052192,13.493866790447484,5.481653012990647,5.539304707238158,2.798881800799117
Morelos,S-094,0,0,0,0,0,0,76.99542745349609,160.10470787448048,0,0,0,0,0,0,0,0,0,0,0,0,0,0,0,0,0,0,0,0,81.89665380506253,54.555156967584246,0,0,100.6483245552648,0,0,0,0,0,0,0,0,0,0,0,100.6483245552648,0,54.555156967584246,0,0,81.89665380506253,0,0,0,0,0,0,0,0,0,0.16143974064490993,0,0,0,0,0,0,0,215.01692555956782,0,0,0,0,0,0,0,0,0,15.884530634065165,0,0,0,0,0,0,0,0,0,0,0,0,0,0,0,0,0,0,6.0372393936536835,0,0,0,0,0,0,0,0,0,0,0,0,0,0,120.06671921672333,60.28985497129357,0,0,0,0,0,0,0,0,0,0,0,0,0,0,0,0,0,0,99.48148366113129,0,0,0,0,0,0,0,0,0,137.6186516668039,0,0,0,0,0,0,0,0,0,0,0,0,0,0,0,0,0,0,0.8600222943588475,4.60275073612637,1.732369762178742,2.0303340129721974,1.279201736594572
Morelos,S-095,0,0,0,0,0,0,1155.4825062201946,1497.3216652943274,0,0,882.0023065237251,0,0,0,0,0,0,1161.7634359003225,1081.2378570109868,0,0,0,82.57832481695404,0,0,0,0,150.2667136787806,929.6505910313972,260.94843066569194,0,0,3055.2416095621543,0,0,0,1163.6527890429527,300.62596178562495,0,0,0,0,1163.6527890429527,150.2667136787806,1966.6234617878608,0,260.94843066569194,1088.6736909881602,0,0,0,0,0,929.6505910313972,0,0,300.5704185717584,0,0,247.7852178429526,0,0,0,0,0,0,0,619.1087636386366,106.73883351005223,16.10765983074251,0,0,0,0,0,1.5728867987239759,0,2743.4276849451703,0,171.12320032592993,0,0,0,0,0,0,0,0,59.72000799315619,0,0,0,0,0,0,1754.3138797590937,136.45397524703716,0,0,0,4.033985874690998,0,0,0,0,0,0,0,0,0,0,950.9137595792039,2149.0128351202466,149.2032328674174,0,0,0,0,2066.8046461582153,0,0,0.6004081843140715,295.00251724263546,0,0,0,0,0,0,0,0,960.0928956787185,0,0,0,0,0,0,0,1281.0742987414865,0,3190.8586430293353,0,0,0,0,0,0,0,0,0,0,119.9915173376232,308.3687409797727,0,0,0,0,0,0,0.0496054818348046,16.794570604309833,2.489596008343911,4.059145731770397,3.912402435933476
Morelos,S-062,0,0,0,170.6622866469356,0,0,1049.5712490833314,648.2295133716038,0,0,455.98326227480305,0,0,0,0,0,0,1816.4213218929222,0,0,0,0,0,0,0,0,28.8669168567762,2331.0793889116344,0,440.49631166121594,0,0,1151.761440260968,0,0,0,188.6635755785959,0,0,0,0,0,188.6635755785959,2331.0793889116344,465.82578665128256,0,440.49631166121594,714.8025704664616,0,0,0,0,0,0,0,0,0,0,0,573.9594589877572,0,0,0,0,0,0,0,718.2444922427716,29.200900973210747,513.514505130484,0,0,0,0,0,308.2170877503609,0,1006.4188447898625,0,0,0,0,0,0,0,0,0,0,0,0,0,0,0,0,0,991.3123433949386,0,0,0,0,0,0,0,0,0,0,0,0,0,0,0,0,72.04332357788468,2431.3581531402738,0,0,0,0,1178.6110055252514,0,0,0,0,0,0,0,0,0,0,36.23544381309705,0,0,0,0,0,0,0,0,115.8703909286277,204.56035224928164,0,1338.1540626470885,0,0,0,0,0,0,0,0,0,0,2446.047383631171,0,0,0,0,0,0,0,0.07231177424873522,7.228981212191767,1.1598830461371072,1.5865264424074643,1.384299615216697
Morelos,S-056,0,0,0,0,0,0,157.1530572870934,0,0,0,298.2612308653226,0,0,0,0,0,0,188.00426073439735,0,0,0,0,0,0,0,0,0,206.71650679043304,0,0,0,0,33.365368703921504,0,0,0,403.33667339245847,0,0,0,0,0,403.33667339245847,0,33.365368703921504,0,0,0,0,0,0,0,0,206.71650679043304,0,0,0,0,0,46.349790030046606,0,0,0,0,0,0,0,0,0,165.10704338850658,0,0,0,0,0,0,0,41.74886929878756,0,0,0,0,0,0,0,0,0,0,0,0,0,0,0,0,0,390.21284616943774,0,0,0,0,0,0,0,0,0,0,0,0,0,0,0,0,596.9181945165674,0,0,0,0,0,46.50035437021977,0,0,0,0,0,0,0,0,0,0,0,0,0,0,0,0,0,0,0,0,444.8913561614009,0,17.200424697142076,0,0,0,0,0,0,0,0,0,0,181.32676802825935,0,0,0,0,0,0,0,0.42236791259478734,12.622902763320349,4.680206132218508,5.765608348511833,3.5090830595741886
Morelos,S-058,0,0,0,0,0,0,223.31329364017327,0,0,0,720.0323674906523,0,0,0,0,0,0,241.10373696535635,0,0,0,0,0,0,0,0,0,192.3416279712469,0,0,0,0,58.92575606350402,0,0,0,933.1820140614877,0,0,0,0,0,933.1820140614877,0,58.92575606350402,0,0,0,0,0,0,0,0,192.3416279712469,0,0,0,0,0,0,0,0,0,0,0,0,0,0,0,332.8949268085164,0,0,0,0,0,0,0,88.06357938888584,0,0,0,0,0,0,0,0,0,0,0,0,0,0,0,0,0,763.4908918988174,0,0,0,0,0,0,0,0,0,0,0,0,0,0,0,0,1112.7016481749224,0,0,0,0,0,71.74774992126363,0,0,0,0,0,0,0,0,0,0,0,0,0,0,0,0,0,0,0,0,1009.748974668468,0,40.97381772700264,0,0,0,0,0,0,0,0,0,0,133.72660570076596,0,0,0,0,0,0,0,0.3720359779955161,16.430619876104952,4.702197614045531,5.654487250625484,3.7024557738771615
Morelos,S-059,0,0,0,0,0,0,302.394429403559,0,0,0,291.95268927399866,0,0,0,0,0,0,384.3566951520852,0,0,0,0,0,0,0,0,0,422.8633564312779,0,0,0,0,125.16703507799554,0,0,0,430.67342232038334,0,0,0,0,0,430.67342232038334,74.00120674179048,125.16703507799554,0,0,0,0,0,0,0,0,348.8621496894874,0,0,0,0,0,229.70226086324467,0,0,0,0,0,0,0,0,0,225.4794990439213,0,0,0,0,0,0,0,68.00632463832939,0,0,0,0,0,0,0,0,0,0,0,0,0,0,0,0,0,308.40203041081486,147.1136988733667,0,0,0,0,0,0,0,0,0,0,0,0,0,0,0,674.2592523917912,178.25602882102578,0,0,0,0,126.18853261686594,0,0,0,0,0,0,0,0,0,0,0,0,0,0,0,0,0,0,0,0,456.1122118416752,0,110.19579312682463,0,0,0,0,0,0,0,0,0,0,412.3958088611605,0,0,0,0,0,0,0,1.017259337939806,15.977531947266417,2.93064219469405,5.352389877288817,4.786141815577256
Estado de Mexico,E-177,0,0,0,0,0,0,1124.8310351067503,0.49025530207327883,0,0,695.8727982682576,1238.046339629192,0,0,0,0,0,2952.995544687283,0,0,0,0,0,223.6521918451705,0,949.9276834087653,0,1287.6196320062486,0,99.67279562960796,0,0,1182.0171095550336,0,0,0,1313.0829434347647,0,1403.5680008044235,0,0,0,1632.792902177572,944.8844496109123,1398.634204203092,0,99.67279562960796,15.393988902440162,0,0,0,0,0,23.02522365252914,0,0,2121.4846006626904,0,0,2080.7211181046887,0,0,0,0,0,0,0,463.1767174161083,0,203.78437482697964,0,0,0,0,0,0,0,897.8326669010406,0,0,0,0,0,0,0,0,0,0,0,0,0,0,0,0,0,2417.49642599673,172.87686159284786,0,0,0,0,0,0,0,0,0,0,0,0,0,0,985.2290159175448,913.8429271653845,693.1016190025229,0,0,0,0,1145.5975198019685,0,0,0,1422.3783116413526,961.7876718155554,0,0,0,0,0,0,402.45177656574873,0,0,0,0,0,0,0,0,1348.8994470077625,0,1233.8168135399017,0,0,0,0,0,0,0,0,0,0,920.8113942441597,221.0831628717501,969.9540742858086,1138.8714963238147,0,0,0,0,0.17538135901381027,9.74880782196766,1.2650990179676316,1.8602335066861473,1.718552398826294
Morelos,S-055,0,0,0,0,0,0,268.93834114262984,40.18275449133017,0,0,196.21254776191762,0,0,0,0,0,0,4.179149074196761,0,2.3951188683936993,0,0,0,0,0,0,0,19.74951955586187,0,0,0,0,315.26398432460957,0,0,0,176.89440745810992,0,0,0,0,0,176.89440745810992,0,315.26398432460957,0,0,0,0,0,0,0,0,19.74951955586187,0,0,0,0,0,240.02392832528523,0,0,0,0,0,0,0,0,0,0,0,0,0,0,0,0,0,78.2092503605631,0,0,0,0,0,0,0,0,0,0,0,0,0,0,0,0,0,193.67473265268026,0,0,0,0,0,0,0,0,0,0,0,0,0,0,0,11.151013857356471,175.2107481464998,0,0,0,0,0,325.54614933467974,0,0,0,0,0,0,0,0,0,0,0,0,0,0,0,0,0,0,0,0,192.58604597668028,0,281.38243891143844,0,0,0,0,0,0,0,0,0,0,37.93942645041723,0,0,0,0,0,0,0,0.3507594315787066,6.393837066446699,2.1280333780010423,2.692743274549109,1.8447335841108554
Estado de Mexico,E-180,0,0,0,0,0,0,470.8598302759424,684.4808187982202,0,0,803.1641565311486,0,0,0,0,0,0,558.2495993773184,0,48.612302761989866,84.73520052287238,0,0,0,0,0,0,1341.9485953563978,0,0,0,0,677.7379405959605,0,0,0,630.4153723152031,0,0,0,0,0,630.4153723152031,0,677.7379405959605,0,0,0,0,0,0,0,0,1341.9485953563978,0,0,0,0,0,843.4526172212461,0,0,0,0,0,0,0,0,0,17.319880640571412,0,0,0,0,0,0,0,117.13334300226076,0,0,0,0,0,0,0,0,0,0,0,0,0,0,0,0,0,821.2778731382067,850.9181942653397,0,0,0,0,0,0,0,0,0,0,0,0,0,0,1330.6990372532555,639.6955367955644,0,0,0,0,0,679.7073342188457,0,0,0,0,0,0,0,0,0,0,0,0,0,0,0,0,0,0,0,0,783.4454194927349,0,588.3372982631516,0,0,0,0,0,0,0,0,0,0,1278.3191905114838,0,0,0,0,0,0,0,0.6003889589718353,16.256756012394437,4.979039215940911,6.067855307103793,4.13703586228369
Morelos,S-057,0,0,0,0,0,0,194.68515124154612,0,0,0,19.569953069103622,0,0,0,0,0,0,0.703721439600886,0,0,0,0,0,0,0,0,0,6.117078087038414,0,0,0,0,194.72219833734633,0,0,0,14.119549325853495,0,0,0,0,0,14.119549325853495,0,194.72219833734633,0,0,0,0,0,0,0,0,6.117078087038414,0,0,0,0,0,77.01138767287456,0,0,0,0,0,0,0,0,0,0,0,0,0,0,0,0,0,114.13365610950227,0,0,0,0,0,0,0,0,0,0,0,0,0,0,0,0,0,23.813781967835435,0,0,0,0,0,0,0,0,0,0,0,0,0,0,0,0,16.36899835559698,0,0,0,0,0,198.58982739464642,0,0,0,0,0,0,0,0,0,0,0,0,0,0,0,0,0,0,0,0,12.046631407028208,0,192.04866492074729,0,0,0,0,0,0,0,0,0,0,10.86352942245578,0,0,0,0,0,0,0,0.4436761602783615,2.29674053551884,1.2289857273874518,1.2886322217374155,0.6822875917776573
Morelos,S-107,0,0,0,0,0,0,0,0,0,0,408.0851308555845,0,0,0,0,0,0,168.3301275899534,0,0,0,0,0,0,0,0,0,0,0,0,0,0,10.214983257965475,0,0,0,282.8520736942742,283.3482014932706,0,0,0,0,282.8520736942742,0,0,0,0,10.214983257965475,0,0,0,0,0,0,0,0,283.3482014932706,0,0,0,0,0,0,0,0,0,0,3.2566492264890234,0,104.23908927506055,0,0,0,0,0,0,0,65.05545772684856,0,0,0,0,0,0,0,0,0,0,0,0,0,0,0,0,0,50.846816342765,353.0172458743785,0,0,0,0,0,0,0,0,0,0,0,0,0,0,0,273.3617780925963,0,0,0,0,0,12.1159280075858,0,0,0,290.937552345346,0,0,0,0,0,0,0,0,0,0,0,0,0,0,0,0,325.14177260203104,0,2.5521452134332643,0,0,0,0,0,0,0,0,0,0,0,248.72134063004503,0,0,0,0,0,0,2.2831359095339976,11.2268836545522,6.656608963914401,6.76367141445367,2.331554668039635
Morelos,S-104,0,0,0,0,0,0,0,0,0,0,525.5811860207423,0,0,0,0,0,0,145.46319988314616,105.85397867635031,0,0,0,0,0,0,0,0,0,0,0,0,0,0.43238379343856725,0,0,0,634.9698064387663,141.49617434794266,0,0,0,0,634.9698064387663,0,0,0,0,0.43238379343856725,0,0,0,0,0,0,0,0,141.49617434794266,0,0,0,0,0,0,0,0,0,0,0,0,82.74751352320827,0,0,0,0,0,0,0,2.2034205003742238,0,0,0,0,0,0,0,0,0,0,0,0,0,0,0,0,0,141.55272213648112,550.3947084200605,0,0,0,0,0,0,0,0,0,0,0,0,0,0,0,618.3517055059775,0,0,0,0,0,0.5787883929113731,0,0,0,157.96787068126162,0,0,0,0,0,0,0,0,0,0,0,0,0,0,0,0,649.4624268869742,0,0,0,0,0,0,0,0,0,0,0,0,0,127.43593769316202,0,0,0,0,0,0,1.981025756583641,13.840784596720805,6.398949470661641,6.61289797483073,3.0337458485630715
Morelos,S-103,0,0,0,0,0,0,226.11489072110604,42.48515240444102,0,0,153.3935574895785,0,0,0,0,0,0,121.65593219327774,255.41808136330974,0,0,0,0,0,0,0,0,0.04281905228583508,0,0,0,0,318.1102453081338,0,0,0,480.91454981137304,0,0,0,0,0,480.91454981137304,0.04281905228583508,318.1102453081338,0,0,0,0,0,0,0,0,0,0,0,0,0,0,112.76045597547258,0,0,0,0,0,0,0,147.51412919618957,6.21870169855191,0,0,0,0,0,0,0,0,159.7997353900191,0,0,0,0,0,0,0,0,0,0,0,0,0,0,0,0,0,2.968999397791707,369.80559251372455,0,0,0,0,0,0,0,0,0,0,0,0,0,0,0,494.2382476151803,0.010112892878619741,0,0,0,0,304.81925366371473,0,0,0,0,0,0,0,0,0,0,0,0,0,0,0,0,0,0,0,0,500.61218487770344,0,298.4554292940417,0,0,0,0,0,0,0,0,0,0,0,0,0,0,0,0,0,0,0.7230797362828043,12.890594069528532,4.803577947458503,5.387246997024442,3.80272086781503
Morelos,S-106,0,0,0,0,0,0,599.6152428337571,0,0,0,761.8925338204353,0,0,0,0,0,0,0,0,0,0,0,0,0,0,0,0,92.25185024167119,0,236.84911729205658,0,0,213.57429562701626,0,0,0,818.8325103957033,0,0,0,0,0,818.8325103957033,92.25185024167119,0,0,236.84911729205658,213.57429562701626,0,0,0,0,0,0,0,0,0,0,0,0,0,0,0,0,0,0,0,262.07687520300084,0,0,0,0,0,0,0,0,0,433.6324302411249,0,0,0,0,0,0,0,0,0,0,0,0,0,0,0,0,0,39.06830565130607,626.730165558796,0,0,0,0,0,0,0,0,0,0,0,0,0,0,87.40012192746458,801.0560405724879,0,0,0,0,0,229.63863220156674,0,0,0,0,0,0,0,0,0,0,0,0,0,0,0,0,0,0,0,0,773.273029190994,0,224.1649270465848,0,0,0,0,0,0,0,0,0,0,364.06982041669454,0,0,0,0,0,0,0,0.11092111858135473,16.492444563708517,5.658087199403195,6.352367717902726,4.894004033663136
Morelos,S-105,0,0,0,0,0,0,124.63042059811764,0,0,0,456.3407565715303,0,0,0,0,0,0,0,0,0,0,0,0,0,0,0,0,96.23771791300068,0,0,0,0,0,0,0,0,484.733459256648,0,0,0,0,0,484.733459256648,96.23771791300068,0,0,0,0,0,0,0,0,0,0,0,0,0,0,0,0,0,0,0,0,0,0,0,0.0654154598711536,0,0,0,0,0,0,0,0,0,138.26652516210657,0,0,0,0,0,0,0,0,0,0,0,0,0,0,0,0,0,26.98382076203356,415.65541578565717,0,0,0,0,0,0,0,0,0,0,0,0,0,0,104.84026713503229,476.02557405228515,0,0,0,0,0,0,0,0,0,0,0,0,0,0,0,0,0,0,0,0,0,0,0,0,0,0,479.0610934082736,0,0,0,0,0,0,0,0,0,0,0,0,101.91008376136875,0,0,0,0,0,0,0,0.6937783323503199,13.809035247798928,7.236890793312191,6.996235909774809,3.728229257396874
Morelos,S-102,0,0,0,0,0,0,109.97596051095273,0,0,0,655.6729314926368,34.195899415375536,0,0,0,0,0,0,0,0,0,0,0,0,0,0,0,92.363084524057,0,0,0,0,0,0,0,0,707.4817068949139,0,0,0,0,0,707.4817068949139,92.363084524057,0,0,0,0,0,0,0,0,0,0,0,0,0,0,0,0,0,0,0,0,0,0,0,0,18.468659790078913,0,0,0,0,0,0,0,0,103.0348768960859,0,0,0,0,0,0,0,0,0,0,0,0,0,0,0,0,0,172.79724683713144,505.54400789561384,0,0,0,0,0,0,0,0,0,0,0,0,0,0,100.56118187236743,699.2836095465926,0,0,0,0,0,0,0,0,0,0,0,0,0,0,0,0,0,0,0,0,0,0,0,0,0,0,699.0641646496775,0,0,0,0,0,0,0,0,0,0,0,0,100.78062676927851,0,0,0,0,0,0,0,2.4228884740567835,13.149437546905327,6.947894744082622,6.82986334689931,3.054642897639785
Morelos,S-101,0,0,0,0,0,0,40.99502809230594,28.313749106958376,0,0,778.9267500247033,159.85040350832372,0,0,0,0,0,0,0,0,0,0,0,0,0,0,0,49.185082925711,0.5032356382468853,0,0,0,0,0,0,0,958.3976121682795,0,0,0,0,0,958.3976121682795,49.185082925711,0,0,0,0,0,0,0,0,0,0.5032356382468853,0,0,0,0,0,127.7753445468491,0,0,0,0,0,0,0,0,0,0,0,0,0,0,0,0,0,38.93291696091976,0,0,0,0,0,0,0,0,0,0,0,0,0,0,0,0,0,284.25263847721885,557.1250307472845,0,0,0,0,0,0,0,0,0,0,0,0,0,0,56.04087843297002,952.045052299312,0,0,0,0,0,0,0,0,0,0,0,0,0,0,0,0,0,0,0,0,0,0,0,0,0,0,947.2278057686838,0,0,0,0,0,0,0,0,0,0,0,0,60.858124963614465,0,0,0,0,0,0,0,0.42418449092362054,11.825328233816368,6.440219163310719,6.397025008390751,3.357648230525835
Morelos,S-100,0,0,0,0,0,0,0,4.289353900938169,0,0,539.3871300536834,65.53031326139659,0,0,0,0,0,0,0,0,0,0,0,0,0,0,0,49.40625796596248,0,0,0,0,0,0,0,0,559.8005392500245,0,0,0,0,0,559.8005392500245,49.40625796596248,0,0,0,0,0,0,0,0,0,0,0,0,0,0,0,50.07456450325744,0,0,0,0,0,0,0,6.07763892861986,0,0,0,0,0,0,0,0,0,0,0,0,0,0,0,0,0,0,0,0,0,0,0,0,0,0,0,146.84494884692782,406.2096449371584,0,0,0,0,0,0,0,0,0,0,0,0,0,0,51.5555893369547,557.651207879027,0,0,0,0,0,0,0,0,0,0,0,0,0,0,0,0,0,0,0,0,0,0,0,0,0,0,555.0810950194847,0,0,0,0,0,0,0,0,0,0,0,0,54.12570219651942,0,0,0,0,0,0,0,2.9282154839171572,14.78181428799386,7.790016053321769,7.434701511275659,3.371172882134981
Morelos,S-099,0,0,0,0,0,0,73.25400162723344,0.18277294725793153,0,0,417.28218969328213,119.27445264964025,0,0,0,0,0,0,0,0,0,0,0,0,0,0,0,141.35270370889,0.48702556399572233,0,0,0,0,0,0,0,468.1536876444736,0,0,0,0,0,468.1536876444736,141.35270370889,0,0,0,0,0,0,0,0,0,0.48702556399572233,0,0,0,0,0,185.64434323211012,0,0,0,0,0,0,0,0,0,0,0,0,0,0,0,0,0,0,0,0,0,0,0,0,0,0,0,0,0,0,0,0,0,0,0,130.17786600359807,294.171207681651,0,0,0,0,0,0,0,0,0,0,0,0,0,0,153.5598023829468,456.4336145344387,0,0,0,0,0,0,0,0,0,0,0,0,0,0,0,0,0,0,0.6919335865689298,0,0,0,0,0,0,0,466.04710847090365,0,0,0,0,0,0,0,0,0,0,0,0,143.25437485991264,0,0,0,0,0,0,0,2.560371308340643,17.35201190095017,8.60788910687514,8.748201750017643,4.782187376293891
Estado de Mexico,E-164,0,0,0,0,25.733523233035527,263.55620029079034,0,758.754172676739,0,0,0,0,0,0,0,0,0,16.980684925313874,0,0,0,0,0,0,761.9247988401263,0,303.09978228581923,0,0,0,0,0,0,0,0,0,0,0,0,0,0,0,0,0,0,299.75581261745094,0,0,3.343969668368312,761.9247988401263,0,0,0,0,0,0,0,0,0,0,15.474703353656365,0,0,0,0,0,54.64605097677926,0,0,0,0,0,0,0,0,0,0,0,0,994.9038267955632,0,0,0,0,0,0,0,0,0,0,0,0,0,0,0,0,0,0,0,0,0,0,0,0,0,0,0,768.7051390385478,0,0,296.31944208735814,0,0,0,0,0,0,0,0,0,0,0,0,0,0,0,0,766.4903270017475,0,293.5241947334905,0,0,0,5.010059390524363,0,0,0,0,0,0,0,0,0,0,0,0,0,0,0,0,0,0,0,0,0,0,0,0,0,0,1.2225923569365316,5.093735954715648,2.551910322349906,2.7430783351983994,0.9992365113248909
Morelos,S-109,0,0,0,0,0,235.13286427080857,1429.6038529902069,0,0,0,0,0,0,0,0,0,0,1452.962084095883,0,0,0,0,0,0,0,0,1298.3005096051108,0,0,1060.2612314672779,0,0,759.1370602846126,0,0,0,0,0,0,0,0,0,0,0,666.330214741847,1391.1073551478764,1060.2612314672779,0,0,0,0,0,0,0,0,0,0,0,0,0,0,0,0,0,0,0,0,1406.1877432255778,0,0,0,0,0,0,0,0,0,686.1102564324667,0,1025.4008016988514,0,0,0,0,0,0,0,0,0,0,0,0,0,0,0,0,0,0,0,0,0,0,0,0,0,0,0,0,0,0,1315.1412476113435,0,0,0,0,0,0,0,769.8278570824868,0,0,0,0,0,0,0,0,0,0,1641.7250392014162,0,0,0,0,0,0,0,0,371.5629873539531,0,0,1104.4107748016909,0,0,0,0,0,0,0,0,0,0,0,0,0,0,0,0,0,0,0.4590085572579728,4.2945193045815655,1.179708174644973,1.3095041304039774,0.5973776113255634
Morelos,S-108,0,0,0,0,0,364.29646423663763,170.53329669939555,149.5697832319564,0,0,0,0,0,0,0,0,11.571734837500573,1562.2978846705162,0,0,0,0,0,0,180.40711897124194,0,1502.1189553110028,0,0,14.543848907656624,0,0,561.19924048604,0,0,0,0,0,0,0,0,0,0,0,221.56137803246796,1841.7568177645749,14.543848907656624,0,0,180.40711897124194,0,0,0,0,0,0,0,0,0,0,0,0,0,0,0,0,101.56381172495583,428.18760778820183,0,0,0,0,0,0,0,0,0,150.97870598957655,0,1577.5390381732423,0,0,0,0,0,0,0,0,0,0,0,0,0,0,0,0,0,0,0,0,0,0,0,0,0,0,0,447.04578262026035,0,0,1561.491386528831,0,0,0,0,0,0,0,224.9338443623304,0,0,0,0,0,0,0,0,209.3453183515169,0,1488.6312636829355,0,0,0,0,0,0,0,0,0,0,0,560.2925816415539,0,0,0,0,0,0,0,0,0,0,0,0,0,0,0,0,0,0,0.3525088219929886,4.7862600919321885,1.387511043362946,1.683328368438016,0.9239601636726277
Morelos,S-110,0,0,0,18.365335170711727,0,625.7529673678697,0,145.32940333954664,0,0,0,0,0,0,0,0,0,421.5087434191002,0,0,0,0,0,0,823.6337630020066,0,387.3226862952841,0,0,0,0,0,0,0,0,0,0,0,0,0,0,558.7430556967838,0,0,0,387.3226862952841,0,0,0,264.8907073052228,0,0,0,0,0,0,0,0,0,0,0,0,0,0,0,0,24.711385844372117,31.338903286269147,0,0,0,0,0,0,0,0,0,0,0,1154.9061601666272,0,0,0,0,0,0,0,0,0,0,0,0,0,0,0,0,0,0,0,0,0,0,0,0,0,0,0,824.4892153012398,0,0,386.46723399602797,0,0,0,0,0,0,0,0,0,0,0,0,0,0,0,0,268.6889843020261,0,366.80054182339904,0,0,0,0,0,0,0,0,0,0,0,0,575.4669231718558,0,0,0,0,0,0,0,0,0,0,0,0,0,0,0,0,0,0.28115632836795923,10.326363108129735,3.4070218119228546,3.8162595118997626,2.4326059875886146
Morelos,S-112,0,0,0,0,0,0,0,0,0,0,0,0,0,0,0,0,0,354.24288086906273,0,0,0,0,0,0,71.23520916562848,0,283.0076717034247,0,0,0,0,0,0,0,0,0,0,0,0,0,0,71.23520916562848,0,0,0,283.0076717034247,0,0,0,0,0,0,0,0,0,0,0,0,0,0,0,0,0,0,0,0,0,132.21599356810663,0,0,0,0,0,0,0,0,0,0,0,222.02688730094434,0,0,0,0,0,0,0,0,0,0,0,0,0,0,0,0,0,0,0,0,0,0,0,0,0,0,0,62.63870672729627,0,0,291.6041741417625,0,0,0,0,0,0,0,0,0,0,0,0,0,0,0,0,0,0,258.5265105082669,0,0,0,0,0,0,0,0,0,0,0,0,95.71637036078903,0,0,0,0,0,0,0,0,0,0,0,0,0,0,0,0,0,0.838295044395497,3.1678843235779683,1.266070692878165,1.5391562122904991,0.734454909786825
Estado de Mexico,E-168,0,0,0,11.704199778724517,685.693106582006,2014.6277269814645,0,0,1501.3155430863499,0,0,0,0,0,0,0,0,689.9466730586682,0,0,0,0,0,0,4101.324373289302,0,773.5019568992508,0,0,0,0,0,28.460919298862247,0,0,0,0,0,0,0,0,127.06733043545876,0,125.09540641193523,0,676.8674697861778,0,2072.0326967834308,0,1902.2243460704126,0,0,0,0,0,0,0,0,0,207.53312750031958,1352.7079868219412,0,280.5884362954247,0,0,0,138.8755578411387,545.0738963455228,0,0,67.3252275434461,0,0,0,0,0,0,0,0,1546.3282955046413,0,253.00680406024875,0,0,364.3127880207157,0,137.14369961014472,0,0,0,0,10.39142994397161,0,0,0,0,0,0,0,0,0,0,0,0,0,0,0,4099.383014094557,0,0,567.4563794609229,0,0,0,0,0,179.82569262145557,0,56.62216331051088,0,0,0,0,0,0,0,0,2755.7930615571704,0,700.0696296755441,0,0,0,88.15103142359665,0,0,0,0,0,0,0,3.3758509828164316,1355.8976758485046,0,0,0,0,0,0,0,0,0,0,0,0,0,0,0,0,0,0.8446899254432504,9.622272806976635,4.248916637331655,4.517212995075915,2.2727564984588486
Estado de Mexico,E-166,0,0,0,93.27671932608916,0,360.9805421090263,0,20.87449544441273,321.8112832258793,0,0,0,0,0,0,0,0,0,0,0,0,0,0,0,796.943040105411,0,0,0,0,0,0,0,0,0,0,0,0,0,0,0,0,548.6336556682808,0,0,0,0,0,0,0,248.30938443713026,0,0,0,0,0,0,0,0,0,0,0,0,0,0,0,0,0,18.412813535652827,0,0,0.1036949099676825,0,0,0,0,0,0,0,0,502.5850070193884,0,0,0,0,0.5869945196213601,0,275.25453012078464,0,0,0,0,0,0,0,0,0,0,0,0,0,0,0,0,0,0,0,0,796.9430401054148,0,0,0,0,0,0,0,0,0,0,0,0,0,0,0,0,0,0,0,253.03398281622967,0,0,0,0,0,0,0,0,0,0,0,0,0,0,543.9090572892072,0,0,0,0,0,0,0,0,0,0,0,0,0,0,0,0,0,0.5447978128577087,9.463217916970095,3.9331937371515826,4.32305068925649,1.8599619139513686
Estado de Mexico,E-165,0,0,0,77.24958886359383,254.87358647973022,84.67367283422303,0,809.3995180470406,1384.7756409282986,0,0,0,0,0,0,0,0,0,0,0,0,0,0,0,2549.1101535074795,0,61.86185364522104,0,0,0,0,0,0,0,0,0,0,0,0,0,0,157.8218576817869,0,0,0,0,0,0,61.86185364522104,2391.288295825693,0,0,0,0,0,0,0,0,0,0,294.87114707686544,0,0,0,0,0,387.31558486910893,276.527461696757,0,0,41.31443448471726,0,0,0,0,0,0,0,0,1287.6226458184974,0,0,0,0,108.80956585123232,0,214.51116735566092,0,0,0,0,0,0,0,0,0,0,0,0,0,0,0,0,0,0,0,0,2559.2359537830916,0,0,51.73605336981218,0,0,0,0,0,0,0,0,0,0,0,0,0,0,0,0,2416.4689323845,0,0,0,0,0,69.93824009154764,0,0,0,0,0,0,0,0,124.564834676729,0,0,0,0,0,0,0,0,0,0,0,0,0,0,0,0,0,1.4379366028685208,7.914395368746479,3.5257256743635765,3.791753434945374,1.5627108363747475
Morelos,S-111,0,0,0,45.32948293511431,0,385.99466550891617,0,0,0,0,0,0,0,0,0,0,0,336.2683969038328,0,0,0,0,0,0,649.2697954586756,0,118.32274988917206,0,0,0,0,0,0,0,0,0,0,0,0,0,0,649.2697954586756,0,0,0,118.32274988917206,0,0,0,0,0,0,0,0,0,0,0,0,0,0,0,0,0,0,0,0,0,10.986700967243369,0,0,0,0,0,0,0,0,0,0,0,756.6058443807376,0,0,0,0,0,0,0,0,0,0,0,0,0,0,0,0,0,0,0,0,0,0,0,0,0,0,0,637.1547402165663,0,0,130.4378051313434,0,0,0,0,0,0,0,0,0,0,0,0,0,0,0,0,0,0,91.25256397833243,0,0,0,0,0,0,0,0,0,0,0,0,676.3399813696162,0,0,0,0,0,0,0,0,0,0,0,0,0,0,0,0,0,0.7121520843929742,9.641336367163033,4.288828010570555,4.575217632687226,2.435328969335606
Estado de Mexico,E-167,0,0,0,13.720917880588697,0,544.292391139556,0,0,62.861956529095316,0,0,0,0,0,0,0,0,22.67101701407419,0,0,0,0,0,0,594.462058152802,0,49.0842244105505,0,0,0,0,0,0,0,0,0,0,0,0,0,0,381.80670126460643,0,0,0,49.0842244105505,0,0.1642680448354984,0,212.49108884336007,0,0,0,0,0,0,0,0,0,0,296.8917678763562,0,0,0,0,0,0,41.49001666611279,0,0,14.683443072353779,0,0,0,0,0,0,0,0,253.45299062097865,0,0,0,0,0,0,37.028064327474034,0,0,0,0,0,0,0,0,0,0,0,0,0,0,0,0,0,0,0,0,556.2821414006647,0,0,87.26414116268793,0,0,0,0,0,0,0,0,0,0,0,0,0,0,0,0,241.0980774895574,0,34.073811080276165,0,0,0,0,0,0,0,0,0,0,0,0,368.37439399356816,0,0,0,0,0,0,0,0,0,0,0,0,0,0,0,0,0,0.9796915088160211,4.803419357141266,2.1506894936556415,2.4676976879655306,1.1902509186918535
Morelos,S-113,0,0,0,0.6417737796065456,0,584.7871117221378,0,0,0,0,0,0,0,0,0,0,0,39.13886697749351,0,0,0,0,0,0,624.5677524792808,0,0,0,0,0,0,0,0,0,0,0,0,0,0,0,0,624.5677524792808,0,0,0,0,0,0,0,0,0,0,0,0,0,0,0,0,0,0,60.8173440344885,0,0,0,0,0,0,0,0,0,0,0,0,0,0,0,0,0,0,563.750408444758,0,0,0,0,0,0,0,0,0,0,0,0,0,0,0,0,0,0,0,0,0,0,0,0,0,0,0,623.7214808136131,0,0,0.8462716656731744,0,0,0,0,0,0,0,0,0,0,0,0,0,0,0,0,0,0,0.0014668449968475088,0,0,0,0,0,0,0,0,0,0,0,0,624.5662856342929,0,0,0,0,0,0,0,0,0,0,0,0,0,0,0,0,0,1.694823622195492,7.290872145837164,3.8624845326333848,4.0968711848571635,1.4653318204708534
Morelos,S-114,0,0,0,53.47176889738492,43.244735692089954,1834.1913207833775,0,0,0,0,0,46.217646253693104,0,0,0,0,0,488.50910307218203,0,0,0,0,0,0,2307.327915273699,0,158.3066594251502,0,0,0,0,0,0,0,0,0,0,0,0,0,0,1.6666669841567447e-7,0,108.56483595985065,0,49.741823465299554,0,2307.3279151070324,0,0,0,0,0,0,0,0,0,0,0,480.1393449972189,1503.8608749051384,0,0,0,0,0,31.808868560939604,208.35502817463396,0,0,0,0,0,0,0,0,0,0,0,197.70432356807925,0,0,0,0,0,0,0,0,0,0,0,43.76613449271138,0,0,0,0,0,0,0,0,0,0,0,0,0,0,0,2278.8006765953087,0,0,39.67444091035744,0,0,0,0,0,147.1594571928996,0,0,0,0,0,0,0,0,0,0,433.7583736567475,0,39.045735343319855,0,0,0,75.77289190914476,0,0,0,0,0,0,0,0,1917.057573789577,0,0,0,0,0,0,0,0,0,0,0,0,0,0,0,0,0,1.0427806416357166,10.16362242756583,5.066959646445522,5.2979847083279354,2.1432235609591537
Estado de Mexico,E-172,0,0,0,0,1056.275392726647,0,0,0,521.9293745880112,0,0,0,0,0,0,0,0,0,0,0,0,0,0,0,691.6182960867558,0,886.5864712278644,0,0,0,0,0,0,0,0,0,0,0,0,0,0,0,886.5864712278644,0,0,0,0,274.7658977423838,0,416.85239834437203,0,0,0,0,0,0,0,0,0,0,4.890365594331696,0,0,159.0863408397567,741.4418780031554,0,0,0,0,0,0,0,0,0,15.405877422433607,0,7.036315480971608,0,0,305.2868585895179,0,345.05713138452546,0,0,0,0,0,0,0,0,0,0,0,0,0,0,0,0,0,0,0,0,0,0,0,0,0,959.8357312545169,0,0,0,0,0,618.3690360602435,0,0,0,0,0,0,0,0,0,0,0,0,0,662.1925020977438,0,658.5071118669183,0,0,0,257.5051533500495,0,0,0,0,0,0,0,0,0,0,0,0,0,0,0,0,0,0,0,0,0,0,0,0,0,0,0.6737642242565248,12.99640066525452,6.239120179061967,6.63974754842074,3.035063741719359
Estado de Mexico,E-173,0,0,0,0,374.2891331676639,602.2903284922473,0,0,0,0,0,678.9165730876904,0,0,0,0,0,1015.5129284278945,0,0,0,0,0,0,1783.939381581904,0,453.9138688951289,0,0,0,0,0,433.1557126985222,0,0,0,0,0,0,0,0,0,0,453.9138688951289,0,433.1557126985222,0,663.4583303371572,0,1120.4810512447466,0,0,0,0,0,0,0,0,0,372.3152325035929,726.933239522819,0,0,0,0,0,34.49113669074031,192.06773746426887,0,0,0,0,0,0,0,0,445.6295347954366,0,0,883.0874817325114,0,16.484600466174946,0,0,0,0,0,0,0,0,0,0,0,0,0,0,0,0,0,0,0,0,0,0,0,0,0,1788.8744117211759,0,0,0,0,0,52.418297738924316,0,0,389.01361146929185,0,440.7026422460924,0,0,0,0,0,0,0,0,1793.3850223615111,0,14.81937291954316,0,0,0,417.69693054656557,0,0,0,0,0,0,0,437.98571624473055,7.12192110341728,0,0,0,0,0,0,0,0,0,0,0,0,0,0,0,0,0,0.5882281307760816,13.535507621438347,3.49241586155613,4.248308383478896,2.8345806525118378
Morelos,S-117,0,0,0,0,2225.1838376552614,288.3313006076637,0,0,0,0,0,863.8099164432405,0,0,0,0,0,658.2724773043316,0,0,0,0,0,0,3028.932116108549,0,1006.6654159010449,0,0,0,0,0,0,0,0,0,0,0,0,0,0,0,247.29876068065533,371.55177311455645,0,0,0,594.0880482242953,0,2822.658949990087,0,0,0,0,0,0,0,0,0,0,1817.963446010177,0,2.629725272143726,2.708478543401132,418.0100829970118,0,132.7159833443323,211.0980693293666,0,0,0,0,0,0,389.4226141678804,0,0,0,0,445.89212380148854,0,443.59341645495675,169.82333586336804,0,1.740256225437495,0,0,0,0,0,0,0,0,0,0,0,0,0,0,0,0,0,0,0,0,0,0,3028.436493461219,0,0,380.12352145626363,0,0,627.0375170922371,0,0,0,0,0,0,0,0,0,0,0,0,0,2979.6261315348743,0,1055.9714004751079,0,0,0,0,0,0,0,0,0,0,0,0,0,0,0,0,0,0,0,0,0,0,0,0,0,0,0,0,0,0,1.133882806118733,17.08110450452461,5.014746484770619,5.877974579047515,3.4621762085487577
Estado de Mexico,E-170,176.7558137871512,0,0,0,1359.5956375733108,0,0,0,0,0,0,0,0,0,0,0,0,0,0,0,0,0,0,0,90.45777123075153,0,1309.3513818830645,0,136.54229824651415,0,0,0,0,0,0,0,0,0,0,0,0,0,1309.3513818830645,0,0,136.54229824651415,0,0,0,90.45777123075153,0,0,0,0,0,0,0,0,0,0,0,0,0,193.67903196758,1112.4674464172488,0,0,0,0,21.44318294538966,0,0,134.81998976055928,0,0,0,0,0,73.94180026974317,0,0,0,0,0,0,0,0,0,0,0,0,0,0,0,0,0,0,0,0,0,0,0,0,0,0,0,0,756.8234661861264,0,0,0,0,138.59531538132978,640.9326697928226,0,0,0,0,0,0,0,0,0,0,0,0,0,36.86696876556099,0,664.0499415435429,0,170.32000791829373,0,665.1145331330549,0,0,0,0,0,0,0,0,0,0,0,0,0,0,0,0,0,0,0,0,0,0,0,0,0,0,3.1898552404807283,25.06466330063571,9.41291970434628,9.975403545786973,4.622539466094118
Estado de Mexico,E-171,0,0,0,0,648.7557717225986,0,0,0,0,0,0,0,0,0,0,0,0,0,0,0,0,0,0,0,128.69977936360527,0,520.0559923588155,0,0,0,0,0,0,0,0,0,0,0,0,0,0,0,520.0559923588155,0,0,0,0,0.052392736278742726,0,128.64738662732654,0,0,0,0,0,0,0,0,0,0,0,0,0,245.34358034529706,361.10068499983294,0,0,0,0,0,0,0,0,0,42.31150637741302,0,0,0,0,0,0,0,0,0,0,0,0,0,0,0,0,0,0,0,0,0,0,0,0,0,0,0,0,0,0,0,0,357.82780081855515,0,0,0,0,0,290.92797090382453,0,0,0,0,0,0,0,0,0,0,0,0,0,110.85954227448467,0,289.5047505751347,0,0,0,248.39147887284486,0,0,0,0,0,0,0,0,0,0,0,0,0,0,0,0,0,0,0,0,0,0,0,0,0,0,5.637632001691682,13.725001802672232,7.123785541532871,8.284150264385978,2.720695623812842
Morelos,S-116,0,0,0,0,115.30869713290672,164.17651552308013,0,0,0,0,0,282.62110015628576,0,0,0,0,0,0,0,0,0,0,0,0,562.1063128123561,0,0,0,0,0,0,0,0,0,0,0,0,0,0,0,0,0,0,0,0,0,0,8.571684779215245,0,553.5346280331408,0,0,0,0,0,0,0,0,0,0,534.8790695331824,0,15.584162677543807,0,0,0,0,0,0,0,0,0,0,0,0,0,11.32290266999387,0,0,0,0,0.32017793167220976,0,0,0,0,0,0,0,0,0,0,0,0,0,0,0,0,0,0,0,0,0,0,0,0,0,562.1063128123552,0,0,0,0,0,0,0,0,0,0,0,0,0,0,0,0,0,0,0,562.1063128123496,0,0,0,0,0,0,0,0,0,0,0,0,0,0,0,0,0,0,0,0,0,0,0,0,0,0,0,0,0,0,0,0,2.5963609257242135,14.705451979742323,3.6590669261471414,5.5547298226414545,3.352602398930777
Morelos,S-082,0,0,0,0,0,208.25474346707165,0,438.66747256131424,0,0,0,0,0,0,0,0,67.61150707224648,33.60132331291378,0,0,0,0,0,0,0,0,541.997329729423,0,0,0,0,0,206.13771668404007,0,0,0,0,0,0,0,0,0,0,0,0,496.27878522355974,0,251.85626118990334,0,0,0,0,0,0,0,0,0,0,0,0,0,0,0,0,0,0,0,242.7759580715228,0,0,0,0,0,0,0,71.26764776097039,0,0,0,417.8596223062455,0,0,0,0,0,0,0,0,0,0,0,0,0,0,0,16.23181827476369,0,0,0,0,0,0,0,0,0,0,0,204.00695370537662,0,0,320.240789872244,0,0,223.88730283583385,0,0,0,0,0,0,0,0,0,0,0,0,0,0,0,554.8310611614094,0,0,0,0,0,0,0,0,0,0,0,193.30398525205592,0,0,0,0,0,0,0,0,0,0,0,0,0,0,0,0,0,0,0.6839569467812641,4.184502007073658,1.8633480393270436,1.974565320506328,0.839411855980358
Morelos,S-081,0,0,0,0.32456591257366535,0,130.68300369405995,0,231.8354828292012,0,0,0,0,0,0,0,0,224.23380033702125,0,0,0,0,0,0,0,39.67167890228108,0,547.405173870509,0,0,0,0,0,0,0,0,0,0,0,0,0,0,0,0,0,0,185.55515809572208,0,361.8500157747869,0,39.67167890228108,0,0,0,0,0,0,0,0,0,0,0,0,0,0,0,0,0,76.37464527316733,0,0,0,0,0,0,0,0,0,0,0,510.70220749960674,0,0,0,0,0,0,0,0,0,0,0,0,0,0,0,0,0,0,0,0,0,0,0,0,0,0,0,33.70762423448682,0,0,202.57379658770802,0,0,350.79543195061325,0,0,0,0,0,0,0,0,0,0,0,0,0,61.44271014422964,0,525.6341426284389,0,0,0,0,0,0,0,0,0,0,0,0,0,0,0,0,0,0,0,0,0,0,0,0,0,0,0,0,0,0,2.0009997951767367,5.775634720702895,2.7833364195371333,3.085127896558067,1.1920377484301496
Morelos,S-079,0,0,0,4.55230879957778,21.570136266203715,0,0,51.27107043465492,0,0,0,0,0,0,0,0,789.8376439387275,0,0,0,0,0,0,0,851.3936575711933,0,15.83750186778057,0,0,0,0,0,0,0,0,0,0,0,0,0,0,2.9261834933883497,0,0,12.911318374392222,271.0353667754965,0,508.824174964387,0,71.53411583130982,0,0,0,0,0,0,0,0,0,0,0,0,0,0,7.192620059468977,68.1014623186295,0,25.833864082852056,0,0,0,0,0,0,0,0,0,0,0,743.3662253490323,0,0,0,0,22.736987628938103,0,0,0,0,0,0,0,0,0,0,0,0,0,0,0,0,0,0,0,0,0,0,852.6884609642109,0,0,1.0811881093129119,0,0,13.461510365478466,0,0,0,0,0,0,0,0,0,0,0,0,0,354.110457006158,0,19.904103833227435,0,0,0,0,0,0,0,0,0,0,0,0,493.21659859956833,0,0,0,0,0,0,0,0,0,0,0,0,0,0,0,0,0,0.3858343625321627,12.06224580761898,5.825914672570008,5.322244627000245,2.3817799746551995
Morelos,S-085,0,0,0,53.7150348950555,34.18154493880684,0,0,291.9904611468508,0,0,0,0,0,0,0,0,32.85089000265877,0,0,0,0,0,0,0,298.7005104799419,0,114.03742050342065,0,0,0,0,0,0,0,0,0,0,0,0,0,0,0,0,0,0,0,0,71.57369256851425,0,341.1642384148483,0,0,0,0,0,0,0,0,0,0,0,0,0,0,0,0,0,17.049053678952696,0,19.515261106289824,0,0,0,0,0,0,0,0,0,376.1736161981299,0,0,0,0,0,0,0,0,0,0,0,0,0,0,0,0,0,0,0,0,0,0,0,0,0,0,0,289.94365515572474,0,0,0,0,0,122.79427582767843,0,0,0,0,0,0,0,0,0,0,0,0,0,260.5902188198908,0,103.22832570555747,0,0,0,0,0,0,0,0,0,0,0,0,48.919386457936966,0,0,0,0,0,0,0,0,0,0,0,0,0,0,0,0,0,0.5261309316152661,8.149781742256215,2.8560880854244175,2.9320675209476383,2.018104595933421
Morelos,S-028,0,0,0,0,0,0,0,38.26040884802663,0,0,0,0,0,0,0,0,534.8165860869983,0,0,0,0,0,0,0,338.5316545866382,0,0,158.20755959271756,76.33778075571907,0,0,0,0,0,0,0,0,0,0,0,0,0,350.1300092326036,0,0,0,0,0,0,76.33778075571907,0,146.60920494675216,0,0,0,0,0,0,0,215.22921662757483,0,0,0,0,0,30.883019811979047,212.9942164022347,13.662249326954964,0,0,0,0,0,0,62.33169920400917,0,0,0,0,0,0,0,0,0,0,0,0,0,0,0,0,0,0,0,37.976593562232935,0,0,0,0,0,0,0,0,0,0,0,0,398.0277941314713,0,0,0,175.04920080347713,0,0,0,0,0,0,0,0,0,0,0,0,0,0,0,361.58530488901835,0,0,7.299590329981495,64.94817857644613,0,0,0,0,0,139.243921139484,0,0,0,0,0,0,0,0,0,0,0,0,0,0,0,0,0,0,0,0,0,0,3.391429178774952,19.515735748188522,4.835882581710817,6.793154604465419,4.24486231344708
Morelos,S-115,0,0,0,0,0,100.26307889928361,0,0,0,0,0,0,0,0,0,0,0,1413.220928791741,0,0,0,0,0,0,189.73486273977184,0,1295.340597797292,0,0,0,0,0,28.408547153995915,0,0,0,0,0,0,0,0,0,0,1295.340597797292,0,28.408547153995915,0,109.34561450820186,0,80.38924823156998,0,0,0,0,0,0,0,0,0,0,67.4410672541365,0,0,0,0,0,0,176.65196723563824,0,187.51724628659755,0,0,0,0,0,0,0,0,0,1069.851982497734,0,0,0,0,0,0,0,0,0,0,0,0,0,0,0,12.021744416944815,0,0,0,0,0,0,0,0,0,0,0,192.0204275196636,0,0,0,0,0,0,0,0,1279.7399379805004,0,41.72364219090244,0,0,0,0,0,0,0,0,182.08630180923865,0,0,0,0,0,1284.20021405388,0,0,0,0,0,0,0,17.928570780349958,29.268921047640017,0,0,0,0,0,0,0,0,0,0,0,0,0,0,0,0,0,0.8727989118506103,5.643795377361882,1.9093459985414079,2.251934830438359,1.1049470143213203
Morelos,S-098,0,0,0,0,0,0,439.3539700556714,266.2312427860016,0,0,491.76937434326464,513.5204897362679,0,0,0,0,0,0,0,0,0,0,0,0,0,0,0,902.8082007476285,0,0,0,0,0,0,0,0,808.066876173694,0,0,0,0,0,275.58648368319393,902.8082007476285,532.4803924905001,0,0,0,0,0,0,0,0,0,0,0,0,0,0,785.1052993362856,0,0,0,0,0,0,0,57.687606435019646,0,0,0,0,0,0,0,0,0,334.67843038013933,0,0,0,0,0,0,0,0,0,0,0,0,0,0,0,0,0,473.915967352581,59.487773417136644,0,0,0,0,0,0,0,0,0,0,0,0,0,0,1157.1664588682427,553.7086180530135,0,0,0,0,0,0,0,0,0,0,0,0,0,0,0,0,0,0,0,0,0,0,0,0,0,0,799.9870598421778,0,0,0,0,0,0,0,0,0,0,0,0,910.888017079166,0,0,0,0,0,0,0,0.6701027698757674,13.987834268773891,4.323480416516295,4.617687749118058,3.0462572256864204
Estado de Mexico,E-066,54.56970591184821,0,23.593178503338958,0,0,0,0,0,0,20.060779691622173,0,0,0,0,0,0,0,0,0,0,0,0,0,0,89.46966836088,0,0,0,0,0,0,8.75399574593791,0,0,0,0,0,0,0,0,0,0,0,0,0,0,0,8.75399574593791,0,89.46966836088,0,0,0,0,0,0,0,0,0,16.609821787574628,0,0,0,0,0,81.61384231925156,0,0,0,0,0,0,0,0,0,0,0,0,0,0,0,0,0,0,0,0,0,0,0,0,0,0,0,0,0,0,0,0,0,0,0,0,0,0,0,0,0,78.16942285620269,0,20.05424125061802,0,0,0,0,0,0,0,0,0,0,0,0,0,0,0,0,0,98.14677554328736,0,0,0,0,0,0,0,0,0,0,0,0,0.07688856353284847,0,0,0,0,0,0,0,0,0,0,0,0,0,0,0,0,0,0,0,1.3071626429262344,3.2211975132286317,2.4446372712382787,2.324332475797715,0.962671960762271
Estado de Mexico,E-063,0,0,0,0,0,0,0,0,0,1277.2433832972206,0,0,0,0,0,0,0,0,0,0,0,0,0,0,14.098684065031803,0,0,51.6072730824738,0,0,0,1211.5374261497157,0,0,0,0,0,0,0,0,0,0,0,51.6072730824738,0,0,0,1211.5374261497157,0,14.098684065031803,0,0,0,0,0,0,0,0,0,456.20542834346395,31.991653414256273,0,26.8956319697231,0,0,0,0,0,0,267.1747502803873,0,0,0,0,494.975919289433,0,0,0,0,0,0,0,0,0,0,0,0,0,0,0,0,0,0,0,0,0,0,0,0,0,0,0,0,0,0,0,0,10.003484872413054,0,1217.3592086861875,0,49.88068973861538,0,0,0,0,0,0,0,0,0,0,0,0,0,0,0,29.496250688648633,0,0,53.95967921471547,0,0,0,0,0,0,0,0,0,1193.7874533938527,0,0,0,0,0,0,0,0,0,0,0,0,0,0,0,0,0,0,0,0.6286644791095612,4.477146706511135,2.2733682618406217,2.269603931505759,0.8655172601025003
Ciudad de Mexico,M-024,0,0,0,739.9474877564187,69.53459310680596,0,55.15911192061985,546.8833707333542,0,0,0,0,0,0,0,0,0,0,0,0,0,0,0,0,29.849177088048382,0,0,821.772079486624,204.0287382903683,355.87456865215313,0,0,0,0,0,0,0,0,0,0,0,0,851.6212565746723,0,137.19920058675186,0,355.87456865215313,0,0,66.82953770361644,0,0,0,0,0,0,0,0,0,605.5201708840465,0,0,29.77181276521146,0,0,0,0,678.6430024855539,0,0,0,0,0,0,62.55015725540234,0,0,0,0,0,0,0,0,0,0,0,0,0,35.03942012701715,0,0,0,0,0,0,0,0,0,0,0,0,0,0,0,0,0,0,22.87961439688507,0,0,0,0,1062.5457307802922,0,0,0,0,0,0,0,0,0,0,0,0,0,0,0,0,0,1086.47723888747,289.3388415150483,0,0,0,0,35.7084831148101,0,0,0,0,0,0,0,0,0,0,0,0,0,0,0,0,0,0,0,0,0,0,0,1.0214819597173337,11.566806374471863,5.207811978059272,5.176865519321858,2.532444239643735
Ciudad de Mexico,M-023,367.60873907096857,0,0,505.9472048468834,0,0,52.47287756662355,220.1390619554689,0,0,0,0,0,0,0,0,0,0,0,0,0,0,0,0,0,0,0,726.0678513954122,311.06236750709564,109.03766453747446,0,0,0,0,0,0,0,0,0,0,0,0,697.8622751297427,0,339.2679437727652,0,109.03766453747446,0,0,0,0,0,0,0,0,0,0,0,0,532.9795626993766,0,0,10.294946586784512,0,0,0,164.59139439363605,321.21563268905356,0,0,0,0,0,0,0,0,0,0,0,0,0,0,0,0,0,0,0,0,0,0,0,0,0,0,0,0,0,0,0,0,0,0,0,0,0,117.08634707104584,0,0,0,0,0,0,1056.6923653176368,0,0,0,0,0,0,0,0,0,0,0,0,0,0,0,0,0,830.610566349334,315.41361239776,0,0,0,0,0,0,0.14370469287392434,0,0,0,0,0,0,0,0,0,0,0,0,0,0,0,0,0,0,0,0,0,1.1527053820260322,11.672722054725854,4.961117937596347,5.2164184993878076,2.519896574109252
Ciudad de Mexico,M-036,0,0,0,556.3249566891143,0,0,0,287.553952314313,0,0,0,0,0,0,0,0,0,0,0,0,0,0,0,0,19.45531494088678,0,0,574.5829876972534,237.60298916293456,12.237617202322296,0,0,0,0,0,0,0,0,0,0,0,0,574.5829876972534,0,237.60298916293456,0,12.237617202322296,19.45531494088678,0,0,0,0,0,0,0,0,0,0,0,488.4523408986647,25.844502748336424,0,0.11542093819101422,0,0,0,236.94250907509166,92.52413534314188,0,0,0,0,0,0,0,0,0,0,0,0,0,0,0,0,0,0,0,0,0,0,0,0,0,0,0,0,0,0,0,0,0,0,0,0,0,0,0,31.23902131783206,0,0,0,0,803.426103462632,0,0,0,0,0,0,0,0,0,0,0,0,0,0,0,0,0,610.1467659392304,225.25670220105798,0,0,0,0,8.475440863135729,0,0,0,0,0,0,0,0,0,0,0,0,0,0,0,0,0,0,0,0,0,0,0,1.4473101106891488,14.594035582751824,6.73755894914871,7.635983385751737,4.1647053495543025
Ciudad de Mexico,M-056,6.82303620978865,0,0,0,0.8521686965386529,0,0,0,0,0,0,0,0,0,0,0,50.724841053954336,0,0,0,0,0,0,0,0,0,0,57.67771534311416,0.7223306171694851,0,0,0,0,0,0,0,0,0,0,0,0,0,0,0,0,0,0,6.483110942669488,0,51.91693501761415,0,0,0,0,0,0,0,0,0,0,56.152930386211274,0,0,0,0,0,0,1.9575209427479678,0,0.2895946313247582,0,0,0,0,0,0,0,0,0,0,0,0,0,0,0,0,0,0,0,0,0,0,0,0,0,0,0,0,0,0,0,0,0,0,0,0,0,0,0,0,0,57.243996971131835,1.156048989143417,0,0,0,0,0,0,0,0,0,0,0,0,0,0,0,0,0,58.400045960273346,0,0,0,0,0,0,0,0,0,0,0,0,0,0,0,0,0,0,0,0,0,0,0,0,0,0,0,0,0,1.8233560527684984,5.661734807047504,3.7425454299080014,3.7425454299080014,2.714143645913058
Ciudad de Mexico,M-047,416.83711082048194,0,0,104.82382187830095,0,0,65.41413607690826,513.2081318082048,0,0,0,0,0,0,0,0,0,0,0,0,0,0,0,0,4.43617527466979,0,0,888.0358641329103,139.8340508872179,67.97711028916214,0,0,0,0,0,0,0,0,0,0,0,0,4.43617527466979,0,139.8340508872179,0,67.97711028916214,489.1809440851547,0,398.8549200477556,0,0,0,0,0,0,0,0,0,0,928.6961503027766,0,0,0,0,0,0,90.4558982741314,0,34.480942794095725,0,0,0,0,0,0,46.650209212807276,0,0,0,0,0,0,0,0,0,0,0,0,0,0,0,0,0,0,0,0,0,0,0,0,0,0,0,0,0,0,1.2717063408212097,0,0,0,842.1108839497921,172.0679528143234,0,0,0,0,0,0,0,0,0,0,0,0,0,0,8.24629653708668,0,0,991.6323701040635,100.40453394276753,0,0,0,0,0,0,0,0,0,0,0,0,0,0,0,0,0,0,0,0,0,0,0,0,0,0,0,0,0.6135626222418803,9.58408509005512,4.457144846650927,4.417839376972237,1.925210336261512
Morelos,S-015,0,0,0,0,0,0,1.1149360740291983,1079.1356074688997,0,0,0,0,0,0,0,0,41.20698290059886,331.3558975763475,0,0,0,0,0,0,0,0,0,0.027673922626539782,0,1405.8997509154135,0,0,46.885999181910634,0,0,0,0,0,0,0,0,0,0,0,46.913673104537175,0,1405.8997509154135,0,0,0,0,0,0,0,0,0,0,0,0,0,0,0,0,0,0,0,0,1320.2306698115217,0,0,0,0,0,0,0,0,0,64.4327507282697,0,0,0,0,0,0,0,0,0,0,68.15000348022062,0,0,0,0,0,0,0,0,0,0,0,0,0,0,0,0,0,0,0,0,0,0,64.82909225078004,0,0,0,0,0,0,0,0,0,0,0,0,0,0,0,0,0,0,0,0,0,0,0,0,0,607.9233299766576,780.7604293672335,0,0,64.12966467607248,0,0,0,0,0,0,0,0,0,0,0,0,0,0,0,0,0,0,0.8210608277793636,5.797840774292429,2.3107296397583235,2.6285205384548695,1.1697702815260707
Estado de Mexico,E-163,0,0,0,11.548250779454035,65.00546302203708,0,0,0,0,0,0,0,0,0,0,0,605.3042080802871,0,0,0,0,0,0,0,420.6123881419439,0,0,0,261.24553373979967,0,0,0,0,0,0,0,0,0,0,0,0,0,161.89434533050053,0,0,261.24553373979967,0,0,0,258.71804281144335,0,0,0,0,0,0,0,0,0,0,37.039413371316826,52.015566963025066,0,0,0,23.75789061967647,0,0,0,0,0,0,0,0,0,0,0,0,0,569.0450509276801,0,0,0,0,0,0,0,0,0,0,0,0,0,0,0,0,0,0,0,0,0,0,0,0,0,0,0,435.4126044807324,0,0,0,0,246.44531740103406,0,0,0,0,0,0,0,0,0,0,0,0,0,0,241.26895388277725,0,0,0,278.67848187481803,0,0,0,0,161.91048612417146,0,0,0,0,0,0,0,0,0,0,0,0,0,0,0,0,0,0,0,0,0,0,0,1.7814301957294807,10.171322237384276,3.439115844338043,4.123095896959745,2.102578960406969
Estado de Mexico,E-144,0,0,0,0,0,0,0,0,0,738.8698494579864,0,0,0,0,0,0,0,0,0,0,0,0,0,0,12.186654435816372,0,0,0.18178479087761007,0,0,0,726.5014102312813,0,0,0,0,0,0,0,0,0,0,0.18178479087761007,0,0,0,0,726.5014102312813,0,12.186654435816372,0,0,0,0,0,0,0,0,0,26.19704567203165,29.258752944506433,0,82.85038782724183,0,0,286.1664628998255,0,0,0,271.4843763471762,0,0,0,0,42.912823767229085,0,0,0,0,0,0,0,0,0,0,0,0,0,0,0,0,0,0,0,0,0,0,0,0,0,0,0,0,0,0,0,0,5.849395339435086,0,733.0204541185449,0,0,0,0,0,0,0,0,0,0,0,0,0,0,0,0,0,37.4506898986118,0,0,5.913017350070408,0,0,0,0,0,0,0,0,0,695.5061422092865,0,0,0,0,0,0,0,0,0,0,0,0,0,0,0,0,0,0,0,0.9320853878477892,3.9064852539484862,2.321198958150458,2.3464908731034315,0.8308961941027714
Estado de Mexico,E-147,0,0,0,0,0,0,0,0,0,1041.5594042292041,0,0,0,0,0,0,0,0,0,0,0,0,0,0,0,0,0,0,0,0,0,896.2563525668128,145.30305166233472,0,0,0,0,0,0,0,0,0,689.4476537066985,0,0,0,0,352.11175052244903,0,0,0,0,0,0,0,0,0,0,0,738.4803104933964,0,0,5.347845621361806,0,0,0,0,0,0,250.30148845089602,0,0,0,0,0,0,0,0,0,0,0,0,0,0,0,0,47.42975966357131,0,0,0,0,0,0,0,0,0,0,0,0,0,0,0,0,0,0,0,0,0,0,350.552858372641,0,0,0,0,0,0,543.2140375901989,0,147.79250826627754,0,0,0,0,0,0,0,0,0,0,0,0,0,0,0,0,0,0,0,0,0,913.5517907933241,128.00761343582786,0,0,0,0,0,0,0,0,0,0,0,0,0,0,0,0,0,0,0.8943750746394483,3.614190645496803,1.8242196380002604,1.9874723604160278,0.7333122374965013
Estado de Mexico,E-145,816.6836092086414,0,236.2191105378492,116.5929726782966,0,0,105.78068271207606,0,0,3127.1638281631263,0,0,0,0,29.95454093085052,0,0,0,0,0,0,0,0,0,394.75657868064144,0,0,2460.624503383762,0,94.3574117124766,0,958.2632345869052,524.3930158731249,0,0,0,0,0,0,0,0,0,497.2700398421938,78.07046773253568,0,0,94.3574117124766,985.3862106178364,0,394.75657868064144,0,2382.5540356512265,0,0,0,0,0,0,0,1739.3042706096055,80.58585948514195,0,415.3774446825352,0,0,369.2206061945904,190.595650698091,19.336993041676937,0,1235.8702593009416,0,0,0,0,0,0,0,197.47048735195148,0,0,0,0,0,0,0,94.6904656064934,0,89.94270725999696,0,0,0,0,0,0,0,0,0,0,0,0,0,0,0,0,0,0,0,392.46940141084394,0,710.0679257118989,0,2450.193258897665,0,0,0,0,286.43746907978937,0,593.2266891307695,0,0,0,0,0,0,0,0,394.3139904385829,0,0,2666.136812169647,0,0,0,0,0,0,0,0,0,941.5067090077481,430.43723261501793,0,0,0,0,0,0,0,0,0,0,0,0,0,0,0,0,0,0,NA,NA,NA,NA,NA
Estado de Mexico,E-146,0,0,40.638049680515515,0,0,0,0,0,0,1530.5379282572867,0,0,0,0,0,0,0,0,0,0,0,0,0,0,1.416049594177442,0,0,60.97335963206454,0,0,0,1508.7865687114231,0,0,0,0,0,0,0,0,0,0,773.4163787796737,0,0,0,0,735.3701899317493,0,1.416049594177442,0,60.97335963206454,0,0,0,0,0,0,0,844.1192095125488,262.8973362923614,0,281.1728306311711,0,0,0,0,37.16707098104606,51.8329848340739,93.2496669366036,0,0,0,0,0,0,0,0,0,0,0,0,0,0,0,0,0.736878749930004,0,0,0,0,0,0,0,0,0,0,0,0,0,0,0,0,0,0,0,0,0.01234099802325574,0,732.7768099875585,0,53.00490574484001,0,0,0,0,785.3819212073685,0,0,0,0,0,0,0,0,0,0,28.767670930225478,0,0,95.91580087663444,0,0,0,0,0,0,0,0,0,1446.4925061308077,0,0,0,0,0,0,0,0,0,0,0,0,0,0,0,0,0,0,0,0.7876084741950883,3.474227036406886,2.108445651808816,2.170188775317615,0.6418981838913604
Estado de Mexico,E-148,0,0,54.06568189923651,0,0,0,0,0,0,3424.667820708552,0,0,0,0,0,0,0,0,0,0,0,0,0,0,0.9093148401776578,0,0,0,0,68.65341910672652,0,2764.479432105315,644.6913365555579,0,0,0,0,0,0,0,0,0,1269.029833644925,0,691.0297711091656,0,68.65341910672652,1449.1111639067824,0,0.9093148401776578,0,0,0,0,0,0,0,0,0,1048.1644086938054,491.1125876861834,0,16.78295940766468,0,0,0,0,1037.4883909563375,0,233.79554086210112,0,0,0,0,0,0,0,0,0,0,0,0,0,0,0,31.983167661498506,619.4064473401259,0,0,0,0,0,0,0,0,0,0,0,0,0,0,0,0,0,0,0,0,1.3193384232747296,0,2104.9889394115753,0,0,0,0,0,0,645.2840769861165,0,609.9664645741963,0,0,0,0,0,0,0,0,7.310375609063257,0,0,0,0,0,0,0,0,0,0,43.5813471703907,0,2049.069215842783,662.0806666684343,0,0,0,0,716.6918973171893,0,0,0,0,0,0,0,0,0,0,0,0,0,0.5545889651491613,5.635180879829962,2.5341163947999887,2.5509066502087223,1.160483055515139
Estado de Mexico,E-149,20.67599503000256,0,0,0,0,0,0,0,0,847.9879881718675,0,0,0,0,0,0,0,0,0,0,0,0,0,0,0,16.486615413154055,0,510.73824977000686,0,38.02816328548365,0,303.41095473320223,0,0,0,0,0,0,0,0,0,0,0,180.84460740397074,329.8936423660361,0,38.02816328548365,303.41095473320223,0,16.486615413154055,0,0,0,0,0,0,0,0,0,0.5849555412826872,0,0,0,0,0,0,0,81.77587730920744,0,611.7690739471949,0,0,0,0,174.5340764042754,0,0,0,0,0,0,0,0,0,0,0,0,0,0,0,0,0,0,0,0,0,0,0,0,0,0,0,0,0,0,0,0,0,19.508776024537504,264.5799763735916,0,546.5404290295227,0,0,0,0,0,0,0,0,0,0,0,0,0,0,0,0,0,0,253.9783593963916,0,13.46211540276557,0,0,0,0,245.23510584614124,0,0,355.9884025565426,0,0,0,0,0,0,0,0,0,0,0,0,0,0,0,0,0,0,0,1.356662964613599,7.864391999544752,3.7498171365430575,3.7641693623668253,1.5214513812339103
Estado de Mexico,E-224,35.63369375129683,0,0,0,469.16992636408344,0,0,0,939.8476841167752,0,0,0,0,0,0,0,0,0,0,0,0,0,0,0,782.2042030757634,0,662.027161134223,0,0.4199400220844845,0,0,0,0,0,0,0,0,0,0,0,0,0,662.027161134223,0,0,0.4199400220844845,0,19.943194611779703,0,762.2610084639837,0,0,0,0,0,0,0,0,0,0,0,0,0,187.29926199270795,371.47626145184023,0,0,0,0,0,0,0,22.671966049636964,0,0,0,0,0,14.423245766361568,815.8737874069515,0,32.90678156467271,0,0,0,0,0,0,0,0,0,0,0,0,0,0,0,0,0,0,0,0,0,0,0,0,0,962.1885431470021,0,0,0,0,0.03259085906178486,482.4301702259811,0,0,0,0,0,0,0,0,0,0,0,0,0,757.9176606805236,0,533.6088754539967,0,0.04594034977260986,0,153.0788277477779,0,0,0,0,0,0,0,0,0,0,0,0,0,0,0,0,0,0,0,0,0,0,0,0,0,0,3.6108028398394705,15.657328980674231,7.825926450693111,8.138645205173008,2.9112244542839787
Estado de Mexico,E-206,824.9916928971859,0,202.42178786185394,0,0,0,4.042981194134779,0,0,0,0,0,0,0,0,0,0,0,0,0,0,0,0,0,26.818968355401747,0,889.6032498757346,0,43.85881051790145,19.772500324726792,51.40293287933631,0,0,0,0,0,0,0,0,0,0,51.40293287933631,889.6032498757346,0,0,0,19.772500324726792,26.818968355401747,0,43.85881051790145,0,0,0,0,0,0,0,0,0,0,0,0,0,357.2409370029654,336.74850797401393,0,0,96.05958660004654,0,0,0,0,0,0,224.93922679966732,0,0,0,0,16.468203576478338,0,0,0,0,0,0,0,0,0,0,0,0,0,0,0,0,0,0,0,0,0,0,0,0,0,0,0,919.028995829145,0,0,0,69.62101950766295,28.229126888458026,0,0,0,0,0,0,0,0,0,0,0,0,0,0,21.668655705311664,0,0,0,75.50740499473075,0,893.286119519308,40.994281733741296,0,0,0,0,0,0,0,0,0,0,0,0,0,0,0,0,0,0,0,0,0,0,0,0,0,3.346854761428161,17.27967912370919,8.030506342979864,9.219474050082448,3.7850625877853816
Estado de Mexico,E-225,1524.2698068220507,0,946.443604533973,2836.847188870691,2974.5431756951766,0,64200.009865283726,891.7168277717648,0,5450.323183300372,0,0,1825.9236921586134,0,116.01656833592533,89361.35386149849,115.43200223386833,0,0,0,0,0,0,0,0,741.5982263905936,3563.128387718509,16690.678331445753,851.4772513902564,77424.41562754796,5291.4357688338405,0,32282.910417023882,0,2950.2804711327785,0,0,0,0,2049.450795749688,28397.50449211876,3769.1218332029853,1445.2078064382192,17086.233311329153,12794.110088223915,2828.6252379104008,77424.41562754796,23904.39802587672,835.2861630648183,62.10281068946282,0,0,0,0,0,0,0,2049.450795749688,28043.928069318696,7839.118906912175,1687.2516757317662,0.23105977071209183,0,0,0,0,13.229173253099553,95312.6995704336,0,528.0977671132605,0,997.1381543328059,0,0,0,5424.57787824789,0,27959.051169089253,7024.925646348322,8606.906589772323,0,0,0,0,0,4366.361939893735,0,0.5013282799879314,418.8665146823565,0,0,0,93.30489318125885,0,0,0,0,0,0,0,0,0,0,0,0,9694.797912846505,275.81959661585137,0,378.96168276882736,0,7832.305847300157,20397.6022182356,339.9913862551152,914.7068728877389,0,0,315.19894255756304,0,27539.597519476185,0,3940.227571941809,0,0,0,2128.6936473490764,16399.525716713277,12154.756377713054,0,0,4580.273994579023,22186.263851337117,949.3202100836928,551.1120445646906,0,0,5371.826276648539,0,0,48140.14426918847,0,0,18337.074413665396,0,0,18762.97080290698,0,0,2446.495320498051,0,0,3792.5950376324263,0,1765.8045435565232,0,327.076907628498,0,2094.7565478849006,26750.923800512224,612.8044507173215,13573.437305101032,0,7.7499623646581695,0.157843316777903,0.39611421844129685,0.6716882464026501
Estado de Mexico,E-230,0,0,0,408.7845224698521,0,0,0,0,0,0,0,0,0,0,0,0,0,0,0,0,0,0,0,0,0,0,408.7845224698088,0,0,0,0,0,0,0,0,0,0,0,0,0,0,0,352.3084015972111,0,56.47612087259767,0,0,0,0,0,0,0,0,0,0,0,0,0,0,321.63356451263115,0,0,0,0,0,0,0,0,0,0,0,0,0,0,0,0,0,0,0,0,0,0,0,0,0,0,0,87.1509579572219,0,0,0,0,0,0,0,0,0,0,0,0,0,0,0,0,0,0,0,0,0,0,63.29788037256139,0,0,345.4866420972559,0,0,0,0,0,0,0,0,0,0,0,0,0,0,0,408.784522469854,0,0,0,0,0,0,0,0,0,0,0,0,0,0,0,0,0,0,0,0,0,0,0,0,0,0,0,0,0,0,0.14462331813570406,8.167741998770824,5.488326918072104,5.5128662414008875,2.4169178675929643
Estado de Mexico,E-229,0,0,0,424.8017788494734,0,0,0,0,0,0,0,0,0,0,0,0,0,0,0,0,0,0,0,0,0,0,424.6545439749734,0,0,0,0,0,0,0,0,0,0,0,0,0,0.14723487447702194,0,87.76751285073907,0,336.88703112423434,0,0,0,0,0,0,0,0,0,0,0,0,0,0.14723487447702194,405.99587547631637,0,0,0,0,0,0,0,0.08050020746856974,0,3.6991126645434833,0,0,0,0,0,0,0,0,0,0,0,0,0,0,0,0,0,15.026290501159975,0,0,0,0,0,0,0,0,0,0,0,0,0,0,0,0,0,0,0,0,0,0,319.5273994649755,0,0,104.09092453736024,0,0,0,0,0,0,0,0,0,0,0,1.183454847166129,0,0,0,424.80177884947796,0,0,0,0,0,0,0,0,0,0,0,0,0,0,0,0,0,0,0,0,0,0,0,0,0,0,0,0,0,0,2.0156786476584587,7.717027132590375,5.420326805805145,5.061345744688651,1.4820058035792665
Estado de Mexico,E-228,0,0,0,338.4885510528226,71.82521872894162,0,38.01114857927562,0,0,0,0,0,0,0,0,0,0,0,0,0,0,0,0,0,0,0,292.751670075447,0,0,154.0527759879941,0,0,0,0,0,0,0,0,0,0,1.520472297567188,0,38.69669080278945,0,254.05497927265756,0,154.0527759879941,0,0,0,0,0,0,0,0,0,0,0,1.520472297567188,150.95232626598093,0,0,0,0,0,0,0,175.13131635059236,0,77.40248997988482,0,0,0,0,0,0,0,0,0,0,0,0,0,0,0,0,0,44.83878576452898,0,0,0,0,0,0,0,0,0,0,0,0,0,0,0,0,0,0,0,0,0,0,265.8526014689322,0,0,11.860723452008616,0,0,0,0,0,0,0,0,0,0,0,6.208070566346126,0,0,0,448.32491836108255,0,0,0,0,0,0,0,0,0,0,0,0,0,0,0,0,0,0,0,0,0,0,0,0,0,0,0,0,0,0,1.687648027682929,8.207440486326236,3.499988227166919,3.970223401975153,1.8742107098726324
Estado de Mexico,E-227,0,0,0,920.3362098871627,9.993569085674268,0,198.3487964339943,15.87237911820353,0,0,0,0,0,0,0,79.07700204665507,0,0,0,0,0,0,0,0,0,0,208.46728928879597,0,0,1015.1606672832477,0,0,0,0,0,0,0,0,0,0,0,0,183.0273769173856,0,25.43991237141038,0,1015.1606672832477,0,0,0,0,0,0,0,0,0,0,0,0,107.20969789392701,0,0,0,0,0,0,0,989.6876641855723,0,39.492971702297694,0,0,0,0,0,0,0,0,0,0,0,0,0,0,0,0,0,87.23762279027304,0,0,0,0,0,0,0,0,0,0,0,0,0,0,0,0,0,0,0,0,0,0,34.971821538252044,0,0,189.97831114440015,0,0,0,0,0,0,0,0,0,0,0,0,0,0,0,983.1411395077427,0,0,0,0,0,0,0,0,166.87464265124575,0,0,0,0,0,0,0,0,0,0,0,0,0,0,0,0,0,0,13.531319795601405,60.08085461738529,0,1.0804294371502674,7.654968591737576,4.2920431069563465,4.130579590685193,1.820315708975553
Estado de Mexico,E-231,0,0,0,422.2476469389318,0,0,0,30.606841822801933,0,0,0,0,0,0,0,0,0,0,0,0,0,0,0,0,0,0,432.18420579068646,0,0,20.670282971067078,0,0,0,0,0,0,0,0,0,0,0,0,432.18420579068646,0,0,0,20.670282971067078,0,0,0,0,0,0,0,0,0,0,0,0,417.9330312076448,0,0,0,0,0,0,0,2.4646104316172033,0,26.8750015249944,0,0,0,0,0,0,0,0,0,0,0,0,0,0,0,0,0,5.581845597498637,0,0,0,0,0,0,0,0,0,0,0,0,0,0,0,0,0,0,0,0,0,0,0,0,0,438.28483123247605,0,0,0,0,0,0,0,0,0,0,0,0,0,0,0,452.85448876175667,0,0,0,0,0,0,0,0,0,0,0,0,0,0,0,0,0,0,0,0,0,0,0,0,0,0,0,0,0,0,2.1905743927530192,8.855806596175597,3.5911018983555447,4.33179274527103,2.060638079500817
Estado de Mexico,E-232,0,0,0,235.65404063294088,0,0,0,0,0,0,0,0,0,0,0,0,0,0,0,0,0,0,0,0,0,0,71.82637270472061,0,0,163.82766792823253,0,0,0,0,0,0,0,0,0,0,0,0,71.82637270472061,0,0,0,163.82766792823253,0,0,0,0,0,0,0,0,0,0,0,0,3.8129701095533646,0,0,0,0,0,0,0,138.6387878136799,0,93.20228270972743,0,0,0,0,0,0,0,0,0,0,0,0,0,0,0,0,0,0,0,0,0,0,0,0,0,0,0,0,0,0,0,0,0,0,0,0,0,0,0,0,0,0,0,83.79304967902907,0,0,0,0,0,0,0,0,0,0,0,0,0,0,0,197.86048547074893,37.79355516224744,0,0,0,0,0,0,0,0,0,0,0,0,0,0,0,0,0,0,0,0,0,0,0,0,0,0,0,0,0,1.4382571617748283,4.844820634374052,4.0993624879986905,3.639612576912173,1.193105231760978
Estado de Mexico,E-226,0,0,0,315.393329028988,0,0,0,127.92354150471473,0,0,0,0,0,0,0,0,0,0,0,0,0,0,0,0,0,0,103.21531889643445,0,0,340.10155163726284,0,0,0,0,0,0,0,0,0,0,0,0,103.21531889643445,0,0,0,340.10155163726284,0,0,0,0,0,0,0,0,0,0,0,0,39.45441277003702,0,0,0,0,0,0,0,327.41569403424023,0,14.012536518121195,0,0,0,0,0,0,0,0,0,0,0,0,0,0,0,0,0,62.43422721129825,0,0,0,0,0,0,0,0,0,0,0,0,0,0,0,0,0,0,0,0,0,0,0,0,0,122.33845952234367,0,0,0,0,0,0,0,0,0,0,0,0,0,0,0,411.255515185547,1.0995114980388616,0,0,0,0,0,0,0,30.961843850057907,0,0,0,0,0,0,0,0,0,0,0,0,0,0,0,0,0,0,0,0,0,1.37489124437308,9.766954320367075,5.261048008569382,5.2249022858236724,2.5422606359136863
