cvesht_edo,id_nano,alt_mean,alt_sd,densff_mean,densff_sd,prom_mean,prom_sd,slope_mean,slope_sd,glg_andesita,glg_toba_intermedia,glg_brecha_sedimentaria,glg_brecha_volcanica_basica,glg_toba_basica,glg_toba_basica_brecha_volcanica_basica,glg_aluvial,glg_basalto,glg_basalto_toba_basica,glg_volcanoclastico,glg_caliza,glg_conglomerado,glg_n_a,glg_dacita,glg_brecha_volcanica_intermedia,glg_lacustre,glg_basalto_brecha_volcanica_basica,glg_arenisca_conglomerado,glg_lutita_arenisca,glg_caliza_lutita,glg_metasedimentaria,glg_porfido_riolitico,glg_travertino,glg_toba_acida,suelo1_andosol,suelo1_cambisol,suelo1_regosol,suelo1_feozem,suelo1_litosol,suelo1_n_a,suelo1_fluvisol,suelo1_luvisol,suelo1_vertisol,suelo1_planosol,suelo1_histosol,suelo1_acrisol,suelo1_rendzina,suelo1_casta_ozem,suelo1_castanozem,suelo1_gleysol,suelo1_solonchak,suelo2_cambisol,suelo2_litosol,suelo2_vertisol,suelo2_feozem,suelo2_regosol,suelo2_n_a,suelo2_ninguno,suelo2_fluvisol,suelo2_andosol,suelo2_planosol,suelo2_luvisol,suelo2_gleysol,suelo2_rendzina,suelo2_acrisol,suelo2_chernozem,suelo2_castanozem,suelo2_histosol,suelo2_solonchak,usv_us_ath,usv_vn_be_p,usv_vn_bo,usv_vn_bp,usv_vn_bp_e,usv_vs_be,usv_us_ah,usv_ic_pzi,usv_vn_dv,usv_vs_bp,usv_ic_bc,usv_vn_pam,usv_vs_bo,usv_vn_be,usv_us_ar,usv_vs_bp_e,usv_vn_sva,usv_vs_be_p,usv_vn_ca,usv_vn_mc,usv_ic_pc,usv_vn_tul,usv_vn_ms,usv_vn_bmm,usv_vs_sbc,usv_vs_bmm,usv_vn_mdr,usv_ic_pmi,usv_vn_sbc,usv_vn_bg,usv_vs_bt,usv_vn_ph,sueloinifap_andosol_humico,sueloinifap_cambisol_humico,sueloinifap_regosol_eutrico,sueloinifap_feozem_haplico,sueloinifap_litosol,sueloinifap_cambisol_eutrico,sueloinifap_regosol_districo,sueloinifap_fluvisol_districo,sueloinifap_fluvisol_eutrico,sueloinifap_andosol_molico,sueloinifap_feozem_luvico,sueloinifap_na,sueloinifap_rendzina,sueloinifap_luvisol_cromico,sueloinifap_vertisol_pelico,sueloinifap_andosol_ocrico,sueloinifap_planosol_eutrico,sueloinifap_vertisol_cromico,sueloinifap_planosol_molico,sueloinifap_luvisol_ortico,sueloinifap_regosol_calcarico,sueloinifap_cambisol_cromico,sueloinifap_feozem_gleyico,sueloinifap_histosol_eutrico,sueloinifap_acrisol_humico,sueloinifap_feozem_calcarico,sueloinifap_castanozem_calcico,sueloinifap_cambisol_calcico_calcarico,sueloinifap_castanosem_haplico,sueloinifap_gleysol_molico,sueloinifap_solonchak_gleyico,sueloinifap_solonchak_molico
P-006,1,2881.83121606,175.568833575,0.117066284176,0.0133708232882,905.980499268,7.07275724243,5.266569874425701,2.0954834939101543,632.9273325281214,780.7949415448322,0,0,0,0,0,0,0,0,0,0,0,0,0,0,0,0,0,0,0,0,0,0,375.66913744900745,1038.0531366239202,0,0,0,0,0,0,0,0,0,0,0,0,0,0,0,632.6064754183471,192.2119905015579,588.9038081530226,0,0,0,0,0,0,0,0,0,0,0,0,0,0,0,603.3771801035888,210.6682330140045,0.03327931521762612,78.11982643103985,455.86923157206974,65.65452363704645,0,0,0,0,0,0,0,0,0,0,0,0,0,0,0,0,0,0,0,0,0,0,0,0,0,0,352.82335261294054,1060.8989214598803,0,0,0,0,0,0,0,0,0,0,0,0,0,0,0,0,0,0,0,0,0,0,0,0,0,0,0,0,0,0
P-002,2,2702.51204868,158.542241766,0.124177367489,0.0234704763179,894.331760661,16.435228927,3.3053740678922883,1.925117450579089,83.21205549176238,1040.6567896341298,0,0,0,0,0,0,0,0,0,0,0,0,0,0,0,0,0,0,0,0,0,0,28.84567476143875,782.316873891327,312.7062964731244,0,0,0,0,0,0,0,0,0,0,0,0,0,0,365.4915462582805,0,758.3772988676096,0,0,0,0,0,0,0,0,0,0,0,0,0,0,0,965.1531188845806,0,0,38.48011249209079,55.35715341882573,0,64.87846033037977,0,0,0,0,0,0,0,0,0,0,0,0,0,0,0,0,0,0,0,0,0,0,0,0,0,40.255662551288836,783.0043142981399,300.608868276446,0,0,0,0,0,0,0,0,0,0,0,0,0,0,0,0,0,0,0,0,0,0,0,0,0,0,0,0,0
E-141,3,3057.07470543,257.059313743,0.0497940073673,0.0401841550212,641.735354693,17.1538792675,5.26402504168197,2.6139021019473603,1347.6263225657967,0,749.4405871518087,0.6264190759189554,122.71093448971195,0,0,0,0,0,0,0,0,0,0,0,0,0,0,0,0,0,0,0,1180.3589263004335,966.2256180202855,0,47.40363593309765,26.416083029311554,0,0,0,0,0,0,0,0,0,0,0,0,1890.8266260940509,303.1615541597658,0,26.416083029311554,0,0,0,0,0,0,0,0,0,0,0,0,0,0,494.03632017296377,0,383.58860792397064,477.00323610073684,232.24931050406482,409.1229686465451,0,44.97547584574033,23.505424263186942,155.92291982595327,0,0,0,0,0,0,0,0,0,0,0,0,0,0,0,0,0,0,0,0,0,0,1220.0712983559856,943.5971480332146,0,24.178116385958337,32.557700508066894,0,0,0,0,0,0,0,0,0,0,0,0,0,0,0,0,0,0,0,0,0,0,0,0,0,0,0
E-142,4,3299.91097015,341.591415093,0.121164451609,0.0867116534338,657.705279541,30.6380929737,5.514419549511179,2.2524257645123487,2453.0538237690776,0,461.33377969511116,0,91.7540682284874,0,0,0,0,0,0,0,0,0,0,0,0,0,0,0,0,0,0,0,237.49997146105954,2301.33900409597,0,248.56153358897177,218.74116254656573,0,0,0,0,0,0,0,0,0,0,0,0,2509.9395601305887,277.4609490154127,0,218.74116254656573,0,0,0,0,0,0,0,0,0,0,0,0,0,0,625.3138260440529,0,121.77811857510468,1972.2265337054432,41.46313156562835,64.58990666929657,0,180.7701551331542,0,0,0,0,0,0,0,0,0,0,0,0,0,0,0,0,0,0,0,0,0,0,0,0,258.5803753413873,2022.8195908888288,0,247.1326529227718,238.00110488011475,239.60794765974637,0,0,0,0,0,0,0,0,0,0,0,0,0,0,0,0,0,0,0,0,0,0,0,0,0,0
E-151,5,2994.02754685,439.588770694,0.161577180835,0.095386332395,698.658275257,40.1026975298,7.950223235151279,4.13370105444099,901.0363049872518,0,382.24830973382825,0,2.0539107770450817,0,0,0,0,0,0,0,0,0,0,0,0,0,0,0,0,0,0,0,0,492.8170343073749,0,792.5214911907393,0,0,0,0,0,0,0,0,0,0,0,0,0,1199.9005612635906,80.09764773300179,0,0,5.340316501521729,0,0,0,0,0,0,0,0,0,0,0,0,0,368.07696700791786,0,203.23012123141808,527.1632603417731,0,109.03034832566784,0.07801266365099341,12.336732658150598,8.616425338052755,0,56.8066579314027,0,0,0,0,0,0,0,0,0,0,0,0,0,0,0,0,0,0,0,0,0,0,387.15521722138635,0,798.1434841211743,0,100.03982415557394,0,0,0,0,0,0,0,0,0,0,0,0,0,0,0,0,0,0,0,0,0,0,0,0,0,0
E-150,6,2875.76105636,398.772567763,0.158967434315,0.0946225026019,672.921410194,38.5547942702,6.6719202013771115,3.782765072817107,1541.9715859979901,0,762.493051371992,7.525750838648757,57.69547093169551,0,0,0,0,0,0,0,0,0,0,0,0,0,0,0,0,0,0,0,0,445.74672868683956,0,1923.939130453502,0,0,0,0,0,0,0,0,0,0,0,0,0,2132.029010927394,196.85970010353742,0,0,40.79714810940972,0,0,0,0,0,0,0,0,0,0,0,0,0,621.8612149447044,0,177.1914620394727,778.2213313326281,0,141.89208443030887,23.02715484346119,306.8083118973536,0,0,320.6842996523196,0,0,0,0,0,0,0,0,0,0,0,0,0,0,0,0,0,0,0,0,0,0,303.4183634923641,0,1873.7199947994925,0,192.5475008484271,0,0,0,0,0,0,0,0,0,0,0,0,0,0,0,0,0,0,0,0,0,0,0,0,0,0
E-148,7,3327.86331077,413.206164675,0.227467612455,0.098607107898,661.241921818,51.2267707573,8.247741340795184,4.140956923096444,2883.0267277519993,0,110.97497781403864,0,0,0,0,0,0,0,0,0,0,0,0,0,0,0,0,0,0,0,0,0,0,2534.37712384964,0,459.62458171619875,0,0,0,0,0,0,0,0,0,0,0,0,0,1747.66653731873,1246.3351682471089,0,0,0,0,0,0,0,0,0,0,0,0,0,0,0,0,28.826465709127067,105.13788729002276,75.51634100140573,1742.2532439018448,79.18632497169595,477.2565935760089,0,281.15496583872437,0,0,75.57896360868833,35.389194659246975,93.70172500923645,0,0,0,0,0,0,0,0,0,0,0,0,0,0,0,0,0,0,0,0,1282.4628915731878,0,479.56893236029634,0,1231.9698816323726,0,0,0,0,0,0,0,0,0,0,0,0,0,0,0,0,0,0,0,0,0,0,0,0,0,0
E-143,8,2982.37136157,330.427557312,0.0680957000216,0.0628319541833,627.594886957,17.442972572,6.651759514853635,3.8377557237782938,1290.2141900770287,0,987.6620561760493,0,129.55219221040787,7.1644165126776285,0,0,0,0,0,0,0,0,0,0,0,0,0,0,0,0,0,0,23.875456028116638,1063.3977406248596,0,1301.0957985025182,26.22385982046289,0,0,0,0,0,0,0,0,0,0,0,0,2388.3689951554943,0,0,26.22385982046289,0,0,0,0,0,0,0,0,0,0,0,0,0,0,671.5414537380975,187.33023259424888,0,557.9440258177771,0,142.31071980138873,0,815.8491926694503,39.61723035511642,0,0,0,0,0,0,0,0,0,0,0,0,0,0,0,0,0,0,0,0,0,0,0,77.5275991215472,1028.0056598780623,0,1259.1943777686372,49.86521820776288,0,0,0,0,0,0,0,0,0,0,0,0,0,0,0,0,0,0,0,0,0,0,0,0,0,0,0
E-147,9,3416.89126527,303.681104592,0.230723628944,0.0712699899184,637.205272328,41.1168562142,9.596308055103256,3.7764278946976284,814.775587393418,0,41.92012046533491,0,0,0,0,0,0,0,0,0,0,0,0,0,0,0,0,0,0,0,0,0,0,845.8609754775728,0,10.83473238120868,0,0,0,0,0,0,0,0,0,0,0,0,0,576.5279293334617,280.16777852531976,0,0,0,0,0,0,0,0,0,0,0,0,0,0,0,0,23.249713081380722,0,375.8912437273962,266.5033364588231,66.78876150288497,1.947002161564157,0,122.31565092664675,0,0,0,0,0,0,0,0,0,0,0,0,0,0,0,0,0,0,0,0,0,0,0,0,0,575.4137653386138,0,20.73763785719299,0,260.5443046629817,0,0,0,0,0,0,0,0,0,0,0,0,0,0,0,0,0,0,0,0,0,0,0,0,0,0
E-146,10,3363.23269775,344.277134967,0.232075887683,0.0741656042513,644.448155453,46.8694841029,9.08549188305617,3.0055414110686303,590.9317762573256,0,73.32296806585963,0,0,0,0,0,0,0,0,0,0,0,0,0,0,0,0,0,0,0,0,0,0,637.9272624961131,0,26.327481827223778,0,0,0,0,0,0,0,0,0,0,0,0,0,524.2822024778745,139.97254184546244,0,0,0,0,0,0,0,0,0,0,0,0,0,0,0,0,25.060807937311864,0,280.4562520401527,91.82874794365351,97.91070208949657,14.276812410465807,0,140.9688768464409,0,0,0,13.752545055732911,0,0,0,0,0,0,0,0,0,0,0,0,0,0,0,0,0,0,0,0,0,503.75423738316914,0,37.682677520703614,0,122.81782941943999,0,0,0,0,0,0,0,0,0,0,0,0,0,0,0,0,0,0,0,0,0,0,0,0,0,0
E-196,11,3506.25095747,298.768522015,0.260683550917,0.056315128615,802.406721444,49.9005448942,7.748870001044823,3.7607132533505325,1338.9737744565148,17.093597998346613,4.128963750676275,0,0,0,0,0,0,0,0,0,0,0,0,0,0,0,0,0,0,0,0,0,0,1360.1963362054553,0,0,0,0,0,0,0,0,0,0,0,0,0,0,0,771.42377418123,588.7725620242254,0,0,0,0,0,0,0,0,0,0,0,0,0,0,0,0,178.048398423749,0,0,1091.5393925756423,0,0,27.606245397069515,44.21253918922701,0,0,0,9.746823069770771,0,9.042937549758232,0,0,0,0,0,0,0,0,0,0,0,0,0,0,0,0,0,0,0,735.7099274972635,0,0,0,624.4864087081553,0,0,0,0,0,0,0,0,0,0,0,0,0,0,0,0,0,0,0,0,0,0,0,0,0,0
E-197,12,3231.31349876,183.53545372,0.190244222267,0.0509445585826,851.993969387,30.3272268956,7.224124695395893,3.473715511313087,2020.5037989914736,25.667566466531184,143.7185903308639,0,0,0,158.8958703724297,0,0,0,0,0,0,0,0,0,0,0,0,0,0,0,0,0,113.09162464106237,2235.694201520241,0,0,0,0,0,0,0,0,0,0,0,0,0,0,0,2225.0058643134644,123.7799618478394,0,0,0,0,0,0,0,0,0,0,0,0,0,0,0,0,216.59438254578293,0,97.12364603748753,1853.2723454592947,11.47864117039199,0,26.16978539772988,5.654665111073203,0,0,40.48466316214604,0,0,98.00769727742058,0,0,0,0,0,0,0,0,0,0,0,0,0,0,0,0,0,0,73.93014292316795,2258.665059072429,0,0,0,16.19062416578312,0,0,0,0,0,0,0,0,0,0,0,0,0,0,0,0,0,0,0,0,0,0,0,0,0,0
E-194,13,3421.98158296,256.990259864,0.24282242415,0.0650588525041,814.620035025,54.1737932121,6.847573546611185,2.434530934094031,1053.648884259016,0,0,0,0,0,0,0,0,0,0,0,0,0,0,0,0,0,0,0,0,0,0,0,281.4629564783311,772.1859277806441,0,0,0,0,0,0,0,0,0,0,0,0,0,0,0,611.0903786643847,442.5585055945905,0,0,0,0,0,0,0,0,0,0,0,0,0,0,0,0,0,0,213.91509085408393,825.006903387683,2.1586921150203113,0,0,0,0,0,0,12.568197902274655,0,0,0,0,0,0,0,0,0,0,0,0,0,0,0,0,0,0,0,0,264.8740914412589,323.2217592254412,0,0,0,465.55303359235995,0,0,0,0,0,0,0,0,0,0,0,0,0,0,0,0,0,0,0,0,0,0,0,0,0,0
E-195,14,3273.51720874,189.087181337,0.219307834076,0.0485621748678,842.66555108,25.4435325815,7.164477835720575,2.68422915938972,788.6406803114648,1.0338426840897788,0,0,0,0,0,0,0,0,0,0,0,0,0,0,0,0,0,0,0,0,0,0,23.913564149418264,765.7609588461238,0,0,0,0,0,0,0,0,0,0,0,0,0,0,0,738.2091557359048,51.46536725963722,0,0,0,0,0,0,0,0,0,0,0,0,0,0,0,0,187.8677318306768,0,51.97228893066431,549.6374387711486,0.19706346313601802,0,0,0,0,0,0,0,0,0,0,0,0,0,0,0,0,0,0,0,0,0,0,0,0,0,0,0,31.43915905069821,689.5649173931002,0,0,0,68.67044655176127,0,0,0,0,0,0,0,0,0,0,0,0,0,0,0,0,0,0,0,0,0,0,0,0,0,0
E-145,15,3132.00966047,467.459664018,0.16466369233,0.1006073997,634.358311244,40.9512720787,6.943843772127199,3.2886309909144256,1268.2381264257415,0,891.1228860243658,0,0,0,0,0,0,0,0,0,0,0,0,0,0,0,0,0,0,0,0,0,0,1171.9174193986055,0,987.443593051241,0,0,0,0,0,0,0,0,0,0,0,0,0,1808.5736338476822,350.7873786021641,0,0,0,0,0,0,0,0,0,0,0,0,0,0,0,0,533.8870281524148,0,406.2511416190024,526.0433917164853,31.602378318458996,268.45550003105257,0,188.49881588667444,0,0,0,19.917955802104807,0,0,41.83177081393176,142.8730301096326,0,0,0,0,0,0,0,0,0,0,0,0,0,0,0,0,0,807.976167368061,0,1022.739199437067,0,328.64564564463404,0,0,0,0,0,0,0,0,0,0,0,0,0,0,0,0,0,0,0,0,0,0,0,0,0,0
E-144,16,3052.13189967,422.084838024,0.121967034463,0.0863536104654,628.232317473,29.1507757883,6.697106173549646,3.3854543118142093,1106.1265177800474,0,558.9830284395184,0,0,0,0,0,0,0,0,0,0,0,0,0,0,0,0,0,0,0,0,0,0,838.8202960238343,0,826.2892501957392,0,0,0,0,0,0,0,0,0,0,0,0,0,1548.0801747901007,117.02937142947277,0,0,0,0,0,0,0,0,0,0,0,0,0,0,0,0,99.06642100714674,25.2688946851319,247.65293588909373,462.7294680491903,127.55532718209439,1.5821287591259443,0,268.26785777931957,0,0,0,0,0,0,432.98651286842073,0,0,0,0,0,0,0,0,0,0,0,0,0,0,0,0,0,0,733.2701542261955,0,828.8341297702763,0,103.00526222313616,0,0,0,0,0,0,0,0,0,0,0,0,0,0,0,0,0,0,0,0,0,0,0,0,0,0
E-192,17,3441.30943313,290.055572816,0.196114957735,0.0717669337367,795.803103885,64.1693591234,6.742833301364515,2.572814063915281,2048.817371269813,2.6679309195434655,0,0,0,0,0,0,0,0,0,0,0,0,0,0,0,0,0,0,0,0,0,0,494.59564292152163,1556.8896592679707,0,0,0,0,0,0,0,0,0,0,0,0,0,0,0,1157.6814006400514,893.8039015494409,0,0,0,0,0,0,0,0,0,0,0,0,0,0,0,0,55.15954667609269,0,716.7881194057262,1108.8137566581815,82.73782078380631,0,0,0,0,0,0,87.9860586656103,0,0,0,0,0,0,0,0,0,0,0,0,0,0,0,0,0,0,0,0,491.39097132230336,656.9024155324532,0,0,0,903.191915334684,0,0,0,0,0,0,0,0,0,0,0,0,0,0,0,0,0,0,0,0,0,0,0,0,0,0
E-193,18,3386.52690834,280.309293605,0.218792786023,0.0627681410274,817.740997314,47.8059270721,7.760370061560969,2.723319874640814,1352.7787194961656,0.7667743222707591,0,0,0,0,0,0,0,0,0,0,0,0,0,0,0,0,0,0,0,0,0,0,290.44458197382636,1063.100911844621,0,0,0,0,0,0,0,0,0,0,0,0,0,0,0,888.8162322493271,455.6515206630613,9.077740906058782,0,0,0,0,0,0,0,0,0,0,0,0,0,0,0,18.885196127665264,0,658.6699815474423,636.0402531420572,21.156005146661492,0,0,0,0,0,0,18.794057854564624,0,0,0,0,0,0,0,0,0,0,0,0,0,0,0,0,0,0,0,0,298.65165016068266,598.1735722292676,0,0,0,456.7202714284583,0,0,0,0,0,0,0,0,0,0,0,0,0,0,0,0,0,0,0,0,0,0,0,0,0,0
T-001,19,3163.57496952,289.752937779,0.0535786649128,0.0544230610832,738.769897461,36.6779692696,4.310020254152921,2.459873758993525,1729.1283827262675,793.3190650546045,0,0,0,0,59.76756961744793,0,0,0,0,0,0,0,0,0,0,0,0,0,0,0,0,0,542.869085201436,1594.599559307544,0,444.0156437624873,0.7307291268883194,0,0,0,0,0,0,0,0,0,0,0,0,2582.2150173983555,0,0,0,0,0,0,0,0,0,0,0,0,0,0,0,0,0,541.5076688979467,0,496.59608914349275,1447.3539466365307,0,0,8.762443216763256,87.99486950365845,0,0,0,0,0,0,0,0,0,0,0,0,0,0,0,0,0,0,0,0,0,0,0,0,585.0455327861908,1578.74182296329,0,418.42766164894664,0,0,0,0,0,0,0,0,0,0,0,0,0,0,0,0,0,0,0,0,0,0,0,0,0,0,0,0
P-001,20,3187.95793335,260.025446392,0.109670291917,0.042455516925,816.417715219,63.0487508851,6.212395416996096,2.726173246461859,1974.466112010805,87.40755506272617,0,0,0,0,0,0,0,0,0,0,0,0,0,0,0,0,0,0,0,0,0,0,1033.4423569261992,1028.4313101476184,0,0,0,0,0,0,0,0,0,0,0,0,0,0,0,2057.022978432202,4.850688641615685,0,0,0,0,0,0,0,0,0,0,0,0,0,0,0,0,198.74795574588055,0,600.725919996905,835.2219463281757,427.17784500287803,0,0,0,0,0,0,0,0,0,0,0,0,0,0,0,0,0,0,0,0,0,0,0,0,0,0,0,985.960469910615,1075.9131971631082,0,0,0,0,0,0,0,0,0,0,0,0,0,0,0,0,0,0,0,0,0,0,0,0,0,0,0,0,0,0
P-015,21,2962.72041713,726.480871696,0.0358761352659,0.0450424198727,1047.7860816,133.555686098,5.59775127859656,5.433594726012914,1520.4722359731575,3008.6603323851227,0,3.4143994819843897,0,0,121.50907627243404,0,0,0,0,0,0,0,0,0,0,0,0,0,0,0,0,0,0,0,3902.168572136356,0,630.9577188865193,120.9297530897506,0,0,0,0,0,0,0,0,0,0,0,2733.4351579770446,911.0772738148453,0,257.65614034446617,611.6929908374427,120.9297530897506,19.264728049076567,0,0,0,0,0,0,0,0,0,0,0,2522.057740145946,0,0,791.8926254885289,482.8554429894687,0,193.6536176613958,0,0,16.473484523061472,0,306.7012067248973,0,0,64.83833894203744,2.364571670792167,273.2190159662595,0,0,0,0,0,0,0,0,0,0,0,0,0,0,0,0,0,3119.6964594449996,0,643.5881421898464,0,890.7714424778655,0,0,0,0,0,0,0,0,0,0,0,0,0,0,0,0,0,0,0,0,0,0,0,0,0
E-166,22,4075.42467401,342.776059761,0.169887563214,0.0128534148195,943.281059265,24.4657740861,11.021857985366855,5.71393417043262,602.6696313316448,0,0,0,0,0,0,0,0,0,0,0,0,0,0,0,0,0,0,0,0,0,0,0,10.987341360753481,0,480.3040288361056,0,111.3782611348177,0,0,0,0,0,0,0,0,0,0,0,0,0,480.3040288361056,0,0,111.3782611348177,0,10.987341360753481,0,0,0,0,0,0,0,0,0,0,0,0,0,0,351.93960873039794,0,0,0,0,0,0,0,78.48645668243209,0,0,0,0,172.2435659188483,0,0,0,0,0,0,0,0,0,0,0,0,0,0,0,17.221556224524846,0,0,0,95.78519598722372,0,489.66287911987735,0,0,0,0,0,0,0,0,0,0,0,0,0,0,0,0,0,0,0,0,0,0,0,0,0
E-163,23,3717.22423167,83.7694591907,0.146653800209,0.0171802593254,917.827604167,11.0166857954,4.624345876055313,2.453480543037721,612.1574297621936,0,0,0,0,0,0,0,0,0,0,0,0,0,0,0,0,0,0,0,0,0,0,0,179.41170560598567,0,432.7457241562223,0,0,0,0,0,0,0,0,0,0,0,0,0,0,0,432.7457241562223,0,0,0,0,179.41170560598567,0,0,0,0,0,0,0,0,0,0,0,0,0,0,446.0073562549781,0,0,0,166.15007350723823,0,0,0,0,0,0,0,0,0,0,0,0,0,0,0,0,0,0,0,0,0,0,0,0,190.14604531942692,0,0,0,0,0,422.01138444280764,0,0,0,0,0,0,0,0,0,0,0,0,0,0,0,0,0,0,0,0,0,0,0,0,0
E-198,24,3675.79347613,94.1331332123,0.0721539038826,0.00488267514476,1032.12832364,30.477741784,4.488110425702682,1.721229477667812,121.93539844015763,252.0714451330979,0,0,0,0,0,667.1385116763965,0,0,0,0,0,0,0,0,0,0,0,0,0,0,0,0,0,0,1041.1453552494468,0,0,0,0,0,0,0,0,0,0,0,0,0,0,0,1041.1453552494468,0,0,0,0,0,0,0,0,0,0,0,0,0,0,0,0,0,0,0,607.8244479641828,0,0,0,0,0,0,0,433.3209072852664,0,0,0,0,0,0,0,0,0,0,0,0,0,0,0,0,0,0,0,0,0,0,384.4557559194774,0,0,0,656.6895993300161,0,0,0,0,0,0,0,0,0,0,0,0,0,0,0,0,0,0,0,0,0,0,0,0,0
P-018,25,3694.32101565,151.274863588,0.0794209342982,0.0069893074136,1055.93500628,19.5847188999,7.218766124844228,2.5779966496149105,481.240148896819,128.15913364888127,0,0,0,0,0,0,0,0,0,0,0,0,0,0,0,0,0,0,0,0,0,0,0,0,609.3992825456486,0,0,0,0,0,0,0,0,0,0,0,0,0,0,0,609.3992825456486,0,0,0,0,0,0,0,0,0,0,0,0,0,0,0,0,0,0,0,566.3145057290182,0,0,0,13.946559560648039,0,0,0,29.13821725600879,0,0,0,0,0,0,0,0,0,0,0,0,0,0,0,0,0,0,0,0,0,0,0,0,0,0,609.3992825456486,0,0,0,0,0,0,0,0,0,0,0,0,0,0,0,0,0,0,0,0,0,0,0,0,0
E-159,26,3414.27354109,160.154702949,0.0994127543909,0.0192853397294,892.801916504,18.3288591276,4.794303484389147,2.1986867997019037,1736.623210935667,0,219.23104828169153,0,0,0,0,0,0,0,0,0,0,0,0,0,0,0,0,0,0,0,0,0,252.7911906692311,54.989326621278494,1648.0737419267907,0,0,0,0,0,0,0,0,0,0,0,0,0,0,54.989326621278494,1897.4149389704894,0,0,0,0,3.449993625532312,0,0,0,0,0,0,0,0,0,0,0,0,0,233.00600968985847,1502.2013572208457,109.99977956481082,0,0,110.6471127416707,0,0,0,0,0,0,0,0,0,0,0,0,0,0,0,0,0,0,0,0,0,0,0,0,307.1678710906449,58.18648967657881,0,0,0,0,1590.4998984500621,0,0,0,0,0,0,0,0,0,0,0,0,0,0,0,0,0,0,0,0,0,0,0,0,0
E-157,27,3266.49778012,92.2983317838,0.105340349674,0.0242982851746,885.03270263700006,15.7853543416,3.7333365267380714,1.5228828889496921,943.7136884388611,0,0,0,0,0,0,0,0,0,0,0,0,0,0,0,0,0,0,0,0,0,0,0,890.8979848135197,52.602284153635,0.2134194717439119,0,0,0,0,0,0,0,0,0,0,0,0,0,0,52.602284153635,891.1114042852636,0,0,0,0,0,0,0,0,0,0,0,0,0,0,0,0,0,0,0,806.8143208534404,136.89936758546546,0,0,0,0,0,0,0,0,0,0,0,0,0,0,0,0,0,0,0,0,0,0,0,0,0,0,0,858.9897635564743,84.72392488244543,0,0,0,0,0,0,0,0,0,0,0,0,0,0,0,0,0,0,0,0,0,0,0,0,0,0,0,0,0,0
P-022,28,2870.47759609,467.310033462,0.0515906077712,0.0275387119875,1119.26388889,45.9423412154,6.641467999140228,4.90974386889662,893.4639324775814,0,0,0,644.6368600840143,0,0,0,18.383095043758317,0,0,0,0,0,0,0,0,0,0,0,0,0,0,0,0,0,1132.1438578998925,0,424.3400297054024,0,0,0,0,0,0,0,0,0,0,0,0,0,278.24146777386346,0,0,424.3400297054024,0,636.5740723607678,217.32831776526123,0,0,0,0,0,0,0,0,0,0,0,0,0,453.9804568071237,0,126.11870885592158,0,0,0,53.24298901665592,0,57.16103472602859,0,0,357.75924426170343,452.0209132907563,56.200540647091664,0,0,0,0,0,0,0,0,0,0,0,0,0,0,0,0,0,858.322604652736,0,417.0870436458661,0,281.0742393067089,0,0,0,0,0,0,0,0,0,0,0,0,0,0,0,0,0,0,0,0,0,0,0,0,0
P-009,29,3457.0411603,437.812709065,0.100625668817,0.0405385806665,957.233621036,20.0354782287,11.234820595290984,4.173393537361339,1727.2207521302403,35.786676721230236,0,0,0,0,0,0,0,0,0,0,0,0,0,0,0,0,0,0,0,0,0,0,417.03023234959636,47.46624039605931,1233.3731788719717,0,65.13777723389377,0,0,0,0,0,0,0,0,0,0,0,0,0,1650.4034112215681,47.46624039605931,0,65.13777723389377,0,0,0,0,0,0,0,0,0,0,0,0,0,14.269596699259768,0,550.3312830279251,964.2223751803183,0,0,0,0,0,0,0,92.9889322097662,0,0,0,0,141.1952417341384,0,0,0,0,0,0,0,0,0,0,0,0,0,0,0,428.4184836281815,47.91112824458343,0,0,52.13301358985951,0,1234.544803388842,0,0,0,0,0,0,0,0,0,0,0,0,0,0,0,0,0,0,0,0,0,0,0,0,0
P-010,30,3489.6029623,461.142405492,0.0952031509104,0.0378724711077,975.977955211,24.4075021201,11.40005004725108,4.2445461313240544,641.2665854074755,20.696047265533863,0,0,0,0,0,0,0,0,0,0,0,0,0,0,0,0,0,0,0,0,0,0,104.47024942056676,33.930393116744135,461.35938652643347,0,62.20260360926832,0,0,0,0,0,0,0,0,0,0,0,0,0,565.8296359470003,33.930393116744135,0,62.20260360926832,0,0,0,0,0,0,0,0,0,0,0,0,0,19.32376126655576,0,69.76455556500362,471.5272941639984,0,0,0,0,0,0,0,78.70808936649622,0,0,0,0,22.63893231101576,0,0,0,0,0,0,0,0,0,0,0,0,0,0,0,108.39659418689143,35.16013237481431,0,0,63.203744145027656,0,455.2021619662681,0,0,0,0,0,0,0,0,0,0,0,0,0,0,0,0,0,0,0,0,0,0,0,0,0
P-019,31,3924.20724135,577.984312799,0.0809179021813,0.0122818805079,1128.42545573,97.0762474763,11.863192238257907,7.572350890477351,781.8102781733163,515.9376511344853,0,0,190.57318653765702,0,0,0,0,0,0,0,0,0,0,0,0,0,0,0,0,0,0,0,0,0,963.06086046319,0,525.260255382264,0,0,0,0,0,0,0,0,0,0,0,0,0,667.6893214129968,0,0,525.260255382264,0,159.41160467213658,135.95993437805654,0,0,0,0,0,0,0,0,0,0,85.96625802080018,0,0,392.72867442013364,0,0,0,53.53828691486042,0,84.57504567196125,0,32.2027734733264,0,0,0,143.31252636813358,695.99755097627,0,0,0,0,0,0,0,0,0,0,0,0,0,0,0,0,0,295.7746399625602,0,509.550370648366,0,682.996105234513,0,0,0,0,0,0,0,0,0,0,0,0,0,0,0,0,0,0,0,0,0,0,0,0,0
P-017,32,3419.88725752,410.87339179,0.055182374048,0.0217019132566,1148.77620895,152.992530956,7.262975967290645,3.7820821530204856,1347.1023403067852,1562.5285636128042,0,0,0,0,36.77690765924745,401.13637684736085,0,0,0,0,0,0,0,0,0,0,0,0,0,0,0,0,0,0,3021.043606767294,0,326.50058165900947,0,0,0,0,0,0,0,0,0,0,0,0,364.99559197553344,1912.3559888745494,0,0,326.50058165900947,0,743.6920259172111,0,0,0,0,0,0,0,0,0,0,0,392.87007325646897,0,0,1623.69628217937,218.70682982644445,0,0,0,0,626.6675729219824,0,454.9781325305464,0,0,0,0,30.6252977113792,0,0,0,0,0,0,0,0,0,0,0,0,0,0,0,0,0,1080.1506227155478,0,350.0980453571105,0,1917.295520353659,0,0,0,0,0,0,0,0,0,0,0,0,0,0,0,0,0,0,0,0,0,0,0,0,0
E-158,33,3345.96490693,439.567649673,0.104230625249,0.0375602690159,920.916638923,18.9649861328,6.6788189241311455,3.604558154985602,3200.9658983665536,489.8046410875109,0,0,0,0,99.19859604985459,0,0,0,0,0,0,0,0,0,0,0,0,0,0,0,0,0,910.9008231438937,517.1904489989934,2290.994484242326,0,70.88337911897246,0,0,0,0,0,0,0,0,0,0,0,0,0,3201.89530738622,517.1904489989934,0,70.88337911897246,0,0,0,0,0,0,0,0,0,0,0,0,0,441.0356086950091,0,480.10600577468824,1420.5103621449666,1111.2719184124944,0,0,0,0,0,0,163.3049286280712,23.95876405551773,0,0,0,149.78154779364394,0,0,0,0,0,0,0,0,0,0,0,0,0,0,0,918.973988995758,521.9335372904119,0,0,59.540683204926495,0,2289.520926013034,0,0,0,0,0,0,0,0,0,0,0,0,0,0,0,0,0,0,0,0,0,0,0,0,0
P-007,34,3312.98001644,390.984014053,0.0926606421359,0.0341835381259,926.290200806,17.676194241,6.908310398466435,3.6161132792295834,1354.5057975319314,218.91562044779562,0,0,0,0,51.71888819731518,0,0,0,0,0,0,0,0,0,0,0,0,0,0,0,0,0,437.26714364529823,170.18921226742768,1017.4067212455873,0,0.2772290186366473,0,0,0,0,0,0,0,0,0,0,0,0,0,1454.6738648908854,170.18921226742768,0,0.2772290186366473,0,0,0,0,0,0,0,0,0,0,0,0,0,129.9758191903999,0,225.5154489487396,724.5101769967557,487.349725457484,0,0,0,0,0,0,22.38965332316594,0,0,0,0,35.399482260361765,0,0,0,0,0,0,0,0,0,0,0,0,0,0,0,452.85620960025176,172.55317554622198,0,0,0.06557312281459142,0,999.6653479076326,0,0,0,0,0,0,0,0,0,0,0,0,0,0,0,0,0,0,0,0,0,0,0,0,0
P-008,35,2967.68375603,195.609792093,0.0617934791919,0.0197130638627,920.282824348,12.3114875682,5.420325998678989,2.432527070049633,1023.8378557246776,627.2931746663745,0,0,0,0,14.192658382731569,0,0,0,0,0,0,0,0,0,0,0,0,0,0,0,0,0,660.9681478966879,608.6502705166992,395.70527036033394,0,0,0,0,0,0,0,0,0,0,0,0,0,0,0,1056.673418257022,608.6502705166992,0,0,0,0,0,0,0,0,0,0,0,0,0,0,0,516.0533217234238,0,444.21437306725625,74.08252164956673,630.9734723335491,0,0,0,0,0,0,0,0,0,0,0,0,0,0,0,0,0,0,0,0,0,0,0,0,0,0,0,660.8070024340952,607.0692616969283,0,0,0,0,397.44742464276646,0,0,0,0,0,0,0,0,0,0,0,0,0,0,0,0,0,0,0,0,0,0,0,0,0
P-012,36,3963.07699908,545.184716557,0.10770162344,0.0458742815033,1012.5396342,17.0715444733,13.296298375792839,5.47802758699107,1718.5772927851608,0.9358542660119656,0,0,0,0,0,0,0,0,0,0,0,0,0,0,0,0,0,0,0,0,0,0,0,0,987.9690974970922,0,731.544049554154,0,0,0,0,0,0,0,0,0,0,0,0,0,987.9690974970922,0,0,731.544049554154,0,0,0,0,0,0,0,0,0,0,0,0,0,0,0,249.74098434045828,707.9305739569166,4.745796075958853,0,0,0,0,0,0,293.4111209232491,0,0,0,0,463.68467175455254,0,0,0,0,0,0,0,0,0,0,0,0,0,0,0,0,0,0,0,734.3042064435705,0,985.2089406076536,0,0,0,0,0,0,0,0,0,0,0,0,0,0,0,0,0,0,0,0,0,0,0,0,0
P-013,37,3852.07783627,431.249074426,0.0830991865824,0.0370200779034,1025.50856084,15.4985097806,12.952732797091526,6.197932250112903,800.2327505710512,42.63849425149259,0,0,0,0,0,0,0,0,0,0,0,0,0,0,0,0,0,0,0,0,0,0,0,0,495.17882877632076,0,347.69241604627905,0,0,0,0,0,0,0,0,0,0,0,0,0,495.17882877632076,0,0,347.69241604627905,0,0,0,0,0,0,0,0,0,0,0,0,0,0,0,71.74162953754004,384.79245877544656,74.73013558552908,0,0,0,0,0,0,153.1892706777485,0,0,0,48.461278495583194,109.9564717507241,0,0,0,0,0,0,0,0,0,0,0,0,0,0,0,0,0,0,0,355.2375996398298,0,487.63364518272425,0,0,0,0,0,0,0,0,0,0,0,0,0,0,0,0,0,0,0,0,0,0,0,0,0
P-021,38,3579.67567381,472.974375705,0.0823590713739,0.00852787476035,1152.32399902,73.9606880547,13.051984216234656,5.368616196487502,606.4950143692773,283.2182735717208,0,0,94.93328876133049,0,0,0,0,0,0,0,0,0,0,0,0,0,0,0,0,0,0,0,0,0,901.8353991292079,0,82.81117757311358,0,0,0,0,0,0,0,0,0,0,0,0,0,568.8857721138479,0,0,82.81117757311358,0,89.54954292411671,243.4000840912432,0,0,0,0,0,0,0,0,0,0,134.77890676465032,0,0,401.91509162022123,0,0,0,0,0,0,0,145.46502126354886,0,0,0,93.2239027806436,209.26365427321602,0,0,0,0,0,0,0,0,0,0,0,0,0,0,0,0,0,332.9217925232751,0,85.89207657664264,0,565.8327076024133,0,0,0,0,0,0,0,0,0,0,0,0,0,0,0,0,0,0,0,0,0,0,0,0,0
P-020,39,3345.38451863,282.896834092,0.0787846934982,0.00879832143441,1162.63311768,69.2323921751,10.739685519342846,4.408911023832614,213.39083501058204,417.1360346935185,0,0,0,0,0,0,0,0,0,0,0,0,0,0,0,0,0,0,0,0,0,0,0,0,630.5268697040899,0,0,0,0,0,0,0,0,0,0,0,0,0,0,0,265.5126776705039,0,0,0,0,184.8517400983631,180.1624519352229,0,0,0,0,0,0,0,0,0,0,153.88408984678105,0,0,139.84277906531534,0,0,0,32.318820226851706,0,5.890127869056473,0,12.23535486571634,0,0,0,249.8999056869445,36.45579214345993,0,0,0,0,0,0,0,0,0,0,0,0,0,0,0,0,0,370.8821151584418,0,0,0,259.64475454564894,0,0,0,0,0,0,0,0,0,0,0,0,0,0,0,0,0,0,0,0,0,0,0,0,0
P-014,40,2930.65065488,414.330895083,0.0259842234152,0.0272320245107,1025.18196106,86.6960698525,5.422733077763149,3.2381272773260896,753.3045509693992,1309.6214651077196,0,0,0,0,48.310465425081375,0,0,0,0,0,0,0,0,0,0,0,0,0,0,0,0,0,0,517.1391291297898,1594.0973523722578,0,0,0,0,0,0,0,0,0,0,0,0,0,0,719.1366710375479,802.6763331903381,0,72.28434814437163,517.1391291297898,0,0,0,0,0,0,0,0,0,0,0,0,0,671.0916865000431,0,0,612.6248252158118,150.55692767733558,0,26.532358119414905,90.76514613393631,0,0,0,0,0,0,24.098397924550994,322.51230832621974,0,213.0548316048501,0,0,0,0,0,0,0,0,0,0,0,0,0,0,0,531.0238381639894,771.7986311459316,0,0,0,808.4140121921334,0,0,0,0,0,0,0,0,0,0,0,0,0,0,0,0,0,0,0,0,0,0,0,0,0
E-178,41,3168.83940615,468.009092241,0.0618427426754,0.028396046292,955.26096235,38.382494903,9.089512025998356,4.717187583006975,122.58712801613315,0,378.93230152483954,0,650.1179462456531,0,0,0,0,0,0,0,0,0,0,0,0,0,0,0,0,0,0,0,0,0,1151.6373757866093,0,0,0,0,0,0,0,0,0,0,0,0,0,0,257.3883891821147,894.2489866044946,0,0,0,0,0,0,0,0,0,0,0,0,0,0,0,0,0,0,423.97424724555594,156.08749547784717,0,0,0,0,0,64.74446519758312,0,195.2941100494247,0,0,265.7371593889217,0,45.799898427280944,0,0,0,0,0,0,0,0,0,0,0,0,0,0,0,0,0,832.5363927644037,0,0,0,319.1009830221881,0,0,0,0,0,0,0,0,0,0,0,0,0,0,0,0,0,0,0,0,0,0,0,0,0
E-177,42,2991.96646663,377.14062345,0.0500018500024,0.0263957518652,935.454915365,37.2245785134,7.8041250404055535,4.324055800514002,0.9561181018767407,0,289.01168295548894,0,502.63582571605593,0,23.065852342280536,0,0,0,0,0,0,0,0,0,0,0,0,0,0,0,0,0,0,0,721.7956600387249,0,0,0,93.8738190769456,0,0,0,0,0,0,0,0,0,0,281.07939238103074,440.71626765769423,0,0,0,0,93.8738190769456,0,0,0,0,0,0,0,0,0,0,0,0,0,302.70059546695956,126.82472418532905,0,0,0,0,0,77.41890533828588,0,70.07925136506164,0,0,238.11800911690864,0,0.5279936431328176,0,0,0,0,0,0,0,0,0,0,0,0,0,0,0,0,0,416.57083107943777,0,0,0,277.63003664621885,121.46861139003009,0,0,0,0,0,0,0,0,0,0,0,0,0,0,0,0,0,0,0,0,0,0,0,0
E-180,43,3584.14593659,659.025447755,0.082330856123,0.0161740164388,1011.69121933,20.3109590263,12.853959016819351,5.798181528008655,266.428707716185,0,46.72860568496438,0,1178.4216389057972,0,0,39.11357570022954,0,0,0,0,0,0,0,0,0,0,0,0,0,0,0,0,271.68375266706033,0,1048.9816209562812,0,210.0271543837787,0,0,0,0,0,0,0,0,0,0,0,0,2.3933760733296436,1046.5882448829516,0,0,210.0271543837787,0,0,0,271.68375266706033,0,0,0,0,0,0,0,0,0,0,170.161173585767,431.1081402121777,87.17444712389506,0,0,0,0,0,0,0,270.6248813560264,0,0,39.27867363380016,0,532.3452120954584,0,0,0,0,0,0,0,0,0,0,0,0,0,0,0,262.2846540346891,0,706.1259836572385,0,186.20355495083345,0,376.07833536436965,0,0,0,0,0,0,0,0,0,0,0,0,0,0,0,0,0,0,0,0,0,0,0,0,0
E-179,44,2964.7975869,293.7153561,0.0686019338253,0.0124906171484,975.504055447,22.7008264636,12.08569959686761,6.060285247395958,0,0,222.67338491628857,0,549.2674948541195,0,0,0,0,0,0,0,0,0,0,0,0,0,0,0,0,0,0,0,77.15086458373554,0,694.7900151866717,0,0,0,0,0,0,0,0,0,0,0,0,0,0,167.40177156696294,527.3882436197088,0,0,0,0,0,0,77.15086458373554,0,0,0,0,0,0,0,0,0,0,135.37963431843298,343.9958911313441,236.9259131960747,0,0,0,0,0,0,0,25.706137837322792,0,0,29.933303287238118,0,0,0,0,0,0,0,0,0,0,0,0,0,0,0,0,0,54.12044182846374,0,522.7127890135333,0,0,0,195.10764892839043,0,0,0,0,0,0,0,0,0,0,0,0,0,0,0,0,0,0,0,0,0,0,0,0,0
E-168,45,3032.89761431,334.495652816,0.111811103807,0.0456718581539,908.016498912,24.2129259556,8.452470077590055,3.6841582849287615,784.1479765395353,0,195.48893771261456,0,0,0,0,0,0,0,0,0,0,0,0,0,0,0,0,0,0,0,0,0,0,0,979.0270027092647,0,0,0,0.6099115428637022,0,0,0,0,0,0,0,0,0,0,0.6099115428637022,979.0270027092647,0,0,0,0,0,0,0,0,0,0,0,0,0,0,0,0,0,0,200.18081830915546,575.4632577666295,15.594192555323351,0,0,0,0,0,0,0,0,129.0183254894787,59.38032013155981,0,0,0,0,0,0,0,0,0,0,0,0,0,0,0,0,0,0,0,0,0,0,0,979.6233902908516,0.013523961284778355,0,0,0,0,0,0,0,0,0,0,0,0,0,0,0,0,0,0,0,0,0,0,0,0
E-169,46,3093.88205331,334.224802131,0.11031012442,0.0419705155208,893.679946899,29.3737078457,9.703472781070797,3.3014415503578514,500.94387767922166,0,299.47083518365184,0,0,0,0,0,0,0,0,0,0,0,0,0,0,0,0,0,0,0,0,0,0,0,799.9134865011895,0,0,0,0.5012263616968206,0,0,0,0,0,0,0,0,0,0,0.5012263616968206,799.9134865011895,0,0,0,0,0,0,0,0,0,0,0,0,0,0,0,0,0,0,305.23649888475086,476.85840715012637,0,0,0,1.6069934632254006,0,0,0,0,0,0,16.712813364757864,0,0,0,0,0,0,0,0,0,0,0,0,0,0,0,0,0,0,0,0,0,0,0,800.3193954174483,0.0953174454286172,0,0,0,0,0,0,0,0,0,0,0,0,0,0,0,0,0,0,0,0,0,0,0,0
E-170,47,3024.01394858,505.766160519,0.105549404508,0.0544456442379,884.060786197,53.0457718963,8.850833276924833,4.898201744844373,757.0378490627942,0,693.9697688737272,0,0,0,224.77892796082233,0,0,0,0,0,0,0,0,0,0,0,0,0,0,0,0,0,0,0,1393.4244854599299,0,0.6442897411637836,0,281.71777069627433,0,0,0,0,0,0,0,0,0,0,281.71777069627433,1393.4244854599299,0,0,0.6442897411637836,0,0,0,0,0,0,0,0,0,0,0,0,0,0,138.96252089659643,236.8557820955508,748.3222656377638,0,0,31.331780870431704,102.73621586620598,0,0,0,84.94733902274263,0,0,332.07313767164965,0,0.5575038363340208,0,0,0,0,0,0,0,0,0,0,0,0,0,0,0,0,0,0,0,0.6223024904482894,0,1393.9606121677996,281.20363123906304,0,0,0,0,0,0,0,0,0,0,0,0,0,0,0,0,0,0,0,0,0,0,0,0
E-171,48,3653.98307017,630.146931698,0.131407327724,0.0357088624009,927.650632916,44.4468975648,12.562807030098526,5.577353237024488,1615.7510950697856,0,112.5514435708446,0,0,0,0,0,0,0,0,0,0,0,0,0,0,0,0,0,0,0,0,0,0,0,1277.3389664896156,0,450.9635721508827,0,0,0,0,0,0,0,0,0,0,0,0,0,1277.3389664896156,0,0,450.9635721508827,0,0,0,0,0,0,0,0,0,0,0,0,0,0,52.53345187292564,511.5263890075981,543.7299040348166,0,0,0,88.39729013446858,0,0,0,286.98480814113395,0,0,0.8062090813792813,0,244.32448636827732,0,0,0,0,0,0,0,0,0,0,0,0,0,0,0,0,0,0,0,430.58195356738236,0,1297.720585073131,0,0,0,0,0,0,0,0,0,0,0,0,0,0,0,0,0,0,0,0,0,0,0,0,0
E-172,49,3797.9116601,569.68387496,0.118691388071,0.0267882246856,937.513276367,41.9068283994,13.242752125006371,5.42244338844008,946.415918267262,0,2.086082430318628,0,0,0,0,0,0,0,0,0,0,0,0,0,0,0,0,0,0,0,0,0,0,0,559.5206283770825,0,388.98137232038965,0,0,0,0,0,0,0,0,0,0,0,0,0,559.5206283770825,0,0,388.98137232038965,0,0,0,0,0,0,0,0,0,0,0,0,0,0,21.726800718359804,122.9413283147356,327.42942040484854,0,0,0,113.71611533104017,0,0,0,207.36203278123523,0,0,0.45443719315713965,0,154.87186595406527,0,0,0,0,0,0,0,0,0,0,0,0,0,0,0,0,0,0,0,392.4372357356786,0,556.0647649617897,0,0,0,0,0,0,0,0,0,0,0,0,0,0,0,0,0,0,0,0,0,0,0,0,0
E-176,50,3390.86122969,579.014951626,0.0575187239139,0.0332405777757,965.930133894,55.7310751156,11.318545457665426,7.394666028145614,1293.7310841271237,0,460.8665846232992,0,345.7526439718873,0,281.5652569027925,0,0,0,0,0,0,0,0,0,0,0,0,0,0,0,0,0,0,0,1884.4512285259225,0,132.4867120164148,0,364.97762908301667,0,0,0,0,0,0,0,0,0,0,419.27552830500537,1514.9886812609834,0,0,132.4867120164148,0,315.1646480429505,0,0,0,0,0,0,0,0,0,0,0,0,0,752.9292520394589,511.45075999929,0,0,32.38737326158749,0,0,0,0,177.24753040378488,0,0,524.5170900871148,0,383.38356383412355,0,0,0,0,0,0,0,0,0,0,0,0,0,0,0,0,0,345.36312030001767,0,119.10907249156568,0,1545.4354246855135,372.0079521481347,0,0,0,0,0,0,0,0,0,0,0,0,0,0,0,0,0,0,0,0,0,0,0,0
E-160,51,3334.80125655,217.283148188,0.100190396288,0.0123663097276,860.396211897,17.3270307424,5.296481173741045,2.458040145088592,1121.0373107081632,0,97.92165559655257,0,0,0,0,0,0,0,0,0,0,0,0,0,0,0,0,0,0,0,0,0,23.20758631222608,289.91267401751645,905.8387059749822,0,0,0,0,0,0,0,0,0,0,0,0,0,0,289.91267401751645,929.0462922872083,0,0,0,0,0,0,0,0,0,0,0,0,0,0,0,0,0,0,303.06689660105263,725.64296041782,0,0,0,63.94751927654286,0,0,0,0,0,0,16.955571404296183,0,0,109.34601860490314,0,0,0,0,0,0,0,0,0,0,0,0,0,0,33.780517368038474,337.43390233294417,0,0,0,0,847.7445466037015,0,0,0,0,0,0,0,0,0,0,0,0,0,0,0,0,0,0,0,0,0,0,0,0,0
E-161,52,3186.81148843,264.431670529,0.0920810006559,0.00982324359466,872.641751099,20.6685938786,8.154904222215976,3.2873627355217376,558.1885426521268,0,282.82388276211884,0,0,0,0,0,0,0,0,0,0,0,0,0,0,0,0,0,0,0,0,0,0,78.43730563720719,762.5751197770527,0,0,0,0,0,0,0,0,0,0,0,0,0,0,78.43730563720719,762.5751197770527,0,0,0,0,0,0,0,0,0,0,0,0,0,0,0,0,0,0,0,458.92986696328785,0,0,0,16.17658345986241,0,0,0,0,0,0,0,0,0,365.90597499106656,0,0,0,0,0,0,0,0,0,0,0,0,0,0,0,100.69900841090816,0,0,0,0,740.3134170033386,0,0,0,0,0,0,0,0,0,0,0,0,0,0,0,0,0,0,0,0,0,0,0,0,0
E-162,53,2972.22259427,417.335903216,0.0571194269097,0.0412991890269,886.859479821,49.2485402292,6.651249435647707,3.4388235680138384,1700.518481989557,0,1026.1965572099843,0,12.820547598699857,0,0,0,0,0,0,0,0,0,0,0,0,0,0,0,0,0,0,0,15.280329008873757,0,2082.8800915609436,0,539.4860574422208,0,101.88910878620466,0,0,0,0,0,0,0,0,0,0,90.9644805798681,1992.6121939894324,0,0,0,0,116.47285478672165,0,539.4860574422208,0,0,0,0,0,0,0,0,0,154.28224708338783,0,565.7100614603336,1037.9827620384572,0,0,47.51559213652869,35.80912829497175,0,0,0,0,0,582.0470005387165,316.1887952458047,0,0,0,0,0,0,0,0,0,0,0,0,0,0,0,0,0,7.566441212558613,0,86.37771703816823,0,468.7510513972619,0,2063.6810000160417,0,113.15937713420827,0,0,0,0,0,0,0,0,0,0,0,0,0,0,0,0,0,0,0,0,0,0,0
E-155,54,2906.13221077,293.128545762,0.103316414682,0.0484787816376,802.634024048,51.4341196535,5.151313926617096,1.948839021061102,1388.7555103120408,0,751.3583443770837,0,34.96377118146773,0,19.80399123386054,0,0,0,0,0,0,0,0,0,0,0,0,0,0,0,0,0,74.43547676056242,1416.427439852118,0,704.0187004917774,0,0,0,0,0,0,0,0,0,0,0,0,0,2120.4461403438954,74.43547676056242,0,0,0,0,0,0,0,0,0,0,0,0,0,0,0,0,0,0,11.676031061953159,1210.125340385894,37.94684713072705,0,0,318.94420255426695,0,0,0,0,0,0,616.1891959716985,0,0,0,0,0,0,0,0,0,0,0,0,0,0,0,0,0,65.54564297757959,1344.3864086756973,0,784.9495654511659,0,0,0,0,0,0,0,0,0,0,0,0,0,0,0,0,0,0,0,0,0,0,0,0,0,0,0,0
E-156,55,2944.72070755,307.79523995,0.0810630208615,0.0392913314669,816.928148674,52.4479350654,6.144015261410314,3.228796901941719,988.1701991804688,0,141.9234664388896,0,0,0,0,0,0,0,0,0,0,0,0,0,0,0,0,0,0,0,0,0,4.401906012972758,1084.4914525091892,10.207018056036212,30.993289041098755,0,0,0,0,0,0,0,0,0,0,0,0,0,1115.484741550288,14.608924069008971,0,0,0,0,0,0,0,0,0,0,0,0,0,0,0,0,0,0,112.05487524136622,618.5062678109176,0,0,0,21.491793371515293,0,0,0,0,0,0,357.7612494299717,0,0,20.279479765486336,0,0,0,0,0,0,0,0,0,0,0,0,0,0,7.130519016105996,1064.1737107039064,0,56.64658374113613,0,0,2.1428521582331808,0,0,0,0,0,0,0,0,0,0,0,0,0,0,0,0,0,0,0,0,0,0,0,0,0
E-164,56,3089.45235756,279.140437507,0.0883348383719,0.0310313044696,932.350434803,20.2617007107,9.0813598574861,3.1726135488296237,661.2701718766245,0,307.1777149306168,0,0,0,0,0,0,0,0,0,0,0,0,0,0,0,0,0,0,0,0,0,5.518994484869837,0,890.2677046446095,0,68.61914139687612,0,4.042046280840054,0,0,0,0,0,0,0,0,0,0,4.042046280840054,890.2677046446095,0,0,0,0,5.518994484869837,0,68.61914139687612,0,0,0,0,0,0,0,0,0,83.94640564675248,0,478.7443711371289,146.55467680142547,0,0,28.023636983605144,0,0,0,0,0,0,231.17879623828472,0,0,0,0,0,0,0,0,0,0,0,0,0,0,0,0,0,0,1.8135914654996979,0,0,0,78.02991867446707,0,884.7839835593406,3.820393107909405,0,0,0,0,0,0,0,0,0,0,0,0,0,0,0,0,0,0,0,0,0,0,0,0
E-175,57,3367.1847836,380.692865877,0.0593967426657,0.0174778302255,952.887690953,56.2674426838,8.512101027172942,4.567825515417184,317.4187613787946,0,257.38209074019767,0,1179.169645179029,0,143.9130906766785,329.2469858692176,0,0,0,0,0,0,0,0,0,0,0,0,0,0,0,0,0,0,1976.3582408661032,0,0,0,250.77233297791682,0,0,0,0,0,0,0,0,0,0,300.92018479370944,1926.2103890503106,0,0,0,0,0,0,0,0,0,0,0,0,0,0,0,0,0,0,716.2175870503327,617.099074671452,0,0,0,55.712163000604875,0,0,0,576.9485831669849,0,0,261.153165954568,0,0,0,0,0,0,0,0,0,0,0,0,0,0,0,0,0,0,0,280.84681094512894,0,0,0,1699.5238734862874,246.75988941261528,0,0,0,0,0,0,0,0,0,0,0,0,0,0,0,0,0,0,0,0,0,0,0,0
E-174,58,3213.05601451,431.201623826,0.0574706807252,0.0141949820667,915.096906108,40.502383098,10.448460844099133,5.976340748282641,827.9512928017635,0,119.45882288649923,0,124.68368967261387,0,294.20062679549767,343.96383918863825,0,0,0,0,0,0,0,0,0,0,0,0,0,0,0,0,0,0,1510.0540025474588,0,55.60278265160774,0,144.60148614598438,0,0,0,0,0,0,0,0,0,0,144.60148614598438,1510.0540025474588,0,0,55.60278265160774,0,0,0,0,0,0,0,0,0,0,0,0,0,0,0,393.8115731569483,664.116038295157,0,0,0,93.3262912389524,0,0,0,213.99994706775533,0,0,345.00442158620774,0,0,0,0,0,0,0,0,0,0,0,0,0,0,0,0,0,0,0,1.2616868421805338,0,69.86323720448176,0,1509.9175553937619,129.2157919046218,0,0,0,0,0,0,0,0,0,0,0,0,0,0,0,0,0,0,0,0,0,0,0,0
E-173,59,3403.27032416,470.765264173,0.0868404473045,0.0250084942785,923.489145915,43.4043974997,11.745737173043931,4.690728666695766,1955.4760393603938,0,281.85618217681537,0,0,0,10.51722162855284,92.36707941541536,0,0,0,0,0,0,0,0,0,0,0,0,0,0,0,0,0,0,1862.0342835124993,0,466.96374714775254,0,11.218491920782956,0,0,0,0,0,0,0,0,0,0,11.218491920782956,1862.0342835124993,0,0,466.96374714775254,0,0,0,0,0,0,0,0,0,0,0,0,0,0,23.580561576543815,792.7710591908386,994.3107923845581,0,0,0,24.32462521052984,0,0,0,318.46375221861825,0,0,133.97957883499112,0,52.786153165107386,0,0,0,0,0,0,0,0,0,0,0,0,0,0,0,0,0,0,0,447.62707948607374,0,1883.186263575739,9.403179519361165,0,0,0,0,0,0,0,0,0,0,0,0,0,0,0,0,0,0,0,0,0,0,0,0
E-167,60,3692.24560064,522.53909884,0.152160649571,0.0333870296518,938.659612319,21.6347167374,11.121158522557447,5.874003317674798,1928.5434986117234,0,0,0,0,0,0,0,0,0,0,0,0,0,0,0,0,0,0,0,0,0,0,0,0,0,1777.12179646567,0,151.42170214592875,0,0,0,0,0,0,0,0,0,0,0,0,0,1777.12179646567,0,0,151.42170214592875,0,0,0,0,0,0,0,0,0,0,0,0,0,0,0,432.71737406028586,879.8135776932672,0,0,0,0,0,0,0,288.3287153635302,0,111.76027609252918,0,0,215.92355540200523,0,0,0,0,0,0,0,0,0,0,0,0,0,0,0,0,0,0,0,143.05071387563402,0,1785.4927847360004,0,0,0,0,0,0,0,0,0,0,0,0,0,0,0,0,0,0,0,0,0,0,0,0,0
E-153,61,2710.40418261,371.471654473,0.105069273648,0.0846822918857,681.221089681,44.3315765148,5.882305471648186,3.119321708254865,1031.239176066029,0,1275.804349610622,46.77422623267623,0,0,137.74545122691782,0,0,0,0,0,0,0,0,0,0,0,0,0,0,0,0,0,0,775.2149573807455,0,1716.348245755529,0,0,0,0,0,0,0,0,0,0,0,0,0,2332.1511965034233,0,0,0,159.4120066328513,0,0,0,0,0,0,0,0,0,0,0,0,0,523.2212452584881,0,0,645.5820706561377,71.63550493751283,0,193.34759980719912,0,106.15043793020735,556.0512927552999,219.54238391066787,0,0,0,176.03266788064508,0,0,0,0,0,0,0,0,0,0,0,0,0,0,0,0,0,0,746.432542476163,0,1745.1306606600615,0,0,0,0,0,0,0,0,0,0,0,0,0,0,0,0,0,0,0,0,0,0,0,0,0,0,0,0
P-026,62,2112.46578952,459.069537384,0.0386603317124,0.0352488367657,1005.17116128,48.7173079325,3.6296579448711936,4.500882894480739,32.902795036707424,0,0,0,607.539720233424,0,1783.2571361450364,0,0,0,0,0,0,0,0,0,0,0,0,0,0,0,0,0,0,0,782.9887672196994,0,0.036128744866431924,0,1640.6747554498775,0,0,0,0,0,0,0,0,0,0,0,308.53087306614805,0,0,1640.7108841947438,0,0,474.4578941535514,0,0,0,0,0,0,0,0,0,0,0,0,11.9001694563935,77.420160594621,183.27336817401778,39.642231176841214,0,0,0,0,0,1.2674225127906527,0,0,2100.2812927340287,0,9.915006766217783,0,0,0,0,0,0,0,0,0,0,0,0,0,0,0,0,0,455.20198950380046,0,0.5535890950849105,0,316.4947580585235,0,1651.449314757175,0,0,0,0,0,0,0,0,0,0,0,0,0,0,0,0,0,0,0,0,0,0,0
E-182,63,2976.17036952,297.288918081,0.063799617812,0.0191458788038,1043.53590809,14.6047302949,8.998148336744693,3.3043331653887353,0,0,0,0,383.4833967616024,0,0,53.00197345419964,353.3053981926015,0,0,0,0,0,0,0,0,0,0,0,0,0,0,0,368.97792350907997,0,420.8128448992613,0,0,0,0,0,0,0,0,0,0,0,0,0,0,0,420.8128448992613,0,0,0,0,0,0,368.97792350907997,0,0,0,0,0,0,0,0,0,0,0,89.23132386595114,478.30223693780334,0,0.6948048008223958,0,47.460614200634986,0,152.80046822798192,0,0,0,0,21.301320375189434,0,0,0,0,0,0,0,0,0,0,0,0,0,0,0,0,0,339.5563692582566,0,450.23439915004997,0,0,0,0,0,0,0,0,0,0,0,0,0,0,0,0,0,0,0,0,0,0,0,0,0,0,0,0,0
E-181,64,3430.51185427,666.97323907,0.0756439031853,0.022812130153,1030.73709599,16.1301796657,10.671639234863328,5.650956238096928,206.36247756741977,0,0,0,717.5081952152144,0,0,179.5644949406225,55.33999808461494,0,0,0,0,0,0,0,0,0,0,0,0,0,0,0,262.4791028002251,0,751.3820241887095,0,144.9140388189378,0,0,0,0,0,0,0,0,0,0,0,0,0,751.3820241887095,0,0,144.9140388189378,0,0,0,262.4791028002251,0,0,0,0,0,0,0,0,0,0,14.655366957742734,122.83700352895386,494.4538697845029,0,2.919255646838278,0,0,0,135.66561913465264,0,23.736672350237345,0,0,56.52591504125892,0,307.9814633636685,0,0,0,0,0,0,0,0,0,0,0,0,0,0,0,238.0106901723052,0,544.6528289179663,0,77.52505996618744,0,298.5865867514076,0,0,0,0,0,0,0,0,0,0,0,0,0,0,0,0,0,0,0,0,0,0,0,0,0
P-031,65,2526.31577145,378.545194692,0.108991586949,0.0186061340127,1014.35136719,29.6889904116,6.770319385612804,3.253717077107909,791.483049165511,0,0,0,0,0,399.4339883346694,0,0,0,0,0,0,0,0,0,0,0,0,0,0,0,0,0,0,0,735.3129957789629,0,0,0,455.6040417213673,0,0,0,0,0,0,0,0,0,0,316.69724651518914,418.6157492637738,0,0,455.6040417213673,0,0,0,0,0,0,0,0,0,0,0,0,0,14.125207420856693,0,0.18781294761765321,79.46941826327756,0,0,0.668932153039781,0,0,395.6491217221244,0,0,0,0,687.7789465683089,13.037598425068166,0,0,0,0,0,0,0,0,0,0,0,0,0,0,0,0,0,0,704.7337230760868,0,0,0,11.961131536033434,0,474.22218288816384,0,0,0,0,0,0,0,0,0,0,0,0,0,0,0,0,0,0,0,0,0,0,0
P-033,66,3127.86064105,890.546295931,0.109483579955,0.0141956542506,1030.04237264,26.8739837663,10.985401284076111,7.015870188769314,797.8769600816479,0,0,0,112.2116393732134,0,0,0,0,0,0,0,0,0,0,0,0,0,0,0,0,0,0,0,0,517.4665224929546,200.6479468487439,0,186.022377857398,0,5.95175225590778,0,0,0,0,0,0,0,0,0,0,0,200.6479468487439,0,178.78040204828258,191.9741301133058,0,0,0,338.686120444672,0,0,0,0,0,0,0,0,0,28.137636572001107,0,10.777732860413023,152.05092676179615,0,0,29.587801862666367,0,0,43.10094307854763,0,100.11608881948135,0,0,406.9387103859706,0,139.37875911393067,0,0,0,0,0,0,0,0,0,0,0,0,0,0,0,0,0,46.454855156312384,0,340.8983805241098,519.9140034557149,0,0,2.821360318827207,0,0,0,0,0,0,0,0,0,0,0,0,0,0,0,0,0,0,0,0,0,0,0
P-023,67,2771.68528885,372.177609216,0.0515905238541,0.0232091967869,1107.33417087,31.5461407755,6.888435421508456,4.662195455463381,298.7168383122176,0,0,0,1452.3374325694886,0,0,0,94.26417535285586,0,0,0,0,0,0,0,0,0,0,0,0,0,0,0,0,0,1705.3979561409906,0,139.92049009346616,0,0,0,0,0,0,0,0,0,0,0,0,0,368.59471427290083,0,0,139.92049009346616,0,1024.9166330198952,311.88660884819444,0,0,0,0,0,0,0,0,0,0,0,0,0,721.8241737421612,0,612.8075907604375,0,0,0,74.20652990881142,0,49.60737779441891,0,0,372.2264459228805,7.928402076890183,6.717926028921339,0,0,0,0,0,0,0,0,0,0,0,0,0,0,0,0,0,1330.0065100842892,0,144.61120882640577,0,370.70072732387735,0,0,0,0,0,0,0,0,0,0,0,0,0,0,0,0,0,0,0,0,0,0,0,0,0
P-024,68,2899.12600369,728.910049159,0.0565080127141,0.0292564707242,1056.99920761,43.9869119914,10.004753589809834,7.907000027965659,174.63202418272527,0,0,0,1651.1481370805186,0,650.4011726893486,0,0,0,0,0,0,0,0,0,0,0,0,0,0,0,0,0,0,0,1912.6411693760497,0,103.7638896911315,0,459.7762748851102,0,0,0,0,0,0,0,0,0,0,0,1006.96278999902,0,0,563.5401645762416,0,246.80496344513597,658.8734159318939,0,0,0,0,0,0,0,0,0,0,0,0,202.14403939941337,626.5843094571167,86.28183732357259,192.76045323927508,0.328737947874033,0,0,244.2892649880889,0,151.63795848940552,0,0,811.2317632848875,0,160.92296982269818,0,0,0,0,0,0,0,0,0,0,0,0,0,0,0,0,0,884.5537653173837,0,106.64463451952282,0,1007.0449970151911,0,477.93793710005696,0,0,0,0,0,0,0,0,0,0,0,0,0,0,0,0,0,0,0,0,0,0,0
P-028,69,3062.08450881,765.434577897,0.0913775320001,0.0089788183394,1040.06405101,39.0601879323,12.244158665824159,8.109879653304287,488.434300497177,0,0,0,558.4955609532142,0,36.455237667980946,0,0,0,0,0,0,0,0,0,0,0,0,0,0,0,0,0,0,0,931.7829750446217,0,99.38959931507617,0,52.212524758713485,0,0,0,0,0,0,0,0,0,0,44.92773532270875,497.715601972935,0,0,151.60212407378964,0,0,389.1396377489778,0,0,0,0,0,0,0,0,0,0,0,0,85.50728040676277,203.83180313034487,81.04255165559431,0,41.14482359075375,0,0,12.127910735261851,0,94.00382450179482,0,0,400.0948652988444,65.30992472774567,100.3221150714109,0,0,0,0,0,0,0,0,0,0,0,0,0,0,0,0,0,644.0820665151881,0,208.45527859087903,0,179.19677068407026,0,51.650983328423486,0,0,0,0,0,0,0,0,0,0,0,0,0,0,0,0,0,0,0,0,0,0,0
P-029,70,2882.8939527000002,621.547059656,0.0975357564787,0.00911630257127,1032.77758789,34.223215508,10.587584287662033,6.392878761195475,739.0201315413193,0,0,0,91.93419276736961,0,20.254745949471314,0,0,0,0,0,0,0,0,0,0,0,0,0,0,0,0,0,0,0,786.7294294477135,0,39.41330439205308,0,25.06633641841797,0,0,0,0,0,0,0,0,0,0,238.13411380003933,430.1349750602914,0,0,64.47964081047104,0,0,118.46034058738265,0,0,0,0,0,0,0,0,0,0,0,0,37.45653283719995,100.78952718419464,70.15288994653042,0,60.21183072345015,0,0,67.67366409082098,0,41.295765353356934,0,0,228.12349554414294,207.22635697355392,38.279007605210836,0,0,0,0,0,0,0,0,0,0,0,0,0,0,0,0,0,683.5141920658436,0,76.8775985130015,0,69.0437357090165,0,21.773543970487392,0,0,0,0,0,0,0,0,0,0,0,0,0,0,0,0,0,0,0,0,0,0,0
P-035,71,3421.348942,479.178678007,0.0919342518405,0.00670844937633,1056.58240723,7.02921982781,12.305861855658438,5.967788153866016,587.1735861144465,0,0,0,622.6787737892286,112.57288005860516,0,0,0,0,0,0,0,0,0,0,0,0,0,0,0,0,0,0,0,0,999.9447858439833,105.43627799383096,217.04417612448418,0,0,0,0,0,0,0,0,0,0,0,0,0,999.9447858439833,0,0,322.48045411831515,0,0,0,0,0,0,0,0,0,0,0,0,0,7.26054422674911,97.47762389064067,80.27065801619824,811.7621924568768,0,0,0,41.35990248927606,0,0.5348960160182208,0,157.73926495649314,0,0,17.24085019609033,0,108.77930771388343,0,0,0,0,0,0,0,0,0,0,0,0,0,0,0,0,0,424.3303720664696,91.6309376642567,636.8821917006433,6.42328994938807,163.1584485814935,0,0,0,0,0,0,0,0,0,0,0,0,0,0,0,0,0,0,0,0,0,0,0,0,0
P-034,72,2950.65658252,236.029393705,0.101498168427,0.00784698928423,1054.67812729,12.8958994216,8.746666718479375,2.633666155670559,582.8652711241929,0,0,0,4.531858963284519e-4,68.670857228719,0,0,0,0,0,0,0,0,0,0,0,0,0,0,0,0,0,0,0,72.32848759131616,501.3804825738714,77.82761137372933,0,0,0,0,0,0,0,0,0,0,0,0,0,0,501.3804825738714,0,0,77.82761137372933,0,0,0,72.32848759131616,0,0,0,0,0,0,0,0,0,3.857227006319321,3.7563612939890696,16.085035707565453,277.8305832813031,0,0,0,0,0,120.4823830730442,0,0.8055770583430487,0,0,228.71941411831557,0,0,0,0,0,0,0,0,0,0,0,0,0,0,0,0,0,0,0,397.46064870141714,26.43945644950329,100.11362838283374,127.52284800513593,0,0,0,0,0,0,0,0,0,0,0,0,0,0,0,0,0,0,0,0,0,0,0,0,0,0
P-032,73,2513.23931653,694.918747137,0.085869272236,0.0396341321477,1002.03139519,40.0112735879,6.701767406599678,5.894503380849129,2071.2652598787718,0,0,0,133.2020387850255,0,1110.8927650880535,0,0,0,0,0,0,0,0,0,0,0,0,0,0,0,0,0,0,1429.42653304284,634.1000613489268,0,166.92252303800964,0,1084.9109463224254,0,0,0,0,0,0,0,0,0,0,63.10193224873961,570.9981291001873,0,554.3193595517902,1337.7809679260454,0,0,0,789.1596749254394,0,0,0,0,0,0,0,0,0,36.314073798584744,0,99.4309838986204,384.5808413708851,0,0,27.696309493602605,0,0,226.98483898645105,0,69.38106391494183,0,0,2322.652126816243,0,148.31982547232292,0,0,0,0,0,0,0,0,0,0,0,0,0,0,0,0,0,539.00305505511,0,312.71171911564477,1171.4615260951966,68.0933340798642,0,1224.0904294065974,0,0,0,0,0,0,0,0,0,0,0,0,0,0,0,0,0,0,0,0,0,0,0
E-152,74,2487.12824862,181.799269221,0.0583117379468,0.049715404639,648.8345004,33.9418868153,3.810894976851599,2.9231143439533804,116.80753724562535,0,619.0141322213705,0,0,0,132.71349041613507,0,0,0,0,0,0,0,0,0,0,0,0,0,0,0,0,0,0,0.8792366881398832,0,867.6559231949925,0,0,0,0,0,0,0,0,0,0,0,0,0,600.6289393891752,0,0,0,267.90622049395716,0,0,0,0,0,0,0,0,0,0,0,0,0,481.856903872998,0,0,81.21594468473151,0,14.646073456472127,8.515478009011376,0,65.13324226623924,13.94954270028998,162.75427707787696,0,0,0,40.46369781563654,0,0,0,0,0,0,0,0,0,0,0,0,0,0,0,0,0,0,0.0016327045907024726,0,868.5335271785457,0,0,0,0,0,0,0,0,0,0,0,0,0,0,0,0,0,0,0,0,0,0,0,0,0,0,0,0
M-009,75,2806.12063064,273.702271437,0.0969609441236,0.0352582694069,906.673941979,37.1759941634,6.932770444969338,4.71410588218829,1399.3140070589056,0,0,10.197520583800747,38.77730508536545,0,0,859.5397585209346,0,147.62103261558426,0,0,0,0,0,0,0,0,0,0,0,0,0,0,1400.7085791940417,0,0,89.81024980802495,248.7175414545917,716.2132538413493,0,0,0,0,0,0,0,0,0,0,0,0,206.76401410697244,0,89.81024980802495,0,716.2132538413493,0,0,1442.6621065416612,0,0,0,0,0,0,0,0,0,510.739071628829,0,656.3674753056398,398.7264292277032,0,0,856.2884218138233,33.32822588876285,0,0,0,0,0,0,0,0,0,0,0,0,0,0,0,0,0,0,0,0,0,0,0,0,1204.1771575927535,0,0,0,365.2872276893206,0,0,0,0,190.86562748948802,330.43601714276474,364.68359395036396,0,0,0,0,0,0,0,0,0,0,0,0,0,0,0,0,0,0,0,0
P-005,76,2922.78556091,120.293793417,0.138372826835,0.0122553923456,891.031167735,10.7773361691,4.709803893797122,2.2411288323441974,212.04107466308253,1035.6514988880986,0,0,0,0,39.159627671361704,0,0,0,0,0,0,0,0,0,0,0,0,0,0,0,0,0,29.35630956955827,1257.4958916529527,0,0,0,0,0,0,0,0,0,0,0,0,0,0,0,953.5147868662202,0,333.33741435629054,0,0,0,0,0,0,0,0,0,0,0,0,0,0,0,374.1120845655589,0,4.055080474968233,169.68175501635596,705.8445981070005,0,0,0,0,0,0,0,0,33.15868305859942,0,0,0,0,0,0,0,0,0,0,0,0,0,0,0,0,0,0,15.997891030834452,1270.8543101916903,0,0,0,0,0,0,0,0,0,0,0,0,0,0,0,0,0,0,0,0,0,0,0,0,0,0,0,0,0,0
P-004,77,2914.63037731,119.256182787,0.146564151347,0.00851673746984,885.298495483,13.1216413162,4.825098804849312,1.701088415150715,433.0307650854268,389.7103739897041,0,0,0,0,0,0,0,0,0,0,0,0,0,0,0,0,0,0,0,0,0,0,279.7116765762437,543.0294624988605,0,0,0,0,0,0,0,0,0,0,0,0,0,0,0,420.53328827362304,0,402.2078508014812,0,0,0,0,0,0,0,0,0,0,0,0,0,0,0,351.34226393042496,0,0,205.60286330515217,242.90332721221438,0,22.892684627316598,0,0,0,0,0,0,0,0,0,0,0,0,0,0,0,0,0,0,0,0,0,0,0,0,0,310.8621560850905,511.8789829901096,0,0,0,0,0,0,0,0,0,0,0,0,0,0,0,0,0,0,0,0,0,0,0,0,0,0,0,0,0,0
P-037,78,2911.79586426,225.209175542,0.0934350566769,0.0163259542443,905.196633982,8.25146073764,4.378252468128886,2.096285080899767,1327.987158748999,713.0555288543568,0,0,0,0,0,0,0,0,0,0,0,0,0,0,0,0,0,0,0,0,0,0,1123.2013420705753,909.7913624760454,8.049983056679508,0,0,0,0,0,0,0,0,0,0,0,0,0,0,150.18726269668707,1123.2013420705753,767.6540828360378,0,0,0,0,0,0,0,0,0,0,0,0,0,0,0,696.2974864378482,0,6.903307761816532,161.58581995688257,859.0655576003019,22.057033708641526,53.06037511214794,0,0,0,0,0,242.07310702558954,0,0,0,0,0,0,0,0,0,0,0,0,0,0,0,0,0,0,0,1115.2415348466445,922.4383762398687,3.362776516765064,0,0,0,0,0,0,0,0,0,0,0,0,0,0,0,0,0,0,0,0,0,0,0,0,0,0,0,0,0
P-003,79,2778.95549041,142.505364086,0.140389286336,0.00782666174114,896.432809012,15.7927512034,3.9237598249777674,2.3340216273829113,118.61228249768592,808.3756967098466,0,0,0,0,0,0,0,0,0,0,0,0,0,0,0,0,0,0,0,0,0,0,119.38408580897271,807.6038933986179,0,0,0,0,0,0,0,0,0,0,0,0,0,0,0,119.38408580897271,0,807.6038933986179,0,0,0,0,0,0,0,0,0,0,0,0,0,0,0,453.6397782424679,0,0,24.22025145148959,306.5382367933562,0,22.95046870472657,31.28346382222239,0,0,88.3557801932664,0,0,0,0,0,0,0,0,0,0,0,0,0,0,0,0,0,0,0,0,0,109.63080266012607,817.3571765474322,0,0,0,0,0,0,0,0,0,0,0,0,0,0,0,0,0,0,0,0,0,0,0,0,0,0,0,0,0,0
P-016,80,3052.06455709,514.09953492,0.0297565819725,0.0235165357823,1182.87190658,147.349522732,6.608666649093631,4.943431654947318,1048.9700094091452,2061.773161866783,0,0,0,0,224.11474458024415,0,0,0,0,0,0,0,0,0,0,0,0,0,0,0,0,0,0,0,3082.0087289140897,0,252.8491869419575,0,0,0,0,0,0,0,0,0,0,0,0,1918.7031917585855,1128.5882879461683,0,0,252.8491869419575,0,34.71724920933579,0,0,0,0,0,0,0,0,0,0,0,1273.55527567187,135.56036530388195,195.0774374842695,789.8268875449718,629.4300119255631,0,96.04392811318195,0,0,69.69289917852207,0,140.79288127345382,0,2.65569860341761,0,0,2.2225307571002113,0,0,0,0,0,0,0,0,0,0,0,0,0,0,0,0,0,1962.7644832104907,0,269.53591345488917,0,1102.5575191907744,0,0,0,0,0,0,0,0,0,0,0,0,0,0,0,0,0,0,0,0,0,0,0,0,0
P-011,81,2939.40636182,439.071213536,0.0484004569908,0.0429753826144,960.903892185,50.9635211738,7.166406543262553,4.330882319807626,1239.8073394994694,920.0087648092428,0,0,0,0,80.2649229785175,0,0,0,0,0,0,0,0,0,0,0,0,0,0,0,0,0,0,370.5263434321856,1453.8046641838932,101.35460614218944,0,0,314.39541352900636,0,0,0,0,0,0,0,0,0,0,101.35460614218944,1453.8046641838932,0,314.39541352900636,370.5263434321856,0,0,0,0,0,0,0,0,0,0,0,0,0,917.5016326068837,0,0,1234.2940542067329,70.3659237988401,0,0.01056117305271894,0,0,0,0,12.335494355268782,0,0,5.57336114648008,0,0,0,0,0,0,0,0,0,0,0,0,0,0,0,0,0,0,391.8725816727064,0,97.09127029855621,0,0,1433.7756917697504,0,317.3414835462607,0,0,0,0,0,0,0,0,0,0,0,0,0,0,0,0,0,0,0,0,0,0,0
P-027,82,2197.51769455,403.274772805,0.0545092079642,0.0328870604722,1004.89777629,43.854510641,3.829562753082541,3.210070228369751,22.244131318843444,0,0,0,694.6306023264949,0,1071.438698588177,0,0,0,164.83062383716012,0,0,0,0,0,0,0,0,0,0,0,0,0,0,0,769.2143851319544,0,0,0,1183.9296709385876,0,0,0,0,0,0,0,0,0,0,0,235.4204900307608,0,0,1183.9296709385876,0,0,533.7938951011936,0,0,0,0,0,0,0,0,0,0,0,0,10.355585642444966,84.36557762435389,97.1318698907224,109.91525262320332,45.433872514766506,0,0,0,0,0.06009202467750313,0,0,1570.827304486226,33.15942032678427,1.8950809376441877,0,0,0,0,0,0,0,0,0,0,0,0,0,0,0,0,0,629.593941152621,0,0.22661029256303727,0,143.67412946823003,0,1179.6493751570772,0,0,0,0,0,0,0,0,0,0,0,0,0,0,0,0,0,0,0,0,0,0,0
E-154,83,3022.24834791,422.728930977,0.143939999886,0.0890704637045,742.336313717,78.0260165537,5.779541580064815,3.5899370773500907,2344.7010465278217,0,783.4394837745197,0,0,0,28.392093314442253,0,0,0,0,0,0,0,0,0,0,0,0,0,0,0,0,0,11.650139694779183,1914.1926495890175,0,1230.6898343329892,0,0,0,0,0,0,0,0,0,0,0,0,0,3005.2785208498776,91.9027380370642,0,0,59.351364729844036,0,0,0,0,0,0,0,0,0,0,0,0,0,0,0,0,1705.990472580812,62.623246521091836,0,104.56060112151505,88.38615294154792,0,186.2922088227629,151.74592378234132,0,0,0,856.9340178468141,0,0,0,0,0,0,0,0,0,0,0,0,0,0,0,0,0,4.0748977316533335,1870.8450213858482,0,1188.885501626823,0,92.7272028723453,0,0,0,0,0,0,0,0,0,0,0,0,0,0,0,0,0,0,0,0,0,0,0,0,0,0
P-025,84,2336.4950102,769.177568464,0.0429898418119,0.0362316494479,1013.8810528,49.4483186234,5.59389433247735,7.165258320594567,127.00420623763395,0,0,0,939.9842781607349,0,1665.3873082863302,0,0,0,0,0,0,0,0,0,0,0,0,0,0,0,0,0,0,0,1160.7404167231734,0,137.9963477176612,0,1433.6390282438874,0,0,0,0,0,0,0,0,0,0,0,377.88689719512433,0,0,1571.6353759615486,0,0,782.853519528049,0,0,0,0,0,0,0,0,0,0,0,0,34.765895120988496,119.56701496645535,118.88785631586126,27.969233960740688,0,0,0,4.3443767539764755,0,44.48035709676699,0,0,2202.8986689141866,0,179.46238955549893,0,0,0,0,0,0,0,0,0,0,0,0,0,0,0,0,0,749.4818352341086,0,141.3212236847656,0,366.2037363538697,0,1475.3579421276688,0,0,0,0.011055284426176924,0,0,0,0,0,0,0,0,0,0,0,0,0,0,0,0,0,0,0
E-149,85,2749.62681412,432.419996579,0.117016374599,0.104794330655,638.167764837,37.8936745836,5.5000794341014005,4.302398406310484,821.9733342409334,0,696.0277989285989,0,420.0629541928011,0,107.8091441684913,0,0,0,0,0,0,0,0,0,0,0,0,0,0,0,0,0,0,687.5334764223164,19.651855142430783,1338.6878999661335,0,0,0,0,0,0,0,0,0,0,0,0,0,1290.9263314645268,117.51252196803054,0,0,637.4343780983232,0,0,0,0,0,0,0,0,0,0,0,0,0,1181.113147184972,0,331.8947747746913,179.76557077597442,0,117.01834961592151,8.415087852394857,12.115095819819661,0,0,215.400065219033,0,0,0.15114028801871807,0,0,0,0,0,0,0,0,0,0,0,0,0,0,0,0,0,0,0,584.752327625805,22.61341576528399,1339.4173710606506,0,99.090117079219,0,0,0,0,0,0,0,0,0,0,0,0,0,0,0,0,0,0,0,0,0,0,0,0,0,0
E-003,86,2547.35320459,157.893023664,0.081637391746,0.0121625419125,938.565349121,12.2582044744,6.616131544259906,3.8943077600430605,992.9183404303174,0,0,0,0,0,0,0,0,60.608750408261564,0,498.74237214599367,0,0,0,0,0,0,0,0,0,0,0,0,0,0,0,1549.1010574434085,0,0,0,3.168405541150249,0,0,0,0,0,0,0,0,0,0,602.2604024357761,569.9517173092343,3.168405541150249,0,0,0,0,376.8889376983981,0,0,0,0,0,0,0,0,0,247.5786078275015,0,0,0,0,229.1907508266159,0,858.8170095788869,0,0,0,0,0,216.68309475154166,0,0,0,0,0,0,0,0,0,0,0,0,0,0,0,0,0,0,0,0,0,1111.6580246967103,0,0,0,0,0,0,438.6672724787768,0,0,1.9441658089890546,0,0,0,0,0,0,0,0,0,0,0,0,0,0,0,0,0,0
E-002,87,2683.27319915,109.336638383,0.075758734908,0.011771798408,932.532429598,8.45777046505,4.385533997479596,2.9944583612091757,1357.0761490365137,0,0,0,0,0,0,0,0,1571.7819691798688,0,0,29.547429423317816,0,0,0,0,0,0,0,0,0,0,0,91.98896542882343,0,0,1355.7278146140768,0,35.946704038333,0,574.0461275609255,900.695935997383,0,0,0,0,0,0,0,0,0,0.4710146020435138,121.53111206100057,666.0350929897489,0,35.946704038333,0,0,1233.7256879510328,900.695935997383,0,0,0,0,0,0,0,0,741.1534149424217,0,0,0,0,250.03603023454846,0,206.03344146142226,0,0,0,0,0,895.8112004038844,834.6320083182306,0,0,0,30.73945227931955,0,0,0,0,0,0,0,0,0,0,0,0,0,0,0,0,107.23056022110217,0,0,0,0,0,66.56793667457802,1167.1785547853156,21.895056641764995,0,590.5437204989753,1004.9897188180112,0,0,0,0,0,0,0,0,0,0,0,0,0,0,0,0,0
E-006,88,2684.53122219,163.97159718,0.0833191499114,0.00693706045509,945.380697632,9.38601379049,6.112899131756894,3.138260075826241,784.4610601354868,0,0,0,0,0,0,0,0,248.9177757889668,0,9.923320886035198,0,0,0,0,0,0,0,0,0,0,0,0,404.9523245338528,0,0,271.2163264946312,0,0,0,367.1335057819525,0,0,0,0,0,0,0,0,0,0,8.523973596974045,87.42406880966337,772.0858303158053,0,0,0,0,175.2682840879938,0,0,0,0,0,0,0,0,0,284.48883951185906,0,0,0,0,212.90626402983196,0,49.56055099611029,0,0,0,0,0,424.2316119619719,72.11489031066638,0,0,0,0,0,0,0,0,0,0,0,0,0,0,0,0,0,0,0,0,102.45183491122611,0,0,0,0,0,398.288597708085,190.2073000229974,0,0,352.354424168139,0,0,0,0,0,0,0,0,0,0,0,0,0,0,0,0,0,0
E-004,89,2467.92796027,77.1705051261,0.0660120870452,0.00769168268993,964.769374847,8.49963655431,3.262109345967127,2.257541127125294,26.844140293921175,0,0,0,0,0,0,0,0,252.55017849140694,0,395.97102777110183,0,0,0,0,0,0,0,0,0,0,0,0,53.63243073393519,0,0,367.76579537171716,0,0,0,253.96712045082734,0,0,0,0,0,0,0,0,0,0,367.76579537171716,0,307.5995511847625,0,0,0,0,0,0,0,0,0,0,0,0,0,0,23.236020009225154,64.15489281579818,0,0,3.093310707079972,256.21702803045775,0,328.6640949938476,0,0,0,0,0,0,0,0,0,0,0,0,0,0,0,0,0,0,0,0,0,0,0,0,0,0,0,351.3401480105686,0,0,0,0,0,62.85229968978132,0,0,0,261.17289885612684,0,0,0,0,0,0,0,0,0,0,0,0,0,0,0,0,0,0
E-005,90,2645.54776363,143.584682704,0.0767632861932,0.00533724806034,958.479931641,6.46303851851,6.832249989937709,3.800199720065928,319.25173113201,0,0,0,0,0,0,0,0,200.53214998662884,0,92.04278620128727,0,0,0,0,0,0,0,0,0,0,0,0,353.24295580523614,0,0,9.271784022281691,0,0,0,249.31192749245577,0,0,0,0,0,0,0,0,0,0,9.271784022281691,0,602.554883297692,0,0,0,0,0,0,0,0,0,0,0,0,0,0,3.9788800129864796,142.0199670763894,0,0,86.9345992662603,254.92098432048434,0,27.560423429735035,0,0,0,0,0,96.41181321410441,0,0,0,0,0,0,0,0,0,0,0,0,0,0,0,0,0,0,0,0,0,5.29851044796221,0,0,0,0,0,360.50145912495765,0,0,0,246.02669774705586,0,0,0,0,0,0,0,0,0,0,0,0,0,0,0,0,0,0
E-007,91,2864.53506672,109.141759173,0.0607876766692,0.0100045641311,914.350937787,30.8581864047,5.053782197945556,2.191680174213921,731.1131114503062,0,0,0,0,0,26.011934157400795,0,0,0,0,0,0,0,0,0,0,0,0,0,0,0,0,0,671.2416231060303,0,0,85.88342250167112,0,0,0,0,0,0,0,0,0,0,0,0,0,0,0,85.88342250167112,671.2416231060303,0,0,0,0,0,0,0,0,0,0,0,0,0,0,39.026040056704694,165.43698071318852,0,0,259.6643055769196,0,0,0,0,0,0,0,0,292.99771926089807,0,0,0,0,0,0,0,0,0,0,0,0,0,0,0,0,0,0,0,0,0,111.63814272339734,0,0,0,0,0,645.4869028842843,0,0,0,0,0,0,0,0,0,0,0,0,0,0,0,0,0,0,0,0,0,0
E-008,92,2761.40524202,128.192086477,0.0715077673907,0.00785893585609,972.143181296,25.0245340277,5.877452940168437,2.525869779157066,1962.2610862155807,0,2.62367302797762,0,0,0,0,0,0,110.48272184481883,0,0,0,0,0,0,0,0,0,0,0,0,0,0,2058.7850229538703,0,0,13.910193051039206,0,0,0,2.6722650834079276,0,0,0,0,0,0,0,0,0,0,13.910193051039206,0,1854.7144351945467,0,0,0,0,0,0,206.74285284273165,0,0,0,0,0,0,0,717.8030470992851,272.94054022350923,0,0,904.5729677892266,27.26267026938701,0,0,0,0,0,0,0,152.78825570692698,0,0,0,0,0,0,0,0,0,0,0,0,0,0,0,0,0,0,0,0,0,6.10402923877577,0,0,0,0,0,2034.0409202881706,0,0,0,0.24728061135685175,0,34.97525094997404,0,0,0,0,0,0,0,0,0,0,0,0,0,0,0,0
E-010,93,2428.56998045,94.9458918089,0.0238373292462,0.0123292367165,927.326000679,57.9044762568,1.9735171353099106,0.781532409450817,0,0,0,0,0,0,0,0,0,2141.950412067648,0,0,0,0,0,0,0,0,0,0,0,0,0,0,0,0,0,1678.0119732281696,0,11.68747694798779,0,452.25096189161684,0,0,0,0,0,0,0,0,0,0,1678.0119732281696,0,448.6581407801743,0,11.68747694798779,0,0,3.5928211114425497,0,0,0,0,0,0,0,0,0,144.44589007187682,110.55328560260938,0,0,231.2508814062643,795.4257738666955,0,850.1614640260827,0,0,0,0,0,0,0,0,0,0,10.113117094184634,0,0,0,0,0,0,0,0,0,0,0,0,0,0,0,0,1743.0037304286022,0,0,0,0,0,0,0,18.314307329841554,0,380.6323743090406,0,0,0,0,0,0,0,0,0,0,0,0,0,0,0,0,0,0
E-001,94,2724.75224339,105.058276413,0.0516361651877,0.0185107148971,900.518399423,34.1814845509,4.270444252983437,2.9879563526937285,1811.9282528376823,0,8.728197568015311,0,0,0,277.3227603910205,0,0,906.8692175316066,0,0,0,1.371870087794939,0,0,0,0,0,0,0,0,0,0,1046.4640523634853,0,0,945.990972896577,0,22.036129940454174,0,591.335679015172,400.3934642004487,0,0,0,0,0,0,0,0,0,0,683.1299867680805,1138.3564661297032,0,22.036129940454174,499.4432652489541,0,154.3641992737236,400.3934642004487,108.49678685477285,0,0,0,0,0,0,0,726.8534783865804,258.66538939123114,0,0,460.2086181818561,334.2476745934472,0,66.27002256788587,0,0,0,0,0,483.77403437478836,619.203248709697,34.43644498649865,0,0,22.561387224165586,0,0,0,0,0,0,0,0,0,0,0,0,0,0,0,0,711.1780263808207,0,0,0,0,0,951.2718042840679,363.21497909687866,0,0,599.6039730800773,380.9515155742814,0,0,0,0,0,0,0,0,0,0,0,0,0,0,0,0,0
E-011,95,2497.40413173,86.6390549042,0.0134121673101,0.00763643788666,929.960792278,19.0828400056,1.9107768195501282,0.5559262548772627,0,0,0,0,0,0,0,0,0,1345.3823429356055,0,0,0,0,0,0,0,0,0,0,0,0,0,0,0,0,0,336.8742410461753,0,13.736707907409713,0,994.7713939820685,0,0,0,0,0,0,0,0,0,0,336.8742410461753,0,521.2476633502246,0,13.736707907409713,468.26148211039305,0,5.262248521450818,0,0,0,0,0,0,0,0,0,527.1223737650477,0,0,0,151.54032109298242,377.5846017197807,45.16821714695501,243.96682921097565,0,0,0,0,0,0,0,0,0,0,0,0,0,0,0,0,0,0,0,0,0,0,0,0,0,0,0,346.6832818567358,0,0,0,0,0,0,0,0,0,998.6990610788703,0,0,0,0,0,0,0,0,0,0,0,0,0,0,0,0,0,0
E-026,96,2848.55371669,77.7688450318,0.085870475322,0.0139841089559,984.061795044,36.8367564458,3.451251472699304,1.8939245106790663,535.0371882170355,0,401.2157147713245,0,0,0,0,0,0,32.855376608964015,0,0,0,0,0,0,0,0,0,0,0,0,0,0,969.108279597299,0,0,0,0,0,0,0,0,0,0,0,0,0,0,0,0,0,0,0,969.108279597299,0,0,0,0,0,0,0,0,0,0,0,0,0,0,559.1178116865849,241.33044489919638,0,76.55711199620394,44.38374540790406,0,0,0,0,0,0,0,0,0,0,47.71916560745793,0,0,0,0,0,0,0,0,0,0,0,0,0,0,0,0,0,0,0,0,0,0,0,0,0,548.6227889177526,0,0,0,0,0,420.4854906795649,0,0,0,0,0,0,0,0,0,0,0,0,0,0,0,0
E-009,97,2616.39194231,166.713371125,0.0621498898417,0.0159343992429,977.75107666,20.9815818422,3.890086800217027,2.5169612369218846,1095.7148802200725,0,0,0,0,0,0,0,0,1125.3338170710929,0,297.63772112708943,0,0,0,0,0,0,0,0,0,0,0,0,1465.6460331889887,0,0,797.4635525674832,0,0,0,255.57683266164153,0,0,0,0,0,0,0,0,0,0,797.4635525674832,0,1094.9970816728792,0,0,0,0,63.315610918155954,0,562.910173259595,0,0,0,0,0,0,0,890.0900125949922,269.7452222786119,0,69.79008954161141,555.2153888915736,265.7173949574631,0,353.36111357946714,0,0,0,0,0,114.76719657444642,0,0,0,0,0,0,0,0,0,0,0,0,0,0,0,0,0,0,1.0376082260679589,0,0,755.5104313622951,0,0,0,0,0,946.1386292175375,0,0,0,243.15547661649734,0,572.8442729957944,0,0,0,0,0,0,0,0,0,0,0,0,0,0,0,0
E-028,98,2802.45484437,49.1633440227,0.0896007887581,0.0158605073995,900.896638758,29.1253601619,1.831883195361362,1.0818944770336676,30.31561383027168,0,53.0796305641845,0,0,0,0,0,0,639.7863655092589,0,0,0,0,0,0,0,0,0,0,0,0,0,0,418.59307514348677,0,0,91.79699300492317,0,0,0,212.79154175527913,0,0,0,0,0,0,0,0,0,0,0,0,85.67955891663166,0,0,0,0,556.8147825332235,0,80.68726845383387,0,0,0,0,0,0,0,653.7185531456985,0,0,0,17.406458716354457,0,0,0,0,0,0,0,0,0,0,52.05659804168077,0,0,0,0,0,0,0,0,0,0,0,0,0,0,0,0,266.7361051900464,0,0,0,0,0,0,0,0,58.75939628726574,102.35060097127791,0,0,295.3355074551125,0,0,0,0,0,0,0,0,0,0,0,0,0,0,0,0,0,0
E-031,99,2635.3737198,74.9871929747,0.0525497814157,0.0294450389478,864.432994701,32.2043868705,2.422502091033573,1.56080926042169,0,0,3.1921424298931655,0,0,0,55.52386183257547,0,0,1451.539775209053,0,0,0,0,0,0,0,0,0,0,0,0,0,0,7.9117596165137956,0,0,0,0,0,1.2567493440028037,749.1595992611954,0,751.9276712497964,0,0,0,0,0,0,0,0,0,751.9276712497964,749.1595992611954,0,0,0,0,7.9117596165137956,0,0,1.2567493440028037,0,0,0,0,0,0,1430.3541487749226,0,0,0,0,0.9043976236516436,0,0,0,0,0,0,0,0,46.71581095650103,32.28142211642445,0,0,0,0,0,0,0,0,0,0,0,0,0,0,0,0,2.3294311050439465,0,0,0,0,0,0,0,7.171425365834845,0,0,0,0,729.0576291845509,0,0,771.6972938161379,0,0,0,0,0,0,0,0,0,0,0,0,0,0,0
E-025,100,2844.98394525,60.2948691513,0.11859109705,0.0274045179286,994.006962367,19.6430872166,2.2509354538366892,1.21123352444025,105.27259062067007,0,181.67805978338498,0,0,0,0,0,0,957.2895071610532,0,0,0,0,0,0,0,0,0,0,0,0,0,0,1244.2401575650376,0,0,0,0,0,0,0,0,0,0,0,0,0,0,0,0,0,0,0,418.9903118458007,0,0,0,0,824.9429788545347,0,0.3068668647022611,0,0,0,0,0,0,0,568.4292572267418,362.5724905678847,0,52.63236720888778,260.6060425614867,0,0,0,0,0,0,0,0,0,0,0,0,0,0,0,0,0,0,0,0,0,0,0,0,0,0,0,765.406914103766,0,0,0,0,0,0,0,0,18.519059249879344,0,0,0,0,0,460.3141842114289,0,0,0,0,0,0,0,0,0,0,0,0,0,0,0,0
E-029,101,2751.16142573,111.754675789,0.0885767861456,0.0377378115991,897.264898682,34.672286541,2.942881194813342,1.209686125114227,0,0,698.5195075261361,0,0,0,17.395544878131325,0,0,2446.1016066544034,0,0,0,0,0,0,0,0,0,0,0,0,0,0,1134.2968242665495,0,0,0,0,0,141.18770384454123,1528.560363735495,256.2857358156042,101.6860313963595,0,0,0,0,0,0,0,0,0,101.6860313963595,1784.846099551099,0,0,0,0,1134.2968242665495,0,0,141.18770384454123,0,0,0,0,0,0,1185.8439627490206,135.06545515177496,0,0.4109364893773215,294.1797539551916,0,0,145.95038973428007,0,0,0,0,0,0,409.3297164478801,991.2364445310878,0,0,0,0,0,0,0,0,0,0,0,0,0,0,0,0,1087.566612674861,0,0,0,0,0,0,0,183.3588440453323,0,0,0,0,1531.839135201295,0,0,103.61376841326444,255.63829872382308,0,0,0,0,0,0,0,0,0,0,0,0,0,0
E-021,102,2653.63896098,89.6186031847,0.0530294037114,0.0318033111596,960.506081475,30.360890359,2.3667900575011407,0.8996369644510845,0,0,26.08803398083434,0,0,0,0,0,0,1928.5760651478108,0,0,0,0,0,0,0,0,0,0,0,0,0,0,25.16956282319688,0,0,0,0,145.8674925630422,0,1783.6270437424246,0,0,0,0,0,0,0,0,0,0,0,0,0.2068349748712281,0,145.8674925630422,208.88333624748904,0,1599.706435343261,0,0,0,0,0,0,0,0,0,1035.53873532975,67.16974951691513,0,65.01979547338993,0,27.40459096054077,271.44604782103823,0,0,0,0,0,0,0,0,488.0851800270674,0,0,0,0,0,0,0,0,0,0,0,0,0,0,0,0,37.65624210358268,0,0,0,0,0,0,0,0,0,0,0,0,1917.0078570251897,0,0,0,0,0,0,0,0,0,0,0,0,0,0,0,0,0,0
E-027,103,2848.00966604,76.6069548163,0.129568873294,0.032288523364,957.432823444,27.1444841478,2.02950774666765,1.1981303433776078,5.17108595660113,0,528.2962030044694,0,0,0,0,0,0,923.8718173210601,0,0,0,0,0,0,0,0,0,0,0,0,0,0,1377.9851853007458,0,0,79.35392098156781,0,0,0,0,0,0,0,0,0,0,0,0,0,0,0,0,364.8115981647924,0,0,0,0,1092.5275081175212,0,0,0,0,0,0,0,0,0,738.6199894425838,319.6693089644144,0,243.741497348705,137.28978952089116,0,0,0,0,0,0,0,0,0,0,18.018521005678153,0,0,0,0,0,0,0,0,0,0,0,0,0,0,0,0,1032.6437481779674,0,0,0,0,0,0,0,0,143.84891526984103,84.98245759942158,0,0,0,0,195.86398523500966,0,0,0,0,0,0,0,0,0,0,0,0,0,0,0,0
E-020,104,2667.09877042,109.916221099,0.0717690590879,0.0396573586282,976.659646427,41.6004054957,2.3682509933504194,0.9543984471080937,0,0,63.28134716820575,0,0,0,0,0,0,1338.8265557080206,0,0,0,0,0,0,0,0,0,0,0,0,0,0,33.03181492515977,0,0,0,0,0,0,1369.0760879514423,0,0,0,0,0,0,0,0,0,0,0,0,17.717272932455117,0,0,258.88421263681624,0,1125.5064173073308,0,0,0,0,0,0,0,0,0,865.5954007705136,139.8097274921196,0,0,20.269641447701616,36.62811335354992,17.631799921064005,0,0,0,0,0,0,0,0,322.1732198914203,0,0,0,0,0,0,0,0,0,0,0,0,0,0,0,0,28.48577801062615,0,0,0,0,0,0,0,0,0,0,0,0,1373.6221248657066,0,0,0,0,0,0,0,0,0,0,0,0,0,0,0,0,0,0
E-012,105,2498.99158605,155.826044241,0.0380446967002,0.0410855959098,904.240811516,103.390226972,1.7220553229212117,0.8423263272688494,97.84614379242683,0,246.81427955609635,0,0,0,44.94825658524776,0,0,2864.7418095448293,0,0,0,0,0,0,0,0,0,0,0,0,0,0,22.402488437757246,0,0,1037.8788494207722,0,0,0,2194.0691516193956,0,0,0,0,0,0,0,0,0,0,1020.1643044050712,17.714545015701006,273.82298445983173,0,0,581.7493404436683,0,1360.8993151536527,0,0,0,0,0,0,0,0,0,1283.9341020949328,569.0037030694084,0,0,90.51109549787323,670.9927241103132,38.931271611106766,380.62615034913455,0,0,0,0,0,142.90621411945688,5.703374169136114,71.74185445709895,0,0,0,0,0,0,0,0,0,0,0,0,0,0,0,0,17.47795768944196,0,0,997.7874205151729,0,0,0,0,0,0,0,0,0,2239.085111273434,0,0,0,0,0,0,0,0,0,0,0,0,0,0,0,0,0,0
E-024,106,2929.32545458,135.086010637,0.147945639606,0.0384967468022,979.20977079,16.9215014523,3.785237771188696,1.788195487459022,5.689502411323851,0,429.3197810861581,0,0,0,0,0,0,632.1839801868799,0,0,0,0,0,0,0,0,0,0,0,0,0,0,1067.1932636843228,0,0,0,0,0,0,0,0,0,0,0,0,0,0,0,0,0,0,0,0,0,0,0,0,917.2457412301326,0,149.9475224541902,0,0,0,0,0,0,0,305.7913519918439,197.49344089865224,54.815363610206894,155.24284606715065,335.3820129449283,0,0,0,0,0,0,0,0,0,0,18.46824817152448,0,0,0,0,0,0,0,0,0,0,0,0,0,0,0,0,971.908082553862,0,0,0,0,0,0,0,0,0,0,0,0,0,0,95.2851811305288,0,0,0,0,0,0,0,0,0,0,0,0,0,0,0,0
E-014,107,2474.91659045,122.927267328,0.0368347299889,0.0366486171516,851.125605939,85.9036023225,2.607483385161526,2.297943615331388,816.6836092086414,0,236.2191105378492,116.5929726782966,0,0,105.78068271207606,0,0,3127.1638281631263,0,0,0,0,29.95454093085052,0,0,0,0,0,0,0,0,0,394.75657868064144,0,0,2460.624503383762,0,94.3574117124766,0,958.2632345869052,524.3930158731249,0,0,0,0,0,0,0,0,0,497.2700398421938,78.07046773253568,0,0,94.3574117124766,985.3862106178364,0,394.75657868064144,0,2382.5540356512265,0,0,0,0,0,0,0,1819.8901300947475,415.3774446825352,0,0,369.2206061945904,190.595650698091,19.336993041676937,1235.8702593009416,0,0,0,0,0,0,197.47048735195148,0,0,0,94.6904656064934,89.94270725999696,0,0,0,0,0,0,0,0,0,0,0,0,394.3139904385829,0,0,2666.136812169647,0,0,0,0,0,0,0,0,0,941.5067090077481,430.43723261501793,0,0,0,0,0,0,0,0,0,0,0,0,0,0,0,0,0
E-030,108,2581.8321252,49.7479409741,0.0209911224444,0.0158767549442,865.19454558,29.9913374811,1.8010482034447648,1.3394501403645411,431.9509693861438,0,0,0,0,0,501.4453199963648,0,0,1052.487723351037,0,0,0,135.58280061987915,0,0,0,0,0,0,0,0,0,0,0,0,0,304.5925431193279,0,0,637.0663309392422,365.4467037762987,0,814.3612355184974,0,0,0,0,0,0,0,0,0,576.4415345286877,365.4467037762987,0,0,0,0,0,237.91970098980966,304.5925431193279,637.0663309392422,0,0,0,0,0,0,739.6363941008067,0,0,0,0,0,0,115.81043985116844,0,0,0,0,0,0,1157.2095369983097,85.07236168656082,0,0,23.738080716286404,0,0,0,0,0,0,0,0,0,0,0,0,0,0,0,0,0,0,0,0,0,636.9447545089207,0,325.68128793755966,0,0,385.29842541337484,0,0,489.5516194256321,0,283.99072606808744,0,0,0,0,0,0,0,0,0,0,0,0,0
E-033,109,2927.67828755,186.709916984,0.143189226206,0.0387099762215,942.435690073,12.5446369157,6.631096006790625,2.969683323930814,933.6643653714017,0,223.67044888075688,0,0,0,0,0,0,193.84676579476007,0,0,0,0,0,0,0,0,0,0,0,0,0,0,1065.5835654468015,0,0,112.06217377468226,0,0,0,173.53584082555267,0,0,0,0,0,0,0,0,0,0,0,0,0,0,0,0,0,1239.1194062723541,0,112.06217377468226,0,0,0,0,0,0,0,602.2409669855543,0,216.29662655316145,0,371.3569642446743,0,0,0,0,155.6122931547122,0,0,5.674729108798556,0,0,0,0,0,0,0,0,0,0,0,0,0,0,0,0,0,0,0,1051.4290470896676,0,0,0,0,0,0,0,0,0,125.82291683208082,0,0,173.92961612529584,0,0,0,0,0,0,0,0,0,0,0,0,0,0,0,0,0,0
E-032,110,2744.65013282,242.597372003,0.0882582227114,0.0731257009912,893.826705933,55.2945723713,2.6991365367417517,2.263690992297331,365.7789594445949,0,753.895585848153,0,0,0,688.3548675415069,0,0,1729.8481785414097,0,0,0,0,0,0,0,0,0,0,0,0,0,0,1242.4017062953,0,0,80.70480673007269,0,14.755930360091577,0,431.80219798546324,0,1768.2129500048118,0,0,0,0,0,0,0,0,0,585.1168298218726,430.17400201321453,0,14.755930360091577,0,0,1244.0299022675488,1183.096120182939,80.70480673007269,0,0,0,0,0,0,0,1399.6969711708596,143.10946845791602,352.40318070055525,0,148.63196103565338,49.68453467028425,0,101.68075446107069,0,17.129248689678768,0,0,0,0,1310.7782905664792,0,0,0,14.763181623314379,0,0,0,0,0,0,0,0,0,0,0,0,0,1206.3158148599987,0,0,0,0,0,0,0,0,0,52.942954588806145,0,0,443.5559278708533,0,0,645.265108895606,0,1189.797785160525,0,0,0,0,0,0,0,0,0,0,0,0,0
E-019,111,3012.89341135,194.194995352,0.164645848051,0.0348617014347,1088.16200867,54.4553596891,7.339222150230826,3.604908789771524,572.2586691230854,0,495.88918562218925,0,0,0,0,0,0,0.06428602353906401,0,0,0,0,0,0,0,0,0,0,0,0,0,0,894.958887625633,0,0,0,0,0,0,173.2532531430982,0,0,0,0,0,0,0,0,0,0,0,0,0,0,0,0,0,1068.2121407687312,0,0,0,0,0,0,0,0,0,251.13590005892814,0,0,0,676.2351203094182,0,0,0,0,0,140.29429205000642,0,0,0.5468283504001376,0,0,0,0,0,0,0,0,0,0,0,0,0,0,0,0,0,0,883.4698275611361,0,0,0,0,0,0,0,0,0,0,0,0,184.74231320759364,0,0,0,0,0,0,0,0,0,0,0,0,0,0,0,0,0,0
E-034,112,2829.03626556,168.718889123,0.134688898921,0.0366831684686,941.097886827,12.4233443496,5.611644899138442,2.8079942872491817,433.6774292872582,0,0,0,0,0,69.5215951318164,0,0,193.5542156054124,0,0,0,0,0,0,0,0,0,0,0,0,0,0,505.55802872679914,0,0,4.437003709752877,0,0,0,186.7582075880079,0,0,0,0,0,0,0,0,0,0,0,0,0,0,0,0,0,692.316236314807,0,4.437003709752877,0,0,0,0,0,0,0,498.55935860192324,0,100.0973401064848,0,5.15118959841528,0,0,0,0,0,0,0,79.85751662372274,13.087835093964188,0,0,0,0,0,0,0,0,0,0,0,0,0,0,0,0,0,0,490.0223581395456,0,0,0,0,0,0,0,0,0,4.578052419092589,0,0,202.15282946591762,0,0,0,0,0,0,0,0,0,0,0,0,0,0,0,0,0,0
E-023,113,2899.53400518,219.984394009,0.133129611541,0.0653925794059,981.646678997,12.9676911452,4.321796397784689,2.676151445800524,415.45666689422694,0,709.8068451325056,0,0,0,0,0,0,1645.582265370833,0,0,0,0,0,0,0,0,0,0,0,0,0,0,2412.584591943353,0,0,0,0,0,0,358.26118545408576,0,0,0,0,0,0,0,0,0,0,0,0,0,0,0,0,0,1921.4311583700735,0,849.4146190273655,0,0,0,0,0,0,0,1202.8575725385358,230.88735910858824,479.228108153456,27.23380851795103,634.4606548610802,0,0,0,0,0,0,0,0,0,0,196.17827421787672,0,0,0,0,0,0,0,0,0,0,0,0,0,0,0,0,1565.7002836356053,0,0,0,0,0,0,0,0,0,0,0,0,305.6641403406196,0,899.4813534213375,0,0,0,0,0,0,0,0,0,0,0,0,0,0,0,0
E-016,114,2839.30604112,84.2752005418,0.123743881636,0.0204514355163,1143.36470301,39.676119422,3.3005419912136067,1.212771754493302,206.638368413239,0,469.8060816927065,0,0,0,0,0,0,0,0,0,0,0,0,0,0,0,0,0,0,0,0,0,384.4745797915033,0,0,0,0,0,0,291.96987031445525,0,0,0,0,0,0,0,0,0,0,0,0,0,0,0,291.96987031445525,0,384.4745797915033,0,0,0,0,0,0,0,0,0,417.25277497980477,94.26692876799225,0,108.68004943882477,56.24469691934475,0,0,0,0,0,0,0,0,0,0,0,0,0,0,0,0,0,0,0,0,0,0,0,0,0,0,0,394.2361796209756,0,0,0,0,0,0,0,0,0,0,0,0,282.20827048498944,0,0,0,0,0,0,0,0,0,0,0,0,0,0,0,0,0,0
E-022,115,2963.79424864,288.78419995,0.141962521576,0.0768608300394,1001.92158339,41.9492846726,4.073410686212164,2.555929105648624,906.8877201982962,0,1216.5998785835156,0,0,0,0,0,0,1293.5658316271388,0,0,0,0,0,0,0,0,0,0,0,0,0,0,2178.0269364986398,0,0,59.58654975394324,0,0,0,1179.439944156674,0,0,0,0,0,0,0,0,0,0,59.58654975394324,0,52.82734275446034,0,0,2.142638225479148,0,3272.8743586297114,0,29.622541045662775,0,0,0,0,0,0,0,949.8679159907301,214.73964011933745,671.5593515122973,46.0581827007876,1404.801995480755,0,0,0,0,0,130.026344604997,0,0,0,0,0,0,0,0,0,0,0,0,0,0,0,0,0,0,0,0,0,2131.7610875591467,0,0,67.93149493639783,0,0,0,0,0,0,0,0,0,1135.3141867673605,0,82.04666114600546,0,0,0,0,0,0,0,0,0,0,0,0,0,0,0,0
E-049,116,2557.27878449,124.312928425,0.0902663261391,0.0125581783952,1004.55239371,90.4983122447,2.4523953620285566,1.0951868546314913,0,0,0,0,0,0,0,0,0,2352.066040688036,0,0,0,0,0,0,0,0,0,0,0,0,0,0,0.007074624480112381,0,0,0,0,286.4023402271863,0,2065.606224635221,0.05040120113878005,0,0,0,0,0,0,0,0,0,760.3423271155783,0,0,0,286.4023402271863,1222.188776963434,0,83.13259638182737,0,0,0,0,0,0,0,0,0,668.0788883967125,0,0,0,0,620.6681699294002,317.06281258692763,746.2561697750598,0,0,0,0,0,0,0,0,0,0,0,0,0,0,0,0,0,0,0,0,0,0,0,0,0,0,0,0,0,0,0,0,0,0,0,0,0,2098.34675713119,253.5306969029367,0,0,0,0,0.1885866539502117,0,0,0,0,0,0,0,0,0,0,0,0
E-036,117,2774.93442135,162.75982363,0.114594854922,0.04429672907,950.313773415,31.6102845947,5.491061375701431,2.7615482358586965,604.2310431561722,0,0,0,0,0,83.53147694125563,0,0,453.1849229774918,0,0,0,0,0,0,0,0,0,0,0,0,0,0,738.4000525766863,0,0,185.07091301612994,0,0,0,217.47647748208777,0,0,0,0,0,0,0,0,0,0,0,0,0,0,0,0,185.07091301612994,955.876530058774,0,0,0,0,0,0,0,0,0,785.364965686133,0,23.507274601789575,0,0,0,0,0,0,0,0,0,0,331.91089342670284,0.16430936026807014,0,0,0,0,0,0,0,0,0,0,0,0,0,0,0,0,0,700.031434365274,0,0,203.87193143722277,0,0,0,0,0,0,0,0,0,237.04407727235628,0,0,0,0,0,0,0,0,0,0,0,0,0,0,0,0,0,0
E-013,118,2770.78088736,264.571698602,0.0999299264644,0.0669013396228,1038.78965326,123.846917837,3.6074522641578763,2.7298229088133823,1714.8479436751613,0,257.6863169549598,0,0,0,0,0,0,2535.919239944636,0,0,0,0,0,0,0,0,0,0,0,0,0,0,2572.2148410316,0,0,367.1332781498643,0,42.37090009614571,0,1526.7344812967265,0,0,0,0,0,0,0,0,0,0,367.1332781498643,0,2.6890581544031367,0,42.37090009614571,1113.2136631036833,0,2983.04660107024,0,0,0,0,0,0,0,0,0,1084.4726809435813,305.97967361924395,389.4402569433612,418.4349301960807,791.56616902783,435.77866598876835,0,327.17029445929984,0,54.0956479484148,203.6490327829457,0,0,222.22820214216966,0,233.13502752542377,0,0,42.502918997468946,0,0,0,0,0,0,0,0,0,0,0,0,0,2511.5741853054433,0,0,365.7540214217548,0,0,0,0,0,0,0,0,0,1631.1252938470943,0,0,0,0,0,0,0,0,0,0,0,0,0,0,0,0,0,0
E-015,119,2898.3706409,167.582402571,0.144101913209,0.0362716013693,1173.98521357,36.8815652323,4.010634329945301,3.014264714283846,676.5267249819549,0,489.93879706137227,0,0,0,0,0,0,42.458291266336694,0,0,0,0,0,0,0,0,0,0,0,0,0,0,944.5907584914338,0,0,0,0,0,0,264.3330548182649,0,0,0,0,0,0,0,0,0,0,0,0,0,0,0,264.3330548182649,0,944.5907584914338,0,0,0,0,0,0,0,0,0,633.0175211603754,31.2821801777592,136.6104341246155,153.93709862199364,223.75323569903418,3.1324520843230133,0,0,0,0,27.19089144161151,0,0,0,0,0,0,0,0,0,0,0,0,0,0,0,0,0,0,0,0,0,949.5688512283547,0,0,0,0,0,0,0,0,0,0,0,0,259.3549620812886,0,0,0,0,0,0,0,0,0,0,0,0,0,0,0,0,0,0
E-018,120,3255.5451782,259.779713329,0.190268071102,0.0518945194172,1130.96572004,41.1661336963,5.3712033257937675,2.652849217865462,1314.5175214874107,0,5.778621973883201,0,0,0,0,0,0,5.975813266318427,0,0,0,0,0,0,0,0,0,0,0,0,0,0,1313.4983069913408,0,0,0,0,0,0,12.773649736408121,0,0,0,0,0,0,0,0,0,0,0,0,0,0,0,0,0,1326.271956727749,0,0,0,0,0,0,0,0,0,26.25023928292901,0,68.84753945009679,0,411.4751118951888,0,0,16.709638671854275,0,30.11168622241902,758.0434516404139,0,0,14.834289564708508,0,0,0,0,0,0,0,0,0,0,0,0,0,0,0,0,0,0,1306.4835032731698,0,0,0,0,0,0,0,0,0,0,0,0,19.78845345453136,0,0,0,0,0,0,0,0,0,0,0,0,0,0,0,0,0,0
E-035,121,3055.30792148,323.675246539,0.164391565541,0.0712770674728,971.883827066,64.059058944,5.591513200336544,3.0908542094631035,2193.4231757793386,0,0,0,0,0,76.12827232944039,0,0,709.8676091984029,0,0,0,0,0,0,0,0,0,0,0,0,0,0,2244.804983742663,0,0,265.07507995789064,0,0,0,373.0831128408346,0,96.45588076576738,0,0,0,0,0,0,0,0,0,0,0,0,0,0,265.07507995789064,2617.8880965834974,96.45588076576738,0,0,0,0,0,0,0,0,911.8571695190266,0,1234.7082962881443,0,0,0,17.89833116353915,39.29924313913938,0,0,409.923200138233,0,57.04095861128653,257.2003507674579,51.38179780565358,0,0,0,0.10970987468306692,0,0,0,0,0,0,0,0,0,0,0,0,0,2222.8284527563173,0,0,261.2149898945256,0,0,0,0,0,0,0,0,0,362.1451138807211,0,0,0,0,133.2305007755353,0,0,0,0,0,0,0,0,0,0,0,0,0
E-037,122,2905.08850144,303.297838696,0.120188876533,0.0693489876089,980.900600124,45.6280113793,4.889553845032895,3.136782989324171,1019.1836357471998,0,0,0,0,0,269.0754566702751,0,0,386.4731820423014,0,0,0,0,0,0,0,0,0,0,0,0,0,0,1080.515445596717,0,0,294.2202052291235,0,0,0,299.9197504602836,0,0.07687317369255406,0,0,0,0,0,0,0,0,0,0,0,0,0,0,294.2202052291235,1380.4351960570007,0.07687317369255406,0,0,0,0,0,0,0,0,966.5665969818724,0,159.74853455761806,0,0,0,0.32011241534354207,103.27211161631821,0,0,35.801485773565545,0,0,349.0219371359896,60.00149597921944,0,0,0,0,0,0,0,0,0,0,0,0,0,0,0,0,0,1068.9704844219318,0,0,309.0258586428952,0,0,0,0,0,0,0,0,0,295.64531611992385,0,0,0,0,1.090615275079398,0,0,0,0,0,0,0,0,0,0,0,0,0
E-017,123,3442.17133956,114.273920551,0.239093473083,0.0143056711535,1213.18579102,30.5044469737,6.796060423730155,3.791023055537027,915.9214288766781,0,0,0,0,0,0,0,0,0,0,0,0,0,0,0,0,0,0,0,0,0,0,0,915.9214288766036,0,0,0,0,0,0,0,0,0,0,0,0,0,0,0,0,0,0,0,0,0,0,0,0,915.9214288766036,0,0,0,0,0,0,0,0,0,125.15705672929452,0,259.7146510590909,0,0,10.017501432961028,0,0,0,0,521.0322196553207,0,0,0,0,0,0,0,0,0,0,0,0,0,0,0,0,0,0,0,0,0,915.9214288766416,0,0,0,0,0,0,0,0,0,0,0,0,0,0,0,0,0,0,0,0,0,0,0,0,0,0,0,0,0,0,0
E-050,124,2398.69417382,91.898604668,0.070764352338,0.0309859447987,900.313508407,122.098298239,1.651462623264033,0.877131073668614,27.087390488792835,0,155.33340446307633,0,0,0,0,0,0,3213.9998430964692,0,0,0,0,0,0,0,0,0,0,0,0,0,0,346.9530193636108,0,0,228.22249365721052,0,800.0397446306249,0,757.9825712143154,1263.2228091935417,0,0,0,0,0,0,0,0,0,1279.0061024916065,228.22249365721052,0,0,800.0397446306249,427.87941116657703,0,661.2728861132844,0,0,0,0,0,0,0,0,0,328.0091690129409,28.61972145660746,0,0,181.79241276285396,306.7902653642488,986.8896151024409,714.3837019691714,0,0,460.60152649288443,0,0,99.72043876774849,0,0,0,0,289.61378712003085,0,0,0,0,0,0,0,0,0,0,0,0,0,319.50935339496027,0,0,255.1151334449369,27.87209682476087,0,0,0,0,0,0,323.17462365882733,0,805.6402297293782,1665.1092009957365,0,0,0,0,0,0,0,0,0,0,0,0,0,0,0,0,0
E-038,125,2696.68837342,105.793364408,0.0812817949802,0.0388140537099,989.717807007,14.3454374117,3.472924494147259,2.015319111700543,62.84756136887453,0,14.414404994547246,0,0,0,35.524002004280284,0,0,782.1297624250229,0,57.82385391113155,0,0,0,0,0,0,0,0,0,0,0,0,154.65395697480628,0,0,256.00218326383447,0,0,0,542.0834444652311,0,0,0,0,0,0,0,0,0,0,0,0,0,0,0,0,256.00218326383447,696.7374014400374,0,0,0,0,0,0,0,0,0,910.0196506444846,0,0,0,0,0,0,0,0,0,0,0,0,0.23916040613926803,42.48077365326743,0,0,0,0,0,0,0,0,0,0,0,0,0,0,0,0,0,130.36021698487227,0,0,269.5316798481749,0,0,0,0,0,0,0,0,0,552.847687870843,0,0,0,0,0,0,0,0,0,0,0,0,0,0,0,0,0,0
E-048,126,2831.85169217,201.040219203,0.151060699465,0.0435379478078,1191.71532164,64.3859342389,5.064979436440249,2.3628292046602932,807.5655105007669,0,857.0078591214519,0,0,0,0,0,0,604.5273495132193,0,0,0,0,0,0,0,0,0,0,0,0,0,0,1576.534883769134,0,0,0,0,0,0,692.5658353662386,0,0,0,0,0,0,0,0,0,0,0,0,0,0,0,93.27850124167875,0,2175.822217893694,0,0,0,0,0,0,0,0,0,708.347456966885,473.5248276247943,251.3305225467659,0,157.58597162904474,515.3742318914954,0,0,0,0,4.31486462024639,0,0,158.6228438561653,0,0,0,0,0,0,0,0,0,0,0,0,0,0,0,0,0,0,1564.8089990998315,0,0,0,0,0,0,0,0,0,0,0,0,704.2917200354987,0,0,0,0,0,0,0,0,0,0,0,0,0,0,0,0,0,0
E-057,127,2842.69244851,159.671013922,0.164198216537,0.0335297919744,1202.27392578,54.2960245685,4.960988880956382,2.393615820065949,871.5059007067521,0,46.13742089076511,0,0,0,0,0,0,121.48748569335149,0,0,0,0,0,0,0,0,0,0,0,0,0,0,310.8792433801919,0,0,0,0,0,0,728.2515639106676,0,0,0,0,0,0,0,0,0,0,0,0,0,0,0,0,0,1039.1308072908596,0,0,0,0,0,0,0,0,0,765.9614629008303,119.11914945651405,117.93917629595863,0,0,0,0,0,0,0,0,0,36.11101863751915,0,0,0,0,0,0,0,0,0,0,0,0,0,0,0,0,0,0,0,308.8617374251576,0,0,0,0,0,0,0,0,0,0,0,0,730.2690698656392,0,0,0,0,0,0,0,0,0,0,0,0,0,0,0,0,0,0
E-058,128,2965.68393565,135.686262353,0.170586946763,0.0381587756547,1235.9200054,67.5972216455,4.986963159097192,2.1650725634459205,603.9855078782363,0,150.82272603103985,0,0,0,0,0,0,0,0,0,0,0,0,0,0,0,0,0,0,0,0,0,753.3871635281616,0,0,0,0,0,0,1.4210703810831424,0,0,0,0,0,0,0,0,0,0,0,0,0,0,0,0,0,754.8082339092448,0,0,0,0,0,0,0,0,0,523.495340335272,2.2329605647030357,47.72347266562465,0,0,0,0,0,0,0,0,0,137.80582144259134,43.55063890108695,0,0,0,0,0,0,0,0,0,0,0,0,0,0,0,0,0,0,754.0149214235541,0,0,0,0,0,0,0,0,0,0,0,0,0.7933124857022481,0,0,0,0,0,0,0,0,0,0,0,0,0,0,0,0,0,0
E-047,129,3408.44780261,142.341341169,0.246714191777,0.0140502712252,1287.40239025,50.920204198,5.487165017558588,2.7324068633919807,1216.8138613506203,0,0,0,0,0,0,0,0,0,0,0,0,0,0,0,0,0,0,0,0,0,0,0,1216.813861350644,0,0,0,0,0,0,0,0,0,0,0,0,0,0,0,0,0,0,0,0,0,0,0,0,1216.813861350644,0,0,0,0,0,0,0,0,0,227.71399786120793,0,645.399591281387,0,0,16.68529384998065,0,0,0,0,327.0149783580567,0,0,0,0,0,0,0,0,0,0,0,0,0,0,0,0,0,0,0,0,0,1216.8138613506876,0,0,0,0,0,0,0,0,0,0,0,0,0,0,0,0,0,0,0,0,0,0,0,0,0,0,0,0,0,0,0
E-040,130,2886.56716754,176.303863713,0.12493677903,0.037781637543,1012.47025299,12.7853345914,5.9161365972995315,3.1640191912776823,383.0445045249863,0,385.5515386728891,0,0,0,0,0,0,268.96526753286565,0,67.52825801542568,0,0,0,0,0,0,0,0,0,0,0,0,803.9221499103858,0,0,61.56180578213923,0,0,0,239.60561305368282,0,0,0,0,0,0,0,0,0,0,0,0,0,0,0,0,61.56180578213923,1043.5277629640686,0,0,0,0,0,0,0,0,0,717.2983804211788,233.9456747881159,55.83821626464477,0,0,0,0,0,0,0,0,0,0,0,98.00729727229556,0,0,0,0,0,0,0,0,0,0,0,0,0,0,0,0,0,779.8639029594415,0,0,68.41039554006225,0,0,0,0,0,0,0,0,0,256.8152702467357,0,0,0,0,0,0,0,0,0,0,0,0,0,0,0,0,0,0
E-051,131,2419.8699647,115.335544269,0.063101963554,0.0334744805778,923.325155591,58.7571070013,3.0845645280658798,1.987383036196814,436.87998627427936,0,311.43529656415404,0,0,0,685.6185269139277,0,0,2312.7370118092967,0,0,0,0,0,0,0,0,0,0,0,0,0,0,0,0,189.6099921614472,1521.7208649087825,103.53249880469558,1476.3720308924392,0,252.04893571802208,203.38649907642466,0,0,0,0,0,0,0,0,0,392.99649123787185,1625.2533637134782,0,0,1476.3720308924392,252.04893571802208,0,0,0,0,0,0,0,0,0,0,0,53.755368664573965,0,0,0,111.04569214570215,854.2069447709999,1675.0282670004733,963.1223795487068,0,0,0,0,0,0.7596345737917749,0,0,0,0,0,0,88.75253485759876,0,0,0,0,0,0,0,0,0,0,0,0,0,0,2113.3048942458076,454.90155194462346,0,0,0,0,0,0,402.63179925695056,0,221.36612877831908,328.73132979900487,0,0,0,0,0,225.735117537132,0,0,0,0,0,0,0,0,0,0,0
E-041,132,2903.90302716,142.456073817,0.121488033483,0.0360081233991,1021.9878913,16.92204209,6.029316232794219,3.007192102462092,257.61322112241646,0,351.24600787961805,0,0,0,0,0,0,105.89898323884663,0,27.722195262546222,0,0,0,0,0,0,0,0,0,0,0,0,487.2593559060182,0,0,0,0,0,0,255.22105159740642,0,0,0,0,0,0,0,0,0,0,0,0,0,0,0,0,0,742.4804075034247,0,0,0,0,0,0,0,0,0,552.1166795536888,182.41453628215677,0,0,2.2465826671061575,0,0,0,0,0,0,0,0,0,5.702609000432545,0,0,0,0,0,0,0,0,0,0,0,0,0,0,0,0,0,481.39581349807634,0,0,0,0,0,0,0,0,0,0,0,0,261.08459400535224,0,0,0,0,0,0,0,0,0,0,0,0,0,0,0,0,0,0
E-054,133,2681.7878493,123.488220771,0.159377752707,0.0442804763808,1144.02242095,82.1660455762,3.065569946405523,1.5139083428003852,347.68619410708465,0,42.831331173859006,0,0,0,0,0,0,610.9998353996599,0,0,0,0,0,0,0,0,0,0,0,0,0,0,448.06295379629563,0,0,0,0,0,0,553.4544068843363,0,0,0,0,0,0,0,0,0,0,0,0,0,0,0,553.4544068843363,0,448.06295379629563,0,0,0,0,0,0,0,0,0,249.64897144233305,345.48434456079315,0,0,143.91318187734063,59.938653320390394,0,0.8478275419659275,0,0,0,0,0,201.68438193779915,0,0,0,0,0,0,0,0,0,0,0,0,0,0,0,0,0,0,479.7283946988778,0,0,0,0,0,0,0,0,0,0,0,0,521.7889659817503,0,0,0,0,0,0,0,0,0,0,0,0,0,0,0,0,0,0
E-055,134,2979.6532285,245.299803113,0.209436833858,0.0438387054933,1265.18134359,82.1473406632,4.900258603734684,2.4023497847119812,1473.320435843715,0,0,0,0,0,0,0,0,18.301592791321227,0,0,0,0,0,0,0,0,0,0,0,0,0,0,1394.9180676808512,0,0,0,0,0,0,96.70396095438171,0,0,0,0,0,0,0,0,0,0,0,0,0,0,0,70.28382766487705,0,1421.338200970356,0,0,0,0,0,0,0,0,0,155.93405915014142,498.67958311930164,31.204988425194355,0,50.83045672981668,0,0,0.0034132134786538306,0,0,213.92987224132435,0,541.0396557558023,0,0,0,0,0,0,0,0,0,0,0,0,0,0,0,0,0,0,0,1396.3674649973436,0,0,0,0,0,0,0,0,0,0,0,0,95.254563637771,0,0,0,0,0,0,0,0,0,0,0,0,0,0,0,0,0,0
E-042,135,2799.57095028,79.6794479172,0.101293071228,0.0249273405704,1025.1510656,15.7307282116,4.066263984681371,1.3607828160746491,11.914830911104083,0,106.79484721234593,0,0,0,0,0,0,489.3634639488074,0,27.78311572634932,0,0,0,0,0,0,0,0,0,0,0,0,85.40390516318949,0,0,0,0,0,0,550.4523526353688,0,0,0,0,0,0,0,0,0,0,0,0,0,0,0,0,0,635.8562577985583,0,0,0,0,0,0,0,0,0,535.6480839186044,0,0,0,94.8477645804913,0,0,0,0,0,0,0,0,0,5.360409299488441,0,0,0,0,0,0,0,0,0,0,0,0,0,0,0,0,0,81.30138309324373,0,0,0,0,0,0,0,0,0,0,0,0,554.5548747053236,0,0,0,0,0,0,0,0,0,0,0,0,0,0,0,0,0,0
E-045,136,3333.6403511,195.011956417,0.22614269681,0.0279633856975,1125.97182395,47.6386396639,5.923806636745138,3.1882183486631863,1810.796600596527,0,0,0,0,0,0,0,0,0,0,0,0,0,0,0,0,0,0,0,0,0,0,0,1803.8727439230368,0,0,0,0,6.923856673574249,0,0,0,0,0,0,0,0,0,0,0,0,0,0,0,0,6.923856673574249,0,0,1803.8727439230368,0,0,0,0,0,0,0,0,0,112.99481591307422,0,364.6827461661058,0,31.267880413628756,0,0,592.5510715722542,0,0,709.3000865314939,0,0,0,0,0,0,0,0,0,0,0,0,0,0,0,0,0,0,0,0,0,1810.7966005964536,0,0,0,0,0,0,0,0,0,0,0,0,0,0,0,0,0,0,0,0,0,0,0,0,0,0,0,0,0,0,0
E-039,137,2610.65710521,52.7361793299,0.0471670116156,0.0231752048711,973.449150473,21.5956899864,1.8857945757061259,1.4157674512217169,0,0,0,0,0,0,463.800201847543,0,0,2595.746513181851,0,240.99000224402988,0,0,0,0,0,0,0,0,0,0,0,0,3.208775622760578,0,0,1469.8592025153257,0,0,0,1349.8904181229573,0,477.5783210124865,0,0,0,0,0,0,0,0,0,80.21778784247542,0,0,0,0,1469.8592025153257,1353.099193745718,397.36053317001114,0,0,0,0,0,0,0,0,1987.2160435596286,0,0,0,182.53134532500843,0,2.9669147611850573,80.11331663159724,0,0,0,0,0,0,1047.70909699596,0,0,0,0,0,0,0,0,0,0,0,0,0,0,0,0,0,3.669182688929602,0,0,1464.7568560574473,0,0,0,0,0,0,0,0,0,1271.4353428444865,0,0,0,0,560.6753356826661,0,0,0,0,0,0,0,0,0,0,0,0,0
E-046,138,3233.05968319,186.239134836,0.224615175058,0.0283944746321,1168.96060001,56.1322876775,7.259541464806702,4.059097697965732,663.8704833714665,0,0,0,0,0,0,0,0,0.8746620760924564,0,0,0,0,0,0,0,0,0,0,0,0,0,0,664.7451454474938,0,0,0,0,0,0,0,0,0,0,0,0,0,0,0,0,0,0,0,0,0,0,0,0,664.7451454474938,0,0,0,0,0,0,0,0,0,167.7263338945709,0,167.10118025023414,0,0,0,0,292.8444334696676,0,0,37.07319783307819,0,0,0,0,0,0,0,0,0,0,0,0,0,0,0,0,0,0,0,0,0,664.7451454475196,0,0,0,0,0,0,0,0,0,0,0,0,0,0,0,0,0,0,0,0,0,0,0,0,0,0,0,0,0,0,0
E-059,139,3199.26200592,214.496910642,0.221328845391,0.0443523079677,1310.67462002,68.4349921714,5.9803362328531104,3.1966050140350633,1975.4250893950948,0,28.792819487828734,0,0,0,0,0,0,0,0,0,0,0,0,0,0,0,0,0,0,0,0,0,1977.545557337276,0,0,0,0,26.672351545389,0,0,0,0,0,0,0,0,0,0,0,0,0,0,0,0,26.672351545389,0,0,1977.545557337276,0,0,0,0,0,0,0,0,0,51.61190609494875,272.0734891946642,1092.9718523489332,0,143.28196668862537,51.70381427229333,0,0.17515539882764358,0,0,349.58747610700783,0,1.2295311530913346,14.90972704458526,0,0,0,0,26.672990579549698,0,0,0,0,0,0,0,0,0,0,0,0,0,2004.2179088829596,0,0,0,0,0,0,0,0,0,0,0,0,0,0,0,0,0,0,0,0,0,0,0,0,0,0,0,0,0,0,0
E-052,140,2604.99077571,181.450603854,0.145308456151,0.0667782135215,1061.6676788300001,143.923875688,3.758751053989194,3.2129086270972076,1269.8628435966352,0,0,0,0,0,0,0,0,3676.9972484500804,0,0,0,0,0,0,0,0,0,0,0,0,0,0,1081.7931046273475,0,0,1561.6993578420959,0,444.89281816410966,0,1707.5952254819672,150.87958593095112,0,0,0,0,0,0,0,0,0,150.87958593095112,1561.6993578420959,0,0,444.89281816410966,1707.5952254819672,0,1081.7931046273475,0,0,0,0,0,0,0,0,0,1470.880741070286,117.26494594130602,153.93070453372013,0,213.1484352660351,46.73962551192754,1040.2340714300094,264.1774991576195,0,0,0,0,0,1622.405189915093,0,0,0,0,18.07887922044609,0,0,0,0,0,0,0,0,0,0,0,0,0,1039.1737212266007,0,0,1822.5593469975963,0,0,0,0,0,0,0,26.41335307665345,0,1820.0318529545884,238.68181779106092,0,0,0,0,0,0,0,0,0,0,0,0,0,0,0,0,0
E-068,141,3174.91555972,218.539859504,0.255786712681,0.0243347055004,1272.73953102,39.6803010062,7.367612149137575,3.4253703877026984,888.2468915768462,0,0,0,0,0,0,0,0,5.088444849715044,0,0,0,0,0,0,0,0,0,0,0,0,0,0,850.2983624600416,0,0,0,0,0,0,43.03697396654464,0,0,0,0,0,0,0,0,0,0,0,0,0,0,0,43.03697396654464,0,850.2983624600416,0,0,0,0,0,0,0,0,0,103.38355606505826,0.3344221066993791,0,0,0,7.294869255928339,0,0,0,0,302.37888141988566,0,417.69337885776633,62.250228721265394,0,0,0,0,0,0,0,0,0,0,0,0,0,0,0,0,0,0,847.5791936967647,0,0,0,0,0,0,0,0,0,0,0,0,45.756142729834984,0,0,0,0,0,0,0,0,0,0,0,0,0,0,0,0,0,0
E-061,142,3324.39224428,187.312926928,0.226392559409,0.0343382363273,1212.29760742,75.4336727471,6.4221388198906695,3.5316900549999737,1299.6745318104315,0,0,0,0,0,0,0,0,11.251881204331347,0,0,0,0,0,0,0,0,0,0,0,0,0,0,1310.926413014704,0,0,0,0,0,0,0,0,0,0,0,0,0,0,0,0,0,0,0,0,0,0,0,0,1310.926413014704,0,0,0,0,0,0,0,0,0,473.0530127442767,0,290.3805044384858,0,0,0,0,144.31606205811235,0,0,251.35017918081698,0,151.82665459305105,0,0,0,0,0,0,0,0,0,0,0,0,0,0,0,0,0,0,0,1310.9264130147378,0,0,0,0,0,0,0,0,0,0,0,0,0,0,0,0,0,0,0,0,0,0,0,0,0,0,0,0,0,0,0
E-060,143,3312.91216425,162.935621713,0.230391517878,0.033529018697,1234.31919434,81.5876300157,6.130930485716891,3.2466710447486222,1101.839875053492,0,0,0,0,0,0,0,0,0,0,0,0,0,0,0,0,0,0,0,0,0,0,0,1101.839875053479,0,0,0,0,0,0,0,0,0,0,0,0,0,0,0,0,0,0,0,0,0,0,0,0,1101.839875053479,0,0,0,0,0,0,0,0,0,79.45439305638979,0,79.80625849397106,11.220009269183338,0,0,0,142.6282141098453,0,0,788.7310001241278,0,0,0,0,0,0,0,0,0,0,0,0,0,0,0,0,0,0,0,0,0,1101.8398750534889,0,0,0,0,0,0,0,0,0,0,0,0,0,0,0,0,0,0,0,0,0,0,0,0,0,0,0,0,0,0,0
E-069,144,3162.74962119,193.952511112,0.280589283932,0.0257019252782,1232.63667225,29.1252878172,8.198887009190203,3.949332724956333,988.2173205464022,0,0,0,0,0,0,0,0,13.60975719003864,0,0,0,0,0,0,0,0,0,0,0,0,0,0,995.4681474976686,0,0,0,0,0,0,6.358930238853024,0,0,0,0,0,0,0,0,0,0,0,0,0,0,0,6.358930238853024,0,995.4681474976686,0,0,0,0,0,0,0,0,0,101.95816447569791,72.45779720135073,0.38356958505753885,0,0,440.7352986310133,0,0,0,0,379.54802096948214,0,0,6.744226873913376,0,0,0,0,0,0,0,0,0,0,0,0,0,0,0,0,0,0,993.8606844325388,0,0,0,0,0,0,0,0,0,0,0,0,7.96639330394678,0,0,0,0,0,0,0,0,0,0,0,0,0,0,0,0,0,0
E-073,145,2549.13521855,219.585672701,0.117116819033,0.0987160466573,985.105640597,151.285281108,4.020860931642185,3.093124402475567,1939.7363205888573,0,863.9561722917788,0,0,0,571.3273927198703,0,0,2766.6610832002716,0,0,0,0,0,0,0,0,0,0,0,0,0,0,1254.2378131492742,0,960.4755214821628,1313.8596220949812,0,1112.6466026394291,0,1500.4614094430967,0,0,0,0,0,0,0,0,0,0,960.4755214821628,1313.8596220949812,0,0,1112.6466026394291,1080.445360311342,0,1674.253862281029,0,0,0,0,0,0,0,0,0,538.5251958560186,0,156.65186077781095,0,44.8694397545332,1242.363362428861,1371.105233212011,2143.902028765489,0,0,0,0,210.41758472543307,284.79490272582615,0,0,0,0,71.03431632560635,0,78.01704422921358,0,0,0,0,0,0,0,0,0,0,0,1281.8008295044408,0,0,1810.1638533054688,24.309469086127198,0,0,0,0,0,0,490.1777118380453,0,1488.2065164776131,0,0,0,0,0,0,1047.0225885888256,0,0,0,0,0,0,0,0,0,0,0
E-063,146,2981.33749114,214.265736204,0.164456216861,0.0552034517358,1153.40999172,56.2389983555,6.590583573463664,2.330017403160453,859.7302374374746,0,0,0,0,0,0,0,0,226.0744289867929,0,0,0,0,0,0,0,0,0,0,0,0,0,0,899.8751549026751,183.15387962049138,0,0,0,0,0,2.775631901143995,0,0,0,0,0,0,0,0,0,183.15387962049138,0,0,0,0,0,0,0,902.6507868038192,0,0,0,0,0,0,0,0,0,431.8494358038584,0,0.3514319589043186,4.043818986845397,0,0,0,13.167042837093437,0,0,326.9652224183095,0,306.6650941534795,0,2.7626202658162677,0,0,0,0,0,0,0,0,0,0,0,0,0,0,0,0,0,937.8232687885626,0,0,0,0,146.3863678606415,0,0,0,0,0,0,0,1.5950297751466558,0,0,0,0,0,0,0,0,0,0,0,0,0,0,0,0,0,0
E-072,147,2731.19257309,264.702502554,0.173209318637,0.092916266144,1013.4399317,98.581960083,5.6494695835134605,3.9689145643465515,949.4682523757972,0,388.60211620385866,0,0,0,0,0,0,838.0569244088634,0,0,0,0,0,0,0,0,0,0,0,0,0,0,880.6920980072059,24.498821623434434,133.06976223109385,317.5722867038781,0,11.444965499877208,0,808.8493589230637,0,0,0,0,0,0,0,0,0,0,133.06976223109385,303.04833280207157,14.523953901806504,0,11.444965499877208,361.72995442316517,0,1352.310324130539,0,0,0,0,0,0,0,0,0,514.6889301584446,0,317.92649533762534,0,0,0,38.93113819944212,932.1602089537848,0,0,0,0,110.8652993969027,254.25084039177779,0,0,0,0,7.304380550573953,0,0,0,0,0,0,0,0,0,0,0,0,0,864.2079524699598,0,0,231.686113000151,0,13.521925457247866,0,0,0,0,11.614470903372146,0,0,843.5009777357641,0,0,0,0,0,0,211.59585342202652,0,0,0,0,0,0,0,0,0,0,0
E-070,148,3234.56146442,181.171795907,0.306282915175,0.0159099192778,1177.87971327,38.0741781553,6.56110880555516,3.1379411917965054,1970.6860002350775,0,0,0,0,0,0,0,0,90.67202081842636,0,0,0,0,0,0,0,0,0,0,0,0,0,0,1961.6595166317313,0,0,0,0,0,0,99.69850442199525,0,0,0,0,0,0,0,0,0,0,0,0,0,0,0,0,0,2061.3580210537266,0,0,0,0,0,0,0,0,0,137.6714068026064,0,137.32391227964033,0,0,91.336307504619,0,654.2596136338929,0,0,728.864618694929,0,200.8288061438056,111.07335599442595,0,0,0,0,0,0,0,0,0,0,0,0,0,0,0,0,0,0,1965.7562628492474,0,0,0,0,0,0,0,0,0,0,0,0,95.6017582044468,0,0,0,0,0,0,0,0,0,0,0,0,0,0,0,0,0,0
E-066,149,3225.91236937,220.076403277,0.231892060376,0.0448406068183,1244.83938876,91.0686266939,6.031556186547375,2.9871687330811514,1700.5930005471007,0,0,0,0,0,0,0,0,87.54733034729801,0,0,0,0,0,0,0,0,0,0,0,0,0,0,1561.9297851592905,226.21054573517281,0,0,0,0,0,0,0,0,0,0,0,0,0,0,0,5.826647766560883,0,0,0,0,0,0,0,1782.3136831279026,0,0,0,0,0,0,0,0,0,296.20698925830925,0,0,47.873106095620095,0,0,0,121.9203353957071,0,0,456.2503128341443,0,865.8895873107023,0,0,0,0,0,0,0,0,0,0,0,0,0,0,0,0,0,0,0,1595.5117635073445,0,0,0,0,192.62856738712088,0,0,0,0,0,0,0,0,0,0,0,0,0,0,0,0,0,0,0,0,0,0,0,0,0,0
E-067,150,3183.19974599,211.327157081,0.233514113086,0.0562586695611,1203.52656948,65.8001223311,6.774280401529681,2.6194689239667053,1667.3373696158192,0,0,0,0,0,0,0,0,168.86170272311372,0,0,0,0,0,0,0,0,0,0,0,0,0,0,1255.5522156949687,580.6468566441893,0,0,0,0,0,0,0,0,0,0,0,0,0,0,0,0,0,0,0,0,0,0,0,1836.199072339158,0,0,0,0,0,0,0,0,0,669.5644906117328,0,264.4191921452769,0,0,0,0,3.5513040180335804,0,0,266.1295702715637,0,632.534515292611,0,0,0,0,0,0,0,0,0,0,0,0,0,0,0,0,0,0,0,1271.2196492714065,0,0,0,0,564.9794230676814,0,0,0,0,0,0,0,0,0,0,0,0,0,0,0,0,0,0,0,0,0,0,0,0,0,0
E-074,151,2604.24404134,261.089396144,0.146533155553,0.0931267785204,930.518980713,79.8642530344,4.817017706936746,2.962116925504612,944.7642622766198,0,0,0,0,0,96.11898632571112,0,0,1428.818675065843,0,0,0,0,0,0,0,0,0,0,0,0,0,0,301.7436768710908,442.6169311633515,0,1019.1786173216518,0,706.1626983121374,0,0,0,0,0,0,0,0,0,0,0,0,0,0,1019.1786173216518,0,706.1626983121374,0,0,744.3606080344423,0,0,0,0,0,0,0,0,0,514.257524169711,0,55.51414666814221,0,0,0,742.9804867297339,371.2605213891235,0,64.21778240062228,0,0,0,721.4714623110052,0,0,0,0,0,0,0,0,0,0,0,0,0,0,0,0,0,0,371.60133343843114,0,0,0,0,401.5032961924717,0,0,0,0,1413.8381258282939,282.75916820901085,0,0,0,0,0,0,0,0,0,0,0,0,0,0,0,0,0,0,0,0
E-071,152,3154.73413372,153.500949594,0.306506498158,0.0137869380171,1132.28399048,50.8641423448,7.381338805645553,2.824082747437069,1064.809947727622,0,0,0,0,0,0,0,0,16.13821149691318,0,0,0,0,0,0,0,0,0,0,0,0,0,0,1077.9478287570619,0,0,0,0,0,0,3.000330467475064,0,0,0,0,0,0,0,0,0,0,0,0,0,0,0,0,0,1080.948159224537,0,0,0,0,0,0,0,0,0,26.818768342271692,0,419.97198381935965,0,0,0,0,547.1120149109802,0,1.1889570865852999,0,0,85.85643506535602,0,0,0,0,0,0,0,0,0,0,0,0,0,0,0,0,0,0,0,1073.570458450924,0,0,0,0,0,0,0,0,0,0,0,0,7.377700773630782,0,0,0,0,0,0,0,0,0,0,0,0,0,0,0,0,0,0
E-043,153,2803.62975667,216.687041075,0.0947877258897,0.0696731093064,1004.39808707,55.8051172611,2.7316980108447964,1.7965790009774452,673.1943987226525,0,70.44955654673066,0,0,0,272.14521894936723,0,0,2160.8707138738037,0,0,0,0,0,0,0,0,0,0,0,0,0,0,1877.0976493433068,0,0,0,0,25.538738815590644,0,319.8782720277773,954.1452279062962,0,0,0,0,0,0,0,0,1088.7167635831806,0,0,954.1452279062962,0,25.538738815590644,0,0,1108.2591577879036,0,0,0,0,0,0,0,0,0,1343.6578836747144,3.1598282590522735,198.06973946927138,0,99.34360733844652,0,35.10800523372674,234.25103983327926,0,0,8.295540083737434,0,0,225.14982906469479,1029.6244151361252,0,0,0,0,0,0,0,0,0,0,0,0,0,0,0,0,0,796.4407560867106,0,0,0,0,0,0,0,0,0,0,0,0,384.4913177925903,975.8486418520697,1019.8791723616256,0,0,0,0,0,0,0,0,0,0,0,0,0,0,0,0
E-065,154,2852.99799732,198.94080861,0.130625634669,0.0548213057451,1127.51693491,33.6122607802,6.191783428079021,3.7967265045073244,567.3823410842987,0,0,0,0,0,4.122253716221684,0,0,593.4493423742124,0,0,0,0,0,0,0,0,0,0,0,0,0,0,460.19423194045874,658.9576621690883,0,0,0,0,0,0,45.80204306534132,0,0,0,0,0,0,0,0,653.1283697510721,5.829292418016155,0,45.80204306534132,0,0,0,0,460.19423194045874,0,0,0,0,0,0,0,0,0,705.8269492473419,0,0,0,0,0,0,110.217116868867,0,0,0,0,324.11717076951487,0,24.79270028917379,0,0,0,0,0,0,0,0,0,0,0,0,0,0,0,0,0,467.4898154943283,0,0,0,0,651.4619965569555,0,0,0,0,0,0,0,0,46.0021251236985,0,0,0,0,0,0,0,0,0,0,0,0,0,0,0,0,0
E-075,155,2647.61585406,289.696489978,0.162604777182,0.0857889694432,914.638509547,78.3093832923,4.53603692381295,3.112640055763284,941.0224619276839,0,0,0,0,0,51.93558359552833,0,0,1441.9469977939675,0,0,0,0,0,0,0,0,0,0,0,0,0,0,273.4436099913332,668.686977568946,0,697.9078882797842,0,794.8665674771022,0,0,0,0,0,0,0,0,0,0,0,0,0,0,697.9078882797842,0,794.8665674771022,0,0,942.1305875602791,0,0,0,0,0,0,0,0,0,692.2391932637456,0,32.261653430505525,0,0,0,807.8744841683141,362.27711106614987,0,112.03218830538239,0,0,0,428.2204130829561,0,0,0,0,0,0,0,0,0,0,0,0,0,0,0,0,0,0,311.2028817035005,0,0,0,0,649.1004526258408,0,0,0,0,894.0875435503439,580.5141654375911,0,0,0,0,0,0,0,0,0,0,0,0,0,0,0,0,0,0,0,0
E-044,156,2809.73770826,167.25379207,0.0897120893183,0.0670428590526,1015.60471285,72.7685106831,2.4877012787821666,1.5342395397085038,439.4868378603918,0,0,0,0,0,63.16290350606962,0,0,2050.065326886767,0,0,0,0,0,0,0,0,0,0,0,0,0,0,1721.0575996563139,0,0,0,0,95.81383836718503,0,0,735.8436302298386,0,0,0,0,0,0,0,0,984.8154889507115,0,0,735.8436302298386,0,95.81383836718503,0,0,736.2421107056023,0,0,0,0,0,0,0,0,0,1529.3338661631449,0,0,0,133.24131199252042,0,87.433514051833,113.87413430819558,0,0,0,0,0,3.2335993804114165,685.598642357541,0,0,0,0,0,0,0,0,0,0,0,0,0,0,0,0,0,681.7212187364029,0,0,0,0,0,0,0,0,0,0,0,0,0,815.6427784882511,1055.3510710287364,0,0,0,0,0,0,0,0,0,0,0,0,0,0,0,0
E-077,157,2995.02742665,239.05913022,0.184992037714,0.0897639714699,1097.59927949,48.2918899749,5.056902841662556,2.843871372934312,4680.385484949402,0,0,0,0,0,303.939443626135,0,0,578.6200953104667,0,0,0,0,0,0,0,0,0,0,0,0,0,0,3131.9827630159884,1592.6472727777414,0,0,0,94.55471549343548,0,386.1879004039993,357.5723721950749,0,0,0,0,0,0,0,0,599.0423389262335,287.0686739645153,0,250.23079360107386,0,94.55471549343548,0,0,4224.706923306981,107.34157859400099,0,0,0,0,0,0,0,0,2731.553282003409,0,1184.001647591048,0,0,181.62889204983475,168.7934945916032,645.8584818279184,25.18294515948856,0.8602381967841426,121.56432218902184,0,237.75909921095925,53.84881027458076,211.89381079133008,0,0,0,0,0,0,0,0,0,0,0,0,0,0,0,0,0,2890.0757099812336,0,0,0,0,1740.8318217231738,0,0,0,0,0,0,0,356.19698486985857,363.3774902484036,212.46301706356365,0,0,0,0,0,0,0,0,0,0,0,0,0,0,0,0
E-076,158,2758.83126238,285.680672122,0.164238815057,0.0654097634513,912.295808833,88.3850288286,4.827967196551373,3.917119899358583,1359.32277393756,0,0,0,0,0,0,0,0,1064.7419188457998,0,0,0,0,0,0,0,0,0,0,0,0,0,0,776.9046381721001,644.5073131121026,0,772.5982521695654,0,230.0544893295812,0,0,0,0,0,0,0,0,0,0,0,0,2.7141156887299513,0,769.8841364808354,0,230.0544893295812,0,0,1421.4119512842026,0,0,0,0,0,0,0,0,0,491.67692396199914,0,165.40640276134215,0,0,0,347.77806351965006,695.118484625866,0,0,0,0,0,700.6740114842734,0,0,0,23.410806430189936,0,0,0,0,0,0,0,0,0,0,0,0,0,0,729.3483110128451,0,0,0,0,708.9588518390793,0,0,0,0,923.6516259709629,62.105903960429686,0,0,0,0,0,0,0,0,0,0,0,0,0,0,0,0,0,0,0,0
E-064,159,2776.4183138,247.869586699,0.100320674202,0.0748858255013,1115.52152652,65.0255491041,4.048772752716286,3.6199269124487103,692.9595082959332,0,0,0,0,0,419.7566898959121,0,0,1132.8309014815063,0,0,0,0,0,85.09601241660006,0,0,0,0,0,0,0,0,540.702142152461,968.6403674538489,0,0,0,0,0,21.322012175399017,799.978590308287,0,0,0,0,0,0,0,0,968.6403674538489,0,0,799.978590308287,0,0,0,0,562.0241543278601,0,0,0,0,0,0,0,0,0,963.9918808402806,0,0,29.526353385814723,0,0,23.40724625247829,420.97378888874704,0,0,114.5139094767942,0,375.202709340049,0,403.0272239056559,0,0,0,0,0,0,0,0,0,0,0,0,0,0,0,0,0,536.7465877725991,0,0,0,0,965.4675217569696,0,0,0,0,0,0,0,28.25772676957141,800.171275790575,0,0,0,0,0,0,0,0,0,0,0,0,0,0,0,0,0
E-062,160,2721.2962223,164.504736583,0.0842594625382,0.0740723317314,1078.24152993,60.7310009591,2.6665192148273302,2.7698897053097626,454.5729058166859,0,0,0,0,0,269.32470549495736,0,0,1268.5349729997183,0,0,0,0,0,263.3248885763842,0,0,0,0,0,0,0,0,1182.282362758557,0,0,0,0,0,0,192.93920826087432,880.5359018681057,0,0,0,0,0,0,0,0,0,0,0,867.0343120703243,0,0,0,0,1375.2215710194312,13.501589797781412,0,0,0,0,0,0,0,0,1215.329074108234,0,93.41004317659514,0,0,164.65140390497953,197.0956465611822,1.0690281791132579,0,0,6.35506182172932,0,149.49352269579384,0,428.3536924402295,0,0,0,0,0,0,0,0,0,0,0,0,0,0,0,0,0,1189.318407088855,0,0,0,0,0,0,0,0,0,0,0,0,190.06912771762637,876.3699380810124,0,0,0,0,0,0,0,0,0,0,0,0,0,0,0,0,0
E-080,161,2948.46807315,174.107418068,0.172899666429,0.0223230429745,935.569873047,110.167571495,8.742143746732417,4.0710562985944,564.7231815463044,0,0,0,0,0,0,0,0,39.88965301127554,0,0,0,0,0,0,0,0,0,0,0,0,0,0,583.8521816909291,0,0,20.76065286663567,0,0,0,0,0,0,0,0,0,0,0,0,0,0,0,0,20.76065286663567,0,0,0,0,583.8521816909291,0,0,0,0,0,0,0,0,0,165.376304904399,0,0,0,0,0,0,29.657700090989767,0,0,0,0,0,403.03716145690714,0,0,0,6.541668105300654,0,0,0,0,0,0,0,0,0,0,0,0,0,0,588.2266758889891,0,0,0,0,0,0,0,0,0,16.386158668575533,0,0,0,0,0,0,0,0,0,0,0,0,0,0,0,0,0,0,0,0,0
E-081,162,2611.60252462,129.192073387,0.145690875438,0.0231430981944,839.767707825,46.1391963528,4.381751031136184,4.436117924877427,291.3814188410939,0,0,0,0,0,0,0,0,524.4647638485565,0,0,0,0,0,0,0,0,0,0,0,0,0,0,148.37819578170604,0,0,607.7792267242282,0,0,0,59.688760183757246,0,0,0,0,0,0,0,0,0,0,61.937034989923475,0,545.8421917343047,0,0,0,0,148.37819578170604,59.688760183757246,0,0,0,0,0,0,0,0,164.29697288807012,0,0,0,0,0,6.794396508538837,194.01823446851807,0,0,0,0,0,450.73657882454825,0,0,0,0,0,0,0,0,0,0,0,0,0,0,0,0,0,0,176.46804485358754,0,0,0,0,0,0,0,0,0,608.2231095424937,0,0,31.155028293617722,0,0,0,0,0,0,0,0,0,0,0,0,0,0,0,0,0,0
E-079,163,2983.35937528,154.086644703,0.15982242851,0.0246789424012,1056.78347633,66.7093922752,7.09202494928797,3.0356980163064113,1274.8537065490589,0,0,0,0,0,0,0,0,0,0,0,0,0,0,0,0,0,0,0,0,0,0,0,856.5078404350684,415.6605788450045,0,0,0,0,0,2.685287268905186,0,0,0,0,0,0,0,0,0,0,0,0,0,0,0,0,0,1272.1684192800728,2.685287268905186,0,0,0,0,0,0,0,0,709.6801516693178,0,32.9758342570327,0,0,0,0.7461287661127174,0,0,0,0,0,58.08019088102533,291.79574681568437,0,126.52132077241471,0,55.054333387389725,0,0,0,0,0,0,0,0,0,0,0,0,0,0,911.1423277621017,0,0,0,0,0,0,0,0,0,0,0,0,0.05187319130332968,0,0,0,0,0,0,0,363.6595055955767,0,0,0,0,0,0,0,0,0,0
E-082,164,2573.4684498,68.2203005816,0.119017927774,0.0043225295872,914.348715646,55.7061126384,2.869160592923936,1.3241072409319972,17.915707242260513,0,0,0,0,0,0,0,0,463.29704182397893,0,0,0,0,0,0,0,0,0,0,0,0,0,0,0,0,0,405.73537700843406,0,75.47737205781368,0,0,0,0,0,0,0,0,0,0,0,0,213.93588966973724,0,191.79948733869685,0,75.47737205781368,0,0,0,0,0,0,0,0,0,0,0,0,134.83624253368117,0,0,0,0,97.53174186681969,213.99161549771426,0.3136874773480712,0,0,0,0,0,34.539461690675374,0,0,0,0,0,0,0,0,0,0,0,0,0,0,0,0,0,0,0,0,0,0,0,0,0,0,0,0,481.2127490662146,0,0,0,0,0,0,0,0,0,0,0,0,0,0,0,0,0,0,0,0,0
E-078,165,2937.07332834,214.114260547,0.0985557117551,0.0505866130122,1072.07282104,39.2582859238,5.756744599159742,3.084238620179081,4115.504680054513,0,0,0,142.0873355820564,0,526.4743542084217,0,0,1135.0184967794712,0,0,0,0,0,38.472866808022836,0,0,0,0,0,0,0,0,3493.7779208286556,146.2826463435992,0,0,0,0,0,1682.8199878303367,634.6771784299468,0,0,0,0,0,0,0,0,1365.9429450383343,456.73381831739545,0,124.24913043640413,0,0,0,0,3500.2037916468616,510.4280479935427,0,0,0,0,0,0,0,0,3333.785174202921,0,1006.5141476269073,411.2173412391313,0,0,0,385.72284842461585,0,11.879251185847238,0,0,294.9024500987028,513.3843397536286,0,0.1521809010695989,0,0,0,0,0,0,0,0,0,0,0,0,0,0,0,0,3457.984563314693,0,0,0,0,162.84155637529676,0,0,0,0,0,0,0,1679.6366422734864,652.7777799760466,0,0,0,0,0,0,4.317191493011192,0,0,0,0,0,0,0,0,0,0
E-085,166,2662.71327959,142.944438067,0.0291507536706,0.0257107877718,1022.86233845,29.4982226712,3.5697590619485813,4.283894536530816,808.491646898418,0,0,0,0,0,629.7066259821884,0,0,595.3288860698817,0,0,0,0,0,969.9913228555585,0,0,0,0,0,0,0,0,208.62335030072865,0,0,621.0414792213671,0,0,0,1044.4668548823372,1129.3867974015307,0,0,0,0,0,0,0,0,630.2394498829203,414.2274049994169,0,728.596273938756,0,0,0,0,208.62335030072865,400.79052346277473,0,621.0414792213671,0,0,0,0,0,0,1922.6025654691118,0,157.95064305156404,0,0,0,94.95026648325418,53.486901736086864,0,179.34519754622303,0,0,36.236058043209994,254.20298848140771,0,0,0,0,0,0,0,304.7438609949896,0,0,0,0,0,0,0,0,0,0,194.95413166255886,0,0,0,0,0,0,0,0,0,0,0,0,1063.6189095194238,1140.1888811234548,0,0,0,0,0,0,0,604.7565595004611,0,0,0,0,0,0,0,0,0
E-084,167,2965.31300848,192.125752581,0.119596743371,0.0108135509811,1086.66880232,93.5177616202,5.985456002299917,3.335402539011063,1693.8852299475905,0,0,0,139.1846051742295,0,0,0,0,34.89075787882487,0,0,0,0,0,0,0,0,0,0,0,0,0,0,894.1464105935794,566.303596365897,0,0,0,0.022560776382366268,0,407.4880252648374,0,0,0,0,0,0,0,0,0,0,0,0,0,0,0.022560776382366268,0,0,1460.4500069594765,407.4880252648374,0,0,0,0,0,0,0,0,1142.0043027927973,0,488.1291787946202,0,0,0,53.52091863245912,10.929396874250626,0,18.32553819507252,0,0,0,150.47048451255557,0,4.580773198975338,0,0,0,0,0,0,0,0,0,0,0,0,0,0,0,0,897.4641560865606,0,0,0,0,0,0,0,0,0,0,0,0,362.91872987604347,0,0,0,0,0,0,0,607.5777070381225,0,0,0,0,0,0,0,0,0,0
E-087,168,2887.45890892,213.453124586,0.0648107796287,0.0271142073962,1078.9856547,45.1650579468,6.15628461987228,3.5034221363617664,929.8557553924635,0,0,0,72.28659524297714,0,142.77279478651266,0,0,137.5518363682393,0,0,0,0,0,6.1263257328002085,0,0,0,0,0,0,0,0,743.6749692783178,0,0,39.01444111304223,158.04980663064504,0,0,247.8461694703114,100.00792103065645,0,0,0,0,0,0,0,0,26.253937108182715,0,0,100.00792103065645,0,0,0,0,965.2672016404465,0,158.04980663064504,39.01444111304223,0,0,0,0,0,0,491.1217353104494,130.10348573782485,381.10097406533515,3.283520149956343,0,0,79.50614399527977,0.029438231358377278,4.692509183587832,0,0,0,198.75550084915537,0,0,0,0,0,0,0,0,0,0,0,0,0,0,0,0,0,0,0,736.6377099961817,0,0,0,143.6846912456646,0,0,0,0,0,0,0,0,262.70692686413133,104.49463012267717,0,0,0,0,0,0,0,41.06934929434917,0,0,0,0,0,0,0,0,0
E-086,169,2663.75810498,135.036105193,0.0369940442809,0.0219673507947,1033.9733607,34.0752743696,3.8834427795049833,4.110915063503927,409.4119420657256,0,0,0,0,0,339.11954125867715,0,0,130.93917329403075,0,0,0,0,0,302.8691225250614,0,0,0,0,0,0,0,0,100.73182777688513,0,0,366.585013553015,67.3747699527912,0,0,374.20041285146124,273.44775500933514,0,0,0,0,0,0,0,0,281.68442977210975,0,0,273.44775500933514,0,0,0,0,193.2478108562366,0,67.3747699527912,366.585013553015,0,0,0,0,0,0,869.6917323683274,0,6.904265095285271,0,0,0,0,12.143864123757304,0,0,0,0,293.5999175560878,0,0,0,0,0,0,0,0,0,0,0,0,0,0,0,0,0,0,0,97.44747615430215,0,0,0,59.55055732205777,0,0,0,0,0,0,0,0,365.6337092981213,292.563084773747,0,0,0,0,0,0,0,367.14495159526155,0,0,0,0,0,0,0,0,0
M-004,170,2681.90022948,103.811795705,0.121913409155,0.0236131422692,942.398158023,67.9224237426,4.788661734879857,2.571682633932833,42.709423154400866,0,0,0,0,0,0,0,0,579.2747988937161,0,0,0,0,0,0,0,0,0,0,0,0,0,0,0,0,0,565.0185929135433,0,56.96562913459895,0,0,0,0,0,0,0,0,0,0,0,0,0,0,565.0185929135433,0,56.96562913459895,0,0,0,0,0,0,0,0,0,0,0,0,377.8400565475796,0,1.8348773020740683,0,0,49.86138315359261,192.43160794256383,0,0,0,0.016297102413735134,0,0,0,0,0,0,0,0,0,0,0,0,0,0,0,0,0,0,0,0,0,0,0,0,0,0,0,0,0,0,0,621.9842220481529,0,0,0,0,0,0,0,0,0,0,0,0,0,0,0,0,0,0,0,0,0
E-083,171,2851.11776664,204.497677771,0.122212317857,0.00964075183026,1042.12036965,154.940745765,5.29653405164822,3.0703806398594775,1174.7531657754591,0,0,0,0,0,0,0,0,1387.4634581624025,0,0,0,0,0,0,0,0,0,0,0,0,0,0,766.9726272417467,359.20837390726086,0,980.3690887333569,0,92.03714684585353,0,363.6293872095932,0,0,0,0,0,0,0,0,0,0,123.68953797494889,0,856.679550758408,0,92.03714684585353,0,0,1126.1810011490077,363.6293872095932,0,0,0,0,0,0,0,0,1227.3824047489427,0,359.99988246627805,0,0,329.7614850162964,199.704641359526,4.294423661052416,0,97.75080847380629,0,0,242.18318236304287,101.13979584902944,0,0,0,0,0,0,0,0,0,0,0,0,0,0,0,0,0,0,729.0214434133565,0,0,0,0,0,0,0,0,0,961.4857882897634,0,0,495.96053849198466,0,0,0,0,0,0,0,375.7488537427747,0,0,0,0,0,0,0,0,0,0
E-088,172,3004.61456563,167.766902352,0.0889371064259,0.0225898793263,1133.33999825,52.3397568733,5.70218159032914,2.533396524974433,1432.1631898008432,0,0,0,106.54726358535726,0,14.209273067389274,0,0,59.585502756585804,0,0,0,0,0,0,0,0,0,0,0,0,0,0,1436.5629214113299,0,0,0,68.98740978599777,0,0,103.25282293316766,3.7020750796915274,0,0,0,0,0,0,0,0,0,0,0,3.7020750796915274,0,0,0,0,1539.8157443444975,0,68.98740978599777,0,0,0,0,0,0,0,374.23495832467387,26.946544607513726,743.8184090154666,248.03152047120352,0,0,32.618275428212634,164.58038625831315,15.577695876656234,0,0,0,6.6974392280950985,0,0,0,0,0,0,0,0,0,0,0,0,0,0,0,0,0,0,0,1425.2352179356997,0,0,0,82.60402038027107,0,0,0,0,0,0,0,0,101.96588128306541,2.700109611151226,0,0,0,0,0,0,0,0,0,0,0,0,0,0,0,0,0
M-011,173,2533.4082122,115.502802495,0.1004248093,0.0328069791268,844.121085789,57.8939843497,3.9943663005375045,2.4106153516440143,129.38421113093813,0,0,0,0,0,0,0,0,919.3700402791502,0,0,0,0,0,0,0,0,0,0,0,0,0,0,0,0,0,8.859967957745496,0,1039.8942834523614,0,0,0,0,0,0,0,0,0,0,0,0,0,0,8.859967957745496,0,1039.8942834523614,0,0,0,0,0,0,0,0,0,0,0,0,0,0,2.7871412953322103,0,0,0,1011.3385395792906,0,0,34.628570535496266,0,0,0,0,0,0,0,0,0,0,0,0,0,0,0,0,0,0,0,0,0,0,0,0,0,0,0,0,0,0,0,0,702.2245061690066,346.5297452411045,0,0,0,0,0,0,0,0,0,0,0,0,0,0,0,0,0,0,0,0
M-002,175,2877.26081297,132.244177253,0.138522667189,0.0206575214963,962.17742157,36.541367329,4.195852847564009,1.6262495101619394,508.46190665052376,0,0,0,0,0,0,0,0,553.0351591026757,0,0,0,0,0,0,0,0,0,0,0,0,0,0,507.5659754645389,0,0,490.76979690114786,0,63.161293387193375,0,0,0,0,0,0,0,0,0,0,0,0,0,0,490.76979690114786,0,63.161293387193375,0,0,507.5659754645389,0,0,0,0,0,0,0,0,0,338.54870779144846,0,350.5346910087157,101.28308981761339,0,90.39279452586665,180.73778260941063,0,0,0,0,0,0,0,0,0,0,0,0,0,0,0,0,0,0,0,0,0,0,0,0,0,488.66800954672055,0,0,0,0,0,0,0,0,0,572.8290562062093,0,0,0,0,0,0,0,0,0,0,0,0,0,0,0,0,0,0,0,0,0
M-005,176,2684.95643149,331.796159644,0.107377685996,0.0502080037588,881.637640537,93.3471128558,5.594867165989809,4.123551499858756,717.4982845427126,0,0,0,0,0,108.69720957934256,0,0,1224.6117157525334,0,0,0,0,0,0,0,0,0,0,0,0,0,0,632.4049300831151,0,0,211.75109185903443,0,1206.6511879325985,0,0,0,0,0,0,0,0,0,0,0,0,0,0,211.75109185903443,0,1206.6511879325985,0,0,632.4049300831151,0,0,0,0,0,0,0,0,0,221.14653811775534,0,535.5911920607855,0,0,0.0377644080594612,1259.4192350856422,0,0,23.54795726619368,11.064522936317704,0,0,0,0,0,0,0,0,0,0,0,0,0,0,0,0,0,0,0,0,0,614.4809611963037,0,0,0,0,0,0,0,0,0,715.8526679708112,720.4735807074964,0,0,0,0,0,0,0,0,0,0,0,0,0,0,0,0,0,0,0,0
M-010,177,2555.43302393,247.13984633,0.106558531406,0.0418367955135,877.319126129,51.5532916085,4.813616405113079,4.6095790633156355,242.85409592794392,0,0,0,0,0,0,416.57149170013577,0,867.9898084129701,0,0,0,0,0,0,0,0,0,0,0,0,0,0,219.69613349705418,0,0,126.85813122480432,0,1180.8611313191234,0,0,0,0,0,0,0,0,0,0,0,0,0,0,126.85813122480432,0,1180.8611313191234,0,0,219.69613349705418,0,0,0,0,0,0,0,0,0,19.644265350294013,0,228.15094312825275,0,0,0,1265.3221861745349,0,0,14.298001387943534,0,0,0,0,0,0,0,0,0,0,0,0,0,0,0,0,0,0,0,0,0,0,213.06578994799406,0,0,0,0,0,0,0,0,0,277.11480950594375,1037.234796587049,0,0,0,0,0,0,0,0,0,0,0,0,0,0,0,0,0,0,0,0
E-089,178,2747.22252594,136.831029325,0.0529124961997,0.0173425927388,1061.83181208,42.3360695205,5.076906377601151,3.5359280636711343,621.7865518862232,0,0,0,0,0,155.97020794499093,315.7263348516879,0,0,0,0,0,0,0,0,0,0,0,0,0,0,0,0,204.78172563732412,0,0,339.1777726217037,9.60284977777959,48.08586688003472,0,410.95120687316967,80.88367289286535,0,0,0,0,0,0,0,0,0,0,0,80.88367289286535,0,48.08586688003472,0,0,615.7329325104938,0,348.78062239948326,0,0,0,0,0,0,0,671.5810633976951,0,8.0946269050604,327.0678871544701,0,0,67.29322788720447,0,0,19.446289338445318,0,0,0,0,0,0,0,0,0,0,0,0,0,0,0,0,0,0,0,0,0,0,223.10745919236024,0,0,325.5539170785843,14.361580831434582,0,0,0,0,0,0,0,0,415.016110916143,115.44402666437449,0,0,0,0,0,0,0,0,0,0,0,0,0,0,0,0,0
M-003,179,3042.44684411,304.641044371,0.156076099972,0.0357313370729,966.032139757,36.0608045641,5.888178120550936,3.297645566386369,1665.0819074863946,0,0,0,0,0,0,0,0,825.2370930136069,0,0,0,0,0,0,0,0,0,0,0,0,0,0,1793.2951823376125,0,0,527.0939169321034,0,169.92990123025893,0,0,0,0,0,0,0,0,0,0,0,0,0,0,527.0939169321034,0,169.92990123025893,0,0,1793.2951823376125,0,0,0,0,0,0,0,0,0,301.68216227728044,0,1558.8315195961047,240.72730349521302,0,0,198.4712753834402,57.84558227070936,0,132.761157477161,0,0,0,0,0,0,0,0,0,0,0,0,0,0,0,0,0,0,0,0,0,0,1781.2648942589913,0,0,0,0,0,0,0,0,0,709.0541062409558,0,0,0,0,0,0,0,0,0,0,0,0,0,0,0,0,0,0,0,0,0
M-015,180,2274.63980006,10.2225423254,0.00833301190287,0.00119125272573,716.574597168,4.90727234461,2.174821753102197,NA,0,0,0,0,0,0,4.645271771546341,67.90744946997518,0,0,0,0,0,0,0,0,0,0,0,0,0,0,0,0,0,0,0,0,0,72.55272124148959,0,0,0,0,0,0,0,0,0,0,0,0,0,0,0,0,72.55272124148959,0,0,0,0,0,0,0,0,0,0,0,0,0.22344599669742435,0,0,0,0,0,72.32927524479923,0,0,0,0,0,0,0,0,0,0,0,0,0,0,0,0,0,0,0,0,0,0,0,0,0,0,0,0,31.079539991558658,0,0,0,0,0,0,0,41.4731812499334,0,0,0,0,0,0,0,0,0,0,0,0,0,0,0,0,0,0,0,0
E-091,181,3124.26667513,201.943890279,0.127528612953,0.041549151847,1173.97113234,82.6952851699,5.815071608285006,2.8872348525413942,2532.059235698877,0,0,0,1151.5801860051934,0,0,64.69956636909549,0,0,0,0,0,0,0,0,0,0,0,0,0,0,0,0,3255.19673770283,0,0,65.92093353792781,0,10.009035403904246,0,417.21228142870393,0,0,0,0,0,0,0,0,0,0,362.81652989102,0,0,0,10.009035403904246,0,0,3309.5924892405137,0,65.92093353792781,0,0,0,0,0,0,0,602.0406422491135,0,1707.843967915601,328.00103589638996,0,0,63.27164949767159,767.5747768705443,0,218.96251538728274,0,0,50.64656443122826,0,0,0,0,0,9.997835825502511,0,0,0,0,0,0,0,0,0,0,0,0,0,3269.719997919466,0,0,75.55930234628264,0,0,0,0,0,0,0,0,0,403.0596878075909,0,0,0,0,0,0,0,0,0,0,0,0,0,0,0,0,0,0
E-090,182,2625.45519624,74.1882530774,0.0266155150228,0.0205754123359,1008.51471296,54.1641924658,1.757527770978973,1.629089060463157,53.95028554095839,0,0,0,250.10301235212847,0,813.5436582161392,710.7775293619544,0,0,0,0,0,0,0,0,0,0,0,0,0,0,0,0,28.903148061959413,0,0,1466.1200271291223,0,190.7582001922248,0,71.73934682111577,70.85376326677203,0,0,0,0,0,0,0,0,0,20.517970310227344,885.7503838547386,70.85376326677203,0,190.7582001922248,0,0,80.12452457284785,0,518.5471059617444,61.82253731263923,0,0,0,0,0,0,1189.4518692507022,0,0,50.17210385532071,0,0,588.7505123651986,0,0,0,0,0,0,0,0,0,0,0,0,0,0,0,0,0,0,0,0,0,0,0,0,0,27.164892278885546,0,0,1572.8520062907207,0,0,0,0,0,0,0,0,0,77.6723432683209,73.89344266004363,0,0,0,0,0,0,0,76.79180097320767,0,0,0,0,0,0,0,0,0
M-001,183,3132.3696506,274.875556532,0.152142926873,0.0305049423935,1036.25804937,98.4706091226,5.2493459505811835,2.1311982531666116,1565.4936318409257,0,0,0,22.82248868128487,0,0,0,0,418.58414174352527,0,0,0,0,0,0,0,0,0,0,0,0,0,0,1632.5089882183781,0,0,374.3912740472427,0,0,0,0,0,0,0,0,0,0,0,0,0,0,0,0,374.3912740472427,0,0,0,0,1632.5089882183781,0,0,0,0,0,0,0,0,0,436.7629998817655,0,815.8865770856952,0,0,196.6796777279362,55.0549309824069,1.8560320034805327,0,393.9127422361284,0,0,106.74730234827071,0,0,0,0,0,0,0,0,0,0,0,0,0,0,0,0,0,0,0,1616.7718648222651,0,0,0,0,0,0,0,0,0,390.1283974433067,0,0,0,0,0,0,0,0,0,0,0,0,0,0,0,0,0,0,0,0,0
E-092,184,2948.69365173,165.097427498,0.0944613599115,0.0310960241494,1141.45370822,37.0900060158,6.737054439468567,3.2943054861561536,757.1235326654474,0,0,0,784.7949524659069,0,0,0,0,0,0,0,0,0,0,0,0,0,0,0,0,0,0,0,1097.1603565491407,110.69069840800334,0,0,0,0,0,296.5172659643494,37.550164209845526,0,0,0,0,0,0,0,0,0,296.5172659643494,0,37.550164209845526,0,0,0,0,1097.1603565491407,0,110.69069840800334,0,0,0,0,0,0,0,736.3866884065975,0,399.34381211922425,48.75325724726884,0,0,9.174196487666025,120.44399373748598,0,227.8165371329944,0,0,0,0,0,0,0,0,0,0,0,0,0,0,0,0,0,0,0,0,0,0,1095.6962235681503,0,0,0,0,0,0,0,0,0,0,0,0,321.98810209631233,24.676756650486986,0,0,0,0,0,0,99.55740281635876,0,0,0,0,0,0,0,0,0,0
M-012,185,2644.4403027,164.933411979,0.0760560604847,0.0171781808723,872.904385037,36.1061063935,4.3937108688202615,1.7518814539867817,0,0,0,0.12584466535581929,0,0,0,604.2692120077087,0,0,0,0,0,0,0,0,0,0,0,0,0,0,0,0,0,0,0,0,160.80379069753096,443.59126597563755,0,0,0,0,0,0,0,0,0,0,0,0,0,0,0,0,443.59126597563755,0,0,160.80379069753096,0,0,0,0,0,0,0,0,0,1.383081706571649,0,0,148.96897870152364,0,0,454.04299626506116,0,0,0,0,0,0,0,0,0,0,0,0,0,0,0,0,0,0,0,0,0,0,0,0,0,0,0,0,0,397.4566187448158,0,0,0,0,0,0,206.93843792830697,0,0,0,0,0,0,0,0,0,0,0,0,0,0,0,0,0,0,0,0
M-013,186,2674.10924339,179.073201443,0.0630528496371,0.0141220726695,853.305942112,31.4244888519,5.362695775603731,2.248944400101171,0,0,0,6.164578323605393,0,0,0,615.1276338126629,0,0,0,0,0,0,0,0,0,0,0,0,0,0,0,0,0,0,0,0,230.53673468341657,390.75547745302396,0,0,0,0,0,0,0,0,0,0,0,0,0,0,0,0,390.75547745302396,0,0,230.53673468341657,0,0,0,0,0,0,0,0,0,0,0,0,120.60692350797777,0,27.685416384732573,359.59860029378575,0,0,0,0,0,0,19.981483164217707,0,0,0,93.41978878570511,0,0,0,0,0,0,0,0,0,0,0,0,0,0,0,0,0,0,449.0260408310942,0,0,0,0,0,0,172.26617130529237,0,0,0,0,0,0,0,0,0,0,0,0,0,0,0,0,0,0,0,0
M-014,187,2462.86788931,193.424537383,0.0346582563928,0.0165200160888,810.142207219,40.0778501648,3.953029521565198,2.339564894618206,0,0,0,11.443954357370608,0,0,0,2294.301583696418,0,0,0,0,0,0,0,0,0,0,0,0,0,0,0,0,0,0,0,0,509.86660148091823,1795.878936572766,0,0,0,0,0,0,0,0,0,0,0,0,0,0,0,0,1795.878936572766,0,0,509.86660148091823,0,0,0,0,0,0,0,0,0,0,0,0,28.20365954988982,0,276.5491534984454,1502.2687140666349,0,0,0,0,0,0,219.48441365462202,0,260.3401628220983,0,18.67135987062583,0,0,0,0,0.22807459130364807,0,0,0,0,0,0,0,0,0,0,0,0,74.61137058629426,1178.8140731510741,0,0,0,0,0,0,1052.3200943163133,0,0,0,0,0,0,0,0,0,0,0,0,0,0,0,0,0,0,0,0
E-093,188,2949.09368981,344.896295296,0.0862825248592,0.0561161314574,1080.61816076,47.8215659448,4.650114719447957,3.644292145372944,335.31122250475636,0,0,176.85608905591826,885.231650347737,0,61.37488867041838,10.776689342873548,0,0,0,0,0,0,0,0,0,0,0,0,0,0,0,0,662.6505435986221,397.99072132430496,0,180.16475052918534,0,36.11794206382717,0,0,192.6265824057058,0,0,0,0,0,0,0,0,0,0,180.16475052918534,192.6265824057058,0,36.11794206382717,0,0,662.6505435986221,0,397.99072132430496,0,0,0,0,0,0,0,911.5147517776204,0,328.8082315935506,0,0,0,58.641265906264145,17.233461337222174,0,31.464712665950792,0,0,121.88811664099848,0,0,0,0,0,0,0,0,0,0,0,0,0,0,0,0,0,0,0,670.1853786463925,0,0,176.7014435098303,0,0,0,0,0,0,0,0,0,0.25624468163460384,254.2141119176686,0,0,0,0,0,0,368.19336116610674,0,0,0,0,0,0,0,0,0,0
M-008,189,3151.56167228,233.418564058,0.113319149072,0.0244145906714,932.816544966,17.4296398944,7.732321593352118,2.7675136734571404,934.4477232778589,0,0,0,0,0,0,101.44409435402353,0,0,0,0,0,0,0,0,0,0,0,0,0,0,0,0,1005.3333082180778,0,0,0,25.89824302206052,4.660266601354329,0,0,0,0,0,0,0,0,0,0,0,0,0,0,0,0,4.660266601354329,0,0,1031.2315512401383,0,0,0,0,0,0,0,0,0,43.24511531240316,0,492.32978949814407,306.10144231341906,0,0,38.71927958651725,0.5523478925436737,0,154.94384302884387,0,0,0,0,0,0,0,0,0,0,0,0,0,0,0,0,0,0,0,0,0,0,1015.0000167707825,0,0,0,20.891800861070102,0,0,0,0,0,0,0,0,0,0,0,0,0,0,0,0,0,0,0,0,0,0,0,0,0,0,0
M-006,190,3295.98698654,334.030600738,0.16539705688,0.0275807070335,966.330910316,50.0322601368,7.361569384972759,3.651568261124124,2866.9941539436995,0,0,0,0,0,0,5.428458568863604,0,197.504021795543,0,0,0,0,0,0,0,0,0,0,0,0,0,0,2769.772442273635,0,0,152.3332252735833,0,147.82096676086522,0,0,0,0,0,0,0,0,0,0,0,0,0,0,152.3332252735833,0,147.82096676086522,0,0,2769.772442273635,0,0,0,0,0,0,0,0,0,66.07532119789799,0,917.1295762007685,0,0,0,148.79020165175393,154.41341557936977,0,1783.5181196781118,0,0,0,0,0,0,0,0,0,0,0,0,0,0,0,0,0,0,0,0,0,0,2770.919868001837,0,0,0,0,0,0,0,0,0,150.2147703874397,148.79199591878245,0,0,0,0,0,0,0,0,0,0,0,0,0,0,0,0,0,0,0,0
M-034,191,2394.5528005,79.4500248755,0.0265935998983,0.00259736242049,679.468613845,33.0396996423,5.6326019982079885,1.8401256795433458,0,0,0,0,0,0,54.22674837444591,485.8581095785688,0,0,0,0,0,0,0,0,0,0,0,0,0,0,0,0,0,0,0,504.10840615535824,0,35.9764517976636,0,0,0,0,0,0,0,0,0,0,0,0,492.30686273386647,0,11.801543421491782,0,35.9764517976636,0,0,0,0,0,0,0,0,0,0,0,0,218.84163216840727,0.03984657663072582,0,0,0,0,168.79539810830772,152.4079810996443,0,0,0,0,0,0,0,0,0,0,0,0,0,0,0,0,0,0,0,0,0,0,0,0,0,0,0,540.0848579530225,0,0,0,0,0,0,0,0,0,0,0,0,0,0,0,0,0,0,0,0,0,0,0,0,0,0,0,0
M-007,192,3462.69272722,160.293668459,0.121014366192,0.0356747554313,945.00954895,20.5327183654,5.5979967508736195,2.2427499438106153,780.7034963617765,0,0,0,0,0,0,0,0,0,0,0,0,0,0,0,0,0,0,0,0,0,0,0,780.7034963617765,0,0,0,0,0,0,0,0,0,0,0,0,0,0,0,0,0,0,0,0,0,0,0,0,780.7034963617765,0,0,0,0,0,0,0,0,0,0,0,232.39376675983394,29.87334964243551,0,0,0,92.12255967773662,0,426.3138202817226,0,0,0,0,0,0,0,0,0,0,0,0,0,0,0,0,0,0,0,0,0,0,780.7034963617765,0,0,0,0,0,0,0,0,0,0,0,0,0,0,0,0,0,0,0,0,0,0,0,0,0,0,0,0,0,0,0
M-018,193,2642.61519106,233.272662523,0.016940414351,0.00949860209842,820.261182283,70.5139112417,5.184949445144634,2.7999823425629344,207.65804907418723,0,0,87.5521168863561,398.1191525892965,0,9.58005640419553,1421.3864901000347,0,0,0,0,0,0,0,0,0,0,0,0,0,0,0,0,458.9558638930562,0,0,9.360320116457727,973.40506942534455,682.5746122128387,0,0,0,0,0,0,0,0,0,0,0,0,225.44117243432916,0,58.47212282437127,0,682.5746122128387,242.87501157518477,0,914.9329466009733,0,0,0,0,0,0,0,0,0,306.4280962541152,3.4081323090217275,21.88235793999467,126.14045855311977,0,0,872.1668924699125,0,0,0,0,0,0,352.122707811368,0,435.611072867538,0,0,0,0,6.536146848982648,0,0,0,0,0,0,0,0,0,0,0,0,0,0,305.6590782448517,1098.1844447160267,0,0,0,0,524.5363776906602,0,195.9159644025535,0,0,0,0,0,0,0,0,0,0,0,0,0,0,0,0,0,0,0,0
M-019,194,3125.19307725,228.668488109,0.0323934725655,0.014388923743,895.832727606,15.8573667746,8.291122487790236,6.863273723142742,333.291774599216,0,0,60.04519913436922,343.530258306378,0,0,223.2666281893825,0,0,0,0,0,0,0,0,0,0,0,0,0,0,0,0,561.9157695373468,0,0,0,398.21809069201856,0,0,0,0,0,0,0,0,0,0,0,0,0,467.8408056981846,0,0,0,0,40.614934749115164,0,451.67811978206555,0,0,0,0,0,0,0,0,0,391.11650298304176,0,347.37826741047576,100.81822975353312,0,0,25.967916097152383,64.62119892316721,0,0,0,0,0,2.100753725194351,0,28.130991336785456,0,0,0,0,0,0,0,0,0,0,0,0,0,0,0,0,37.30291530409713,0,0,0,403.92605609545393,0,0,0,0,518.9048888297782,0,0,0,0,0,0,0,0,0,0,0,0,0,0,0,0,0,0,0,0,0,0
M-037,195,2447.87880647,97.1892194098,0.0276887542568,0.00209694002691,534.213502248,52.6836851501,4.924954032454828,2.088698018377138,766.8263192948579,0,0,10.830230149190394,0,0,94.77393122066223,272.1694194112188,0,0,0,0,0,0,0,0,0,0,0,0,0,0,0,0,0,0,0,942.4358505557889,0,37.624842475996765,0,0,0,0,164.53920704420767,0,0,0,0,0,0,12.79617532375185,737.1718513325424,0,164.53920704420767,0,37.624842475996765,192.46782389949462,0,0,0,0,0,0,0,0,0,0,0,872.3486057470463,0,0,0,0,0,27.424114412233212,244.8271799167726,0,0,0,0,0,0,0,0,0,0,0,0,0,0,0,0,0,0,0,0,0,0,0,0,0,0,0,912.1162764131436,0,0,0,0,0,0,0,0,0,0,0,0,0,0,0,0,0,0,0,232.48362366287077,0,0,0,0,0,0,0,0
E-094,196,3035.27211961,310.375665008,0.0816319645263,0.0498310890145,1062.74497947,37.1419306075,5.807337390774114,4.281705575517717,840.6550968009426,0,0,523.994662898188,189.3846307896298,0,130.86026502322602,690.1620092369108,0,0,0,0,0,0,0,0,0,0,0,0,0,0,0,0,1917.6163942232806,285.04826388508224,0,0,152.91126706355462,19.480739577037546,0,0,0,0,0,0,0,0,0,0,0,0,22.096681299864976,0,941.2810422604495,0,19.480739577037546,16.12705811169793,0,1091.022879614823,0,285.04826388508224,0,0,0,0,0,0,0,1113.9743410483309,27.02709713109469,703.2436497509409,0,0,81.45698699754053,38.504255623394656,45.246441675431015,0,61.7646235127313,0,0,126.67902865223165,157.63390144845573,0,0,0,0,19.52633890877067,0,0,0,0,0,0,0,0,0,0,0,0,0,1129.1088726060145,0,0,0,168.46724122976644,0,0,0,0,773.6049173631343,0,0,0,0,0,0,0,0,0,0,0,303.87563354995336,0,0,0,0,0,0,0,0,0,0
M-020,197,3529.89011938,153.528007821,0.0934097791711,0.0317761094407,933.529437521,16.7300860887,6.861322313629809,4.913185865525653,1022.4461435017961,0,0,0,0,0,0,0,0,0,0,0,0,0,0,0,0,0,0,0,0,0,0,0,1018.5389324857754,0,0,0,3.9072110160208315,0,0,0,0,0,0,0,0,0,0,0,0,0,0,0,0,0,0,0,0,1022.4461435017962,0,0,0,0,0,0,0,0,0,5.050859764108207,0,128.84518538382576,13.791844744652856,0,0,0,305.7587853177962,0,568.9994682913859,0,0,0,0,0,0,0,0,0,0,0,0,0,0,0,0,0,0,0,0,0,0,1017.4847961067064,0,0,0,4.961347395098532,0,0,0,0,0,0,0,0,0,0,0,0,0,0,0,0,0,0,0,0,0,0,0,0,0,0,0
M-041,198,2347.25198045,78.0237465915,0.0119044562905,0.00539127844937,580.786661784,33.4730551039,4.727685378198528,2.0273905162125048,616.715673548174,0,0,0,0,0,40.79781301858698,0,0,0,0,0,0,0,0,0,148.3049272824818,0,0,0,0,0,0,0,0,0,0,705.9299352419432,16.594410231995553,83.29406837523277,0,0,0,0,0,0,0,0,0,0,0,0,0,0,0,0,83.29406837523277,618.5482992629012,19.834738240147566,84.14130797089,0,0,0,0,0,0,0,0,0,374.786466091135,0,0,0,0,0,328.5035023727033,101.22784514435017,0,0,0,0,0,0,1.30060024100188,0,0,0,0,0,0,0,0,0,0,0,0,0,0,0,0,0,0,0,0,799.2282284803778,6.579446803338379,0,0,0,0,0,0,0,0,0,0,0,0,0,0,0,0,0,0,0.010738565385250101,0,0,0,0,0,0,0,0
E-096,199,3060.9794797,222.349428925,0.0680412745043,0.0305332268098,1045.30944234,25.3465324415,7.159105227897346,2.9621664013554274,1042.87635980107,0,0,347.45560533965175,130.61782786734886,0,43.19199083129164,237.63481068636597,0,0,0,0,0,0,0,0,0,0,0,0,0,0,0,0,1801.7765945256465,0,0,0,0,0,0,0,0,0,0,0,0,0,0,0,0,0,0,0,625.9213410071909,0,0,165.78920861509226,0,1010.0660449033633,0,0,0,0,0,0,0,0,0,769.5388575989272,0,447.2279772803035,0,0,97.49529450379939,0,399.5961142301925,0,27.72070883487848,0,0,0,60.197642077586465,0,0,0,0,0,0,0,0,0,0,0,0,0,0,0,0,0,0,1083.743238579562,0,0,0,0,0,0,0,0,682.5888298656178,0,0,0,0,0,35.444526080538495,0,0,0,0,0,0,0,0,0,0,0,0,0,0,0,0
M-024,200,3221.37462537,196.262289831,0.0146612734635,0.0116525594267,897.735823922,8.72377487251,7.5662933682954305,4.2480630067895575,402.2194775459287,0,0,19.544123642494863,507.73957440557797,0,0,0,0,0,0,0,0,0,0,0,0,0,0,0,0,0,0,0,537.274020003462,0,0,0,324.23933299056654,67.98982259989172,0,0,0,0,0,0,0,0,0,0,0,0,0,0,0,0,67.98982259989172,136.93234315615913,0,724.5810098378695,0,0,0,0,0,0,0,0,0,340.52928103613107,0,215.75648433864873,59.379118414052414,0,0,69.32246041082398,244.51583139430738,0,0,0,0,0,0,0,0,0,0,0,0,0,0,0,0,0,0,0,0,0,0,0,0,392.2397390022189,0,0,0,333.64432994598207,0,0,0,0,203.61910664586148,0,0,0,0,0,0,0,0,0,0,0,0,0,0,0,0,0,0,0,0,0,0
M-032,201,2434.47424684,127.61428639,0.0187782227824,0.00418914647594,762.81427002,58.4264535115,4.101970986150841,1.7979564722519574,0,0,0,21.269826227618548,0,74.21075021748304,43.311473918731174,793.253820947639,0,0,0,0,0,0,0,0,0,0,0,0,0,0,0,0,0,0,0,759.0728780305411,0,172.9729937674606,0,0,0,0,0,0,0,0,0,0,0,104.41966294621373,637.8585551929923,0,16.794659891335087,0,172.9729937674606,0,0,0,0,0,0,0,0,0,0,0,0,460.97089601782636,19.73311699013717,0,0,0,0,451.3418583035933,0,0,0,0,0,0,0,0,0,0,0,0,0,0,0,0,0,0,0,0,0,0,0,0,0,0,0,0,932.0458713115444,0,0,0,0,0,0,0,0,0,0,0,0,0,0,0,0,0,0,0,0,0,0,0,0,0,0,0,0
E-097,202,2956.07716643,147.85080799,0.0454573725689,0.0236409648714,1020.4690413,16.9062687919,4.575359923068293,1.9536311774971458,128.5526737695399,0,0,34.78644677105437,227.16056035284169,0,22.254335515489494,317.26890688750484,0,0,0,0,0,0,0,0,0,0,0,0,0,0,0,0,730.0229232964613,0,0,0,0,0,0,0,0,0,0,0,0,0,0,0,0,0,0,0,470.13927697047706,0,0,221.00051007759248,0,38.88313624839178,0,0,0,0,0,0,0,0,0,548.4288240371918,0,0,0,0,0,0,131.91236969286828,0,0,0,0,0,49.681729566432395,0,0,0,0,0,0,0,0,0,0,0,0,0,0,0,0,0,0,0.6648531625472338,0,0,0,0,0,0,0,0,502.4803138880775,0,0,0,0,0,226.87775624583108,0,0,0,0,0,0,0,0,0,0,0,0,0,0,0,0
M-025,203,3126.01245577,146.761353535,0.00261106701704,0.00260443818701,893.968469238,5.92844225457,7.717742272809216,2.4500236173072354,313.65033426599695,0,0,4.679287750437579,273.04074706153625,0,0,36.19558930382482,0,0,0,0,0,0,0,0,0,0,0,0,0,0,0,0,590.3392024702914,0,0,0,37.226755911479934,0,0,0,0,0,0,0,0,0,0,0,0,0,0,0,0,0,0,138.63017157675677,0,488.93578680501463,0,0,0,0,0,0,0,0,0,570.61255874714,0,0,2.432802076807314,8.101499020633963,0,0,40.94466420432575,0,5.474434333005866,0,0,0,0,0,0,0,0,0,0,0,0,0,0,0,0,0,0,0,0,0,0,445.187193481359,0,0,0,19.93625166175149,0,0,0,0,162.44251323867493,0,0,0,0,0,0,0,0,0,0,0,0,0,0,0,0,0,0,0,0,0,0
E-095,204,3457.43761204,181.436279728,0.112349706516,0.0362194811913,1016.07433472,26.3575788773,5.682205136529673,2.3803552323826773,812.6521942302171,0,0,90.59594235337508,121.79008054021018,0,85.68271566885734,266.45126737710086,0,0,0,0,0,0,0,0,0,0,0,0,0,0,0,0,1377.1722001697322,0,0,0,0,0,0,0,0,0,0,0,0,0,0,0,0,0,0,0,53.401693434542906,0,0,40.69064040707449,0,1283.0798663281148,0,0,0,0,0,0,0,0,0,117.60142638469858,0,26.053260425642453,0,0,0,0,291.1419270826424,0,831.9403308769171,0,0,110.43525539984022,0,0,0,0,0,0,0,0,0,0,0,0,0,0,0,0,0,0,0,1011.2515417064498,0,0,0,0,0,0,0,0,365.9206584632321,0,0,0,0,0,0,0,0,0,0,0,0,0,0,0,0,0,0,0,0,0,0
E-118,205,2533.07354873,187.250372281,0,0,574.580159505,14.8563039964,7.569080103296537,2.285205238769621,0,0,0,0,0,0,1.4114902851255782,0,0,0,0,0,0,0,0,0,429.7309046367657,0,0,0,0,0,0,0,0,0,0,0,395.92577975118724,0.0963272021084778,35.120287968608544,0,0,0,0,0,0,0,0,0,0,0,0,0,0,0,0.0963272021084778,35.120287968608544,0,395.92577975118724,0,0,0,0,0,0,0,0,0,50.324723691029426,0,0,0.332943469409117,0,0,43.1834372919895,333.71622059677145,0,0,0,0,0,0,3.5850698726803243,0,0,0,0,0,0,0,0,0,0,0,0,0,0,0,0,0,0,0,0,0,378.9362414227273,0,0,0,52.20615349918483,0,0,0,0,0,0,0,0,0,0,0,0,0,0,0,0,0,0,0,0,0,0,0
E-186,206,2538.32324436,189.5692175,5.19295669316e-5,5.87093784942e-5,543.732451005,34.101436298,8.2063399153582,2.1600365679742,0,0,0,0,0,0,69.97359479996715,0,0,0,0,0,0,0,0,0,956.0587420803888,0,0,0,0,0,0,0,0,0,0,2.959904591486226,986.3328077870218,0,36.739624501803455,0,0,0,0,0,0,0,0,0,0,0,0,0,0,0,0,36.739624501803455,2.959904591486226,986.3328077870218,0,0,0,0,0,0,0,0,0,130.73503962923039,0,0,1.5493627622483535,0,0,67.04861453673817,825.8728338928283,0,0,0,0,0,0,0.8264860592146541,0,0,0,0,0,0,0,0,0,0,0,0,0,0,0,0,0,0,0,0,16.26632869007922,949.2420962326,0,0,0,60.52391195763502,0,0,0,0,0,0,0,0,0,0,0,0,0,0,0,0,0,0,0,0,0,0,0
M-021,207,3455.30323003,110.725484854,0.0454991652483,0.0262565290078,938.708162007,12.2705710725,4.5166944156250395,1.9792084685874285,464.0756873027814,0,0,436.3031045698991,0,0,0,0,0,0,0,0,0,0,0,0,0,0,0,0,0,0,0,0,900.3787918726689,0,0,0,0,0,0,0,0,0,0,0,0,0,0,0,0,0,0,0,0,0,0,55.116656353586016,0,845.2621355190829,0,0,0,0,0,0,0,0,0,0.28863607225573645,0,144.4066859075237,0,0,0,0,19.89246051278993,0,735.7910093800442,0,0,0,0,0,0,0,0,0,0,0,0,0,0,0,0,0,0,0,0,0,0,900.3787918726042,0,0,0,0,0,0,0,0,0,0,0,0,0,0,0,0,0,0,0,0,0,0,0,0,0,0,0,0,0,0,0
E-120,208,2366.63340407,126.216477491,4.11411519963e-6,5.81823751248e-6,624.384425572,16.0647125976,3.494591361473278,2.427324152855274,0,0,0,0,0,0,261.63639890979863,0,0,0,0,0,0,0,0,0,549.3958641414367,0,0,0,0,0,0,0,0,0,0,0,569.9839637179183,0,241.0482993332627,0,0,0,0,0,0,0,0,0,0,0,0,0,0,0,0,241.0482993332627,0,569.9839637179183,0,0,0,0,0,0,0,0,0,0,0,0,0,0,0,23.19038419981405,602.3936185289258,0,0,0,0,0,0,185.4482603225491,0,0,0,0,0,0,0,0,0,0,0,0,0,0,0,0,0,0,0,0,0,541.2215374883046,0,0,0,269.81072556287074,0,0,0,0,0,0,0,0,0,0,0,0,0,0,0,0,0,0,0,0,0,0,0
E-133,209,2328.55627968,49.1200809314,3.82981490641e-5,5.37166744901e-5,646.823916117,8.64632126859,2.8032766806870577,1.76346296584673,0,0,0,0,106.03883281613416,0,276.17470363550933,0,0,0,0,0,0,0,0,0,590.6397551606996,0,0,0,0,0,0,0,0,0,251.97250120420458,0,427.3796712839071,48.68994677690328,244.8111723473357,0,0,0,0,0,0,0,0,0,0,251.97250120420458,0,0,0,0,48.68994677690328,244.8111723473357,0,427.3796712839071,0,0,0,0,0,0,0,0,0,59.125884536690755,0,0,0,0,0,48.909660436131816,269.6295765865397,0,0,0,0,0,0,595.1881700529801,0,0,0,0,0,0,0,0,0,0,0,0,0,0,0,0,0,0,0,267.0320796014453,0,394.50691042378054,0,0,0,311.3143015871853,0,0,0,0,0,0,0,0,0,0,0,0,0,0,0,0,0,0,0,0,0,0,0
E-099,210,3502.44437895,166.119426336,0.0785779371052,0.0243585593147,991.332814809,26.4268466419,4.437532231204558,2.470896395452464,992.1160735328021,0,0,677.5655454757833,53.17621520854196,0,0,582.41358416958,0,0,0,0,0,0,0,0,0,0,0,0,0,0,0,0,2305.27141838665,0,0,0,0,0,0,0,0,0,0,0,0,0,0,0,0,0,0,0,154.26681162046594,0,0,15.395040619988322,0,2135.609566146196,0,0,0,0,0,0,0,0,0,121.96239492100071,0,30.978234166877066,178.47078370667282,0,0,0,538.0015821875352,0,1383.0737207353118,0,0,52.78470266927615,0,0,0,0,0,0,0,0,0,0,0,0,0,0,0,0,0,0,0,1074.5176770642404,0,0,0,0,0,0,0,0,1230.753741322413,0,0,0,0,0,0,0,0,0,0,0,0,0,0,0,0,0,0,0,0,0,0
M-026,211,3077.63770899,198.344494206,0.00140796572553,0.00185793714417,898.993875255,19.6213223191,3.836168475719063,2.0918658871036686,154.38033839287164,0,0,66.31013823727795,243.00252735937696,0,0,421.0712233905528,0,0,0,0,0,0,0,0,0,0,0,0,0,0,0,0,338.303627766991,0,0,0,546.4605996131064,0,0,0,0,0,0,0,0,0,0,0,0,0,0,0,38.59083882241137,0,0,268.1922403685661,0,577.9811481891198,0,0,0,0,0,0,0,0,0,332.3047978489381,8.111062695555011,0,10.908888298204172,138.05649435307186,72.57110357538417,56.778509719893385,0,0,266.03337088899855,0,0,0,0,0,0,0,0,0,0,0,0,0,0,0,0,0,0,0,0,0,0,91.87228259823044,0,0,0,518.3344223610368,0,0,0,0,274.5575224208472,0,0,0,0,0,0,0,0,0,0,0,0,0,0,0,0,0,0,0,0,0,0
M-023,212,3369.36818755,140.747446442,0.0201949799721,0.0218013195912,911.495521282,15.9304567091,5.022700152479289,4.020876940139963,716.2026801795148,0,0,689.4364435504702,0,0,0,263.6691273728673,0,0,0,0,0,0,0,0,0,0,0,0,0,0,0,0,1130.612069134765,0,0,0,538.6961819681927,0,0,0,0,0,0,0,0,0,0,0,0,0,0,0,0,0,0,6.309424377527563,0,1662.9988267254303,0,0,0,0,0,0,0,0,0,626.5802829679028,0,141.92708178239522,166.23328230127757,0,0,0,310.6969148741906,0,423.87068917710263,0,0,0,0,0,0,0,0,0,0,0,0,0,0,0,0,0,0,0,0,0,0,1144.7418948986672,0,0,0,524.5663562041909,0,0,0,0,0,0,0,0,0,0,0,0,0,0,0,0,0,0,0,0,0,0,0,0,0,0,0
E-188,213,2619.96058224,198.983674447,3.12284597006e-4,4.58139777511e-4,545.459093961,42.2869993968,6.553662961188449,2.914011558051029,0,0,0,73.84931537673957,0,0,14.036448989358437,0,0,0,0,0,0,0,0,1.2974067896109684,901.8940795659,0,0,0,0,0,0,0,0,0,0,11.35935987756058,979.7178908440139,0,0,0,0,0,0,0,0,0,0,0,0,0,0,0,0,0,0,0,11.35935987756058,979.7178908440139,0,0,0,0,0,0,0,0,0,0,0,0,153.20328273091434,0,0,22.35132467553167,568.8614083418845,0,35.99055093994689,0,0,0,0,210.67068403318527,0,0,0,0,0,0,0,0,0,0,0,0,0,0,0,0,0,0,0,0,17.21801921305251,973.8592315085231,0,0,0,0,0,0,0,0,0,0,0,0,0,0,0,0,0,0,0,0,0,0,0,0,0,0,0
M-030,214,2799.71200235,204.758817634,0.00720272090402,0.00482343300944,882.791879883,35.612666575,7.439144351647752,3.072374073021626,0,0,0,682.3701368359191,0,0,0,627.966676678325,0,0,0,0,0,0,0,0,0,0,0,0,0,0,0,0,952.0242200289574,0,0,142.98117323638522,215.33142024888593,0,0,0,0,0,0,0,0,0,0,0,0,14.788094786171971,1012.510165591256,0,0,0,0,67.70713288791472,0,215.33142024888593,0,0,0,0,0,0,0,0,0,1047.7447055556595,0,0,0,0,43.00839127759436,55.86135932912367,0,0,160.16936493627185,0,0,0,3.552992415607363,0,0,0,0,0,0,0,0,0,0,0,0,0,0,0,0,0,0,0,0,0,173.32047364697195,192.94524320072145,0,0,0,0,944.0710966665904,0,0,0,0,0,0,0,0,0,0,0,0,0,0,0,0,0,0,0,0,0,0
E-119,215,2607.13940084,213.706780662,0,0,598.935047496,20.2456415684,5.990263070536827,2.506614859076767,0,0,0,0,0,0,7.721337210779467,0,0,0,0,0,0,0,0,0,946.9018838598657,0,0,0,0,0,0,0,0,0,0,0,951.3880266403039,0.08759291649098715,3.1476015138754816,0,0,0,0,0,0,0,0,0,0,0,0,0,0,0,0.08759291649098715,3.1476015138754816,0,951.3880266403039,0,0,0,0,0,0,0,0,0,0,0,0,101.06773548623055,0,0,0.13660658602796694,800.4043498098359,0,0,0,0,0,0,53.01452918856209,0,0,0,0,0,0,0,0,0,0,0,0,0,0,0,0,0,0,0,0,0,944.6296830737562,0,0,0,9.993537996820026,0,0,0,0,0,0,0,0,0,0,0,0,0,0,0,0,0,0,0,0,0,0,0
M-031,216,2791.63573669,264.988639706,0.0130294180763,0.00589062091087,815.676141648,58.4629264384,7.206653447744998,2.997169352802098,0,0,0,316.3606848409669,0,21.69357734853296,0,571.7511624344154,0,0,0,0,0,0,0,0,0,0,0,0,0,0,0,0,193.8172263941298,0,0,545.5251358196663,170.46306241020125,0,0,0,0,0,0,0,0,0,0,0,0,381.0711535977852,358.2712086160109,0,0,0,0,0,0,170.46306241020125,0,0,0,0,0,0,0,0,0,620.0149762856065,0,0,0,0,28.68521723503893,11.699170586794605,0,0,171.7242279398347,0,0,0,77.68183257668214,0,0,0,0,0,0,0,0,0,0,0,0,0,0,0,0,0,0,5.743493015541407,0,0,563.9823456445826,158.87001591550404,0,0,0,0,181.20957004833636,0,0,0,0,0,0,0,0,0,0,0,0,0,0,0,0,0,0,0,0,0,0
E-121,217,2537.62912517,176.5494759,0,0,633.87579834,17.8831279559,4.74253554269389,2.2624475932827366,0,0,0,0,0,0,72.74996803236594,0,0,0,0,0,0,0,0,0,811.8873345236318,0,0,0,0,0,0,0,0,0,0,0,819.534753923142,0.0011173336297753873,65.10143129925842,0,0,0,0,0,0,0,0,0,0,0,0,0,0,0,0.0011173336297753873,65.10143129925842,0,819.534753923142,0,0,0,0,0,0,0,0,0,0,0,0,5.34413706651671,0,0,0.5547190593028699,778.4302889681802,0,0,0,0,0,0,100.30815746199993,0,0,0,0,0,0,0,0,0,0,0,0,0,0,0,0,0,0,0,0,0,812.0104164320128,0,0,0,72.62688612399481,0,0,0,0,0,0,0,0,0,0,0,0,0,0,0,0,0,0,0,0,0,0,0
M-035,218,2620.66463758,240.835965357,0.0226923597112,0.00880595115248,668.87388916,91.2269344888,4.910723928908743,2.454970687326049,0,0,0,172.78382259954756,0,68.72995886577623,19.513617040503885,1308.8419370142917,0,0,0,0,0,0,0,0,0,0,0,0,0,0,0,0,128.1470335847633,0,0,1299.290552565645,100.27704952345852,9.246344841204985,0,0,0,0,32.90835500544368,0,0,0,0,0,0,203.09616516044298,1224.3414209899652,0,32.90835500544368,0,9.246344841204985,0,0,100.27704952345852,0,0,0,0,0,0,0,0,0,821.8011211920075,129.41223190743017,0,0,0,0,145.61307821863036,334.0868771346043,0,138.95602706783353,0,0,0,0,0,0,0,0,0,0,0,0,0,0,0,0,0,0,0,0,0,0,14.393228795534414,0,0,1300.7872073645938,98.21208358105714,0,0,0,0,105.69680429003081,0,0,0,0,0,0,0,0,0,0,0,0,0,50.78001148923191,0,0,0,0,0,0,0,0
M-040,219,2457.8744943,154.3354078,0.0121838457093,0.00588881204944,619.353775024,52.6684860368,5.445620153213422,2.9581302153680724,294.62140945294396,0,0,25.15781767888101,165.37089623636422,0,0,0,0,0,0,0,0,0,0,0,2.349118631026827,0,0,0,0,0,0,0,0.4715550482531938,0,0,460.03167595209163,0,26.996010998870016,0,0,0,0,0,0,0,0,0,0,0,0,0.4715550482531938,0,0,0,26.996010998870016,291.84403360574737,0,168.18764234634426,0,0,0,0,0,0,0,0,0,429.0152151390067,0,0,0,0,0,53.22085149306425,5.263175366978812,0,0,0,0,0,0,0,0,0,0,0,0,0,0,0,0,0,0,0,0,0,0,0,0,0.011179455411546572,0,0,487.4880625438572,0,0,0,0,0,0,0,0,0,0,0,0,0,0,0,0,0,0,0,0,0,0,0,0,0,0,0,0
M-036,220,2776.16176127,213.536203377,0.0186847041939,0.00784734365348,691.903143521,56.7838297348,6.268931294836908,2.771906036560542,0.034721315727907855,0,0,833.7327624546165,0,16.165503010367136,0,702.9873127658404,0,0,0,0,0,0,0,0,0,0,0,0,0,0,0,0,422.74168515925663,0,0,997.5618993427329,35.43008580475617,97.18662923968544,0,0,0,0,0,0,0,0,0,0,0,857.6965455375614,562.5809913097474,0,0,0,97.18662923968544,0.0260476546807749,0,35.43008580475617,0,0,0,0,0,0,0,0,0,1144.1054663588761,0.8914209335293983,0,0,0,0,131.2713302314958,110.19073187261809,0,166.4613501499075,0,0,0,0,0,0,0,0,0,0,0,0,0,0,0,0,0,0,0,0,0,0,12.739821154807482,0,0,1113.9957579068098,35.1490929938981,0,0,0,0,391.03562749090986,0,0,0,0,0,0,0,0,0,0,0,0,0,0,0,0,0,0,0,0,0,0
E-098,221,2767.97101411,126.821833193,0.0221137501649,0.018271881683,980.428592763,51.860318569,2.7686537780295764,1.5205487086151224,0,0,0,227.85970980550033,1067.2387955640158,0,327.0393069609135,917.6430555831959,0,0,0,0,0,0,0,0,0,0,0,0,0,0,0,0,1881.1483396347164,0,0,273.3268680434902,0,368.2621602008691,0,0,17.043500034433308,0,0,0,0,0,0,0,0,38.574172030367656,0,273.3268680434902,1582.1625765716383,0,368.2621602008691,72.01237390613014,0,205.4427171610136,0,0,0,0,0,0,0,0,0,2001.7242416077759,0,0,0,0,12.858919449700288,497.44489299047405,0,0,0,0,0,0,0,0,27.75281386550445,0,0,0,0,0,0,0,0,0,0,0,0,0,0,0,0,92.17544020618797,0,0,320.89977992379266,0,0,0,0,0,2074.485672972504,0,0,0,0,44.3868298379825,7.8331449730486975,0,0,0,0,0,0,0,0,0,0,0,0,0,0,0,0
M-027,222,3012.61689392,196.13538552,6.95162665562e-4,0.00109306907484,940.131796519,46.7711271552,5.351863843740121,2.7329567316066705,0,0,0,696.7462093182712,1204.4305055905627,0,0,944.2672956905667,0,0,0,0,0,0,0,0,0,0,0,0,0,0,0,0,1397.3303353143347,0,0,297.19715846658704,1150.9165168184318,0,0,0,0,0,0,0,0,0,0,0,0,0,297.19715846658704,0,70.82120744017988,0,0,429.3856756173284,0,2048.0399690752583,0,0,0,0,0,0,0,0,0,1769.6278942448669,98.69246798531879,0,0,71.3701613261155,143.3938028979289,47.737664091223294,33.58107784110257,0,681.0409422129411,0,0,0,0,0,0,0,0,0,0,0,0,0,0,0,0,0,0,0,0,0,0,909.8722371016214,0,0,298.68513363616484,1176.9371126450828,0,0,0,0,459.94952721653266,0,0,0,0,0,0,0,0,0,0,0,0,0,0,0,0,0,0,0,0,0,0
M-042,223,2626.35603223,195.37437091,0.00137482917402,0.00184273411031,570.985838623,44.4283924912,4.8508657332560245,1.7421315885416653,0,0,0,18.64247979538862,0,0,7.901461315895018,135.78457615703303,0,0,0,0,0,0,0,0,1192.204390903468,0,0,0,0,0,0,0,0,0,0,449.7764671701312,904.756441001626,0,0,0,0,0,0,0,0,0,0,0,0,0,0,0,0,387.7593665929896,0,0,62.01710057714158,904.756441001626,0,0,0,0,0,0,0,0,0,0,0,0,333.74600783120377,0,0,1.2006770316118889,356.2289077203739,0,96.13701570329738,0,0,0,0,567.2202998858372,0,0,0,0,0,0,0,0,0,0,0,0,0,0,0,0,0,0,0,0,449.50980496843,905.0231032034674,0,0,0,0,0,0,0,0,0,0,0,0,0,0,0,0,0,0,0,0,0,0,0,0,0,0,0
M-048,224,2611.8645264,224.537386947,0.00609624491881,0.0041925711367,600.889993668,71.5689658304,6.978687273952547,3.293385583840656,12.784582002228099,0,0,100.75371389698815,602.8257363856625,0,0,0,0,0,0,0,0,0,0,0,37.61207344854599,0,0,0,0,0,0,0,58.21145647440453,0,0,695.7646492590956,0,0,0,0,0,0,0,0,0,0,0,0,0,0,58.21145647440453,0,0,0,0,31.678646668265273,0,664.0860025908303,0,0,0,0,0,0,0,0,0,557.3343027118929,0,0,0,48.35712740254736,0,148.28467561909866,0,0,0,0,0,0,0,0,0,0,0,0,0,0,0,0,0,0,0,0,0,0,0,0,0,48.59816006897491,0,0,705.377945664507,0,0,0,0,0,0,0,0,0,0,0,0,0,0,0,0,0,0,0,0,0,0,0,0,0,0,0,0
E-100,225,3285.54328405,206.210930491,0.0610665819891,0.00861214972308,1032.71347444,30.5971092285,5.240560982744309,2.425397368815337,0,0,0,457.66741176956236,132.7043463228062,0,0,431.1818839394447,0,0,0,0,0,0,0,0,0,0,0,0,0,0,0,0,1021.5536420318149,0,0,0,0,0,0,0,0,0,0,0,0,0,0,0,0,0,0,0,255.2732038247507,0,0,67.58981191422001,0,698.6906262928442,0,0,0,0,0,0,0,0,0,343.6433007704816,0,112.50663929059054,143.8297687323,0,0,0,215.24025618106333,0,186.77673246373118,0,0,0,0,0,19.556944593656088,0,0,0,0,0,0,0,0,0,0,0,0,0,0,0,0,70.63329586954173,0,0,0,0,0,0,0,0,950.9203461622848,0,0,0,0,0,0,0,0,0,0,0,0,0,0,0,0,0,0,0,0,0,0
E-122,226,2644.7318054,197.974061119,0,0,665.848256429,36.5961701549,4.20587440088342,1.8430278913674922,0.823907144374569,0,0,117.97326929254673,30.85682813915955,0,0,0,0,0,0,0,0,0,0,0,880.9623013087363,0,0,0,0,0,0,0,0,0,0,0,1030.616305884769,0,0,0,0,0,0,0,0,0,0,0,0,0,0,0,0,0,0,0,0,1030.616305884769,0,0,0,0,0,0,0,0,0,0,0,0,44.89858342878763,0,0,0,604.6938532326128,0,0,0,0,0,0,381.0238692233888,0,0,0,0,0,0,0,0,0,0,0,0,0,0,0,0,0,0,0,0,0,1030.616305884769,0,0,0,0,0,0,0,0,0,0,0,0,0,0,0,0,0,0,0,0,0,0,0,0,0,0,0
E-187,227,3388.17339246,147.959110535,0.0363805859483,0.0100772098133,984.147853306,28.0880473661,7.128752996056922,2.8852004947645478,219.86508768832798,0,0,383.82400268468746,0,0,9.09012510035947,0,0,0,0,0,0,0,0,0,0,0,0,0,0,0,0,0,556.320509988242,0,0,0,56.45870548513218,0,0,0,0,0,0,0,0,0,0,0,0,0,0,0,0,0,0,27.12544242552964,0,585.6537730478445,0,0,0,0,0,0,0,0,0,28.70658663555471,0,47.03958641596491,30.199440097013625,0,0,0,60.45802099369954,0,446.37558133112884,0,0,0,0,0,0,0,0,0,0,0,0,0,0,0,0,0,0,0,0,0,0,46.12842161602394,0,0,0,59.838711106967814,0,0,0,0,506.8120827503541,0,0,0,0,0,0,0,0,0,0,0,0,0,0,0,0,0,0,0,0,0,0
M-059,228,3256.49409571,101.838157539,0.0066924678801900004,0.00881858104566,961.688232422,49.6785057115,4.570603380910107,2.226246170907816,0,0,0,238.16371795358006,0,0,14.833400324454002,767.3764936259148,0,0,0,0,0,0,0,0,0,0,0,0,0,0,0,0,118.96063744281037,0,0,0,901.4129744611262,0,0,0,0,0,0,0,0,0,0,0,0,0,0,0,0,0,0,14.511546284851873,0,1005.8620656190847,0,0,0,0,0,0,0,0,0,21.533102326532656,0,30.739661928944773,0,0,0,0,17.61140148931144,0,950.4894461591743,0,0,0,0,0,0,0,0,0,0,0,0,0,0,0,0,0,0,0,0,0,0,131.1966208769188,0,0,0,889.1769910270505,0,0,0,0,0,0,0,0,0,0,0,0,0,0,0,0,0,0,0,0,0,0,0,0,0,0,0
E-189,229,3394.79822582,157.488566424,0.0503687242744,0.0130503460542,1026.67211533,32.5875354177,6.789730596669532,3.0888088015869832,0,0,0,717.7025042319508,0,0,4.6703852589798,0,0,0,0,0,0,0,0,0,0,0,0,0,0,0,0,0,722.372889490938,0,0,0,0,0,0,0,0,0,0,0,0,0,0,0,0,0,0,0,0,0,0,15.351531026471855,0,707.0213584644661,0,0,0,0,0,0,0,0,0,34.99109633700521,0,0,3.503984001769625,0,0,0,0,0,683.8778091521199,0,0,0,0,0,0,0,0,0,0,0,0,0,0,0,0,0,0,0,0,0,0,13.858742191551329,0,0,0,0,0,0,0,0,708.51414729938,0,0,0,0,0,0,0,0,0,0,0,0,0,0,0,0,0,0,0,0,0,0
M-038,230,2872.3156354,246.145857351,0.0132570949218,0.0091877208342,701.416230232,91.6989117545,4.928249932572977,2.7595160526067604,22.738266213180598,0,0,569.1698331141963,0,0,0,994.1588333184214,0,0,0,0,0,0,0,0,0,0,0,0,0,0,0,0,774.7329195987633,0,0,622.8500084283562,106.5529561642943,81.93104845446851,0,0,0,0,0,0,0,0,0,0,0,355.1691080465405,774.7329195987633,0,95.47845248946624,0,81.93104845446851,82.37621432096657,0,196.3791897356772,0,0,0,0,0,0,0,0,0,834.8752737269549,0,0,0,0,0,72.68331237308568,0.7920087927813257,0,313.214151353251,0,0,0,0,0,364.50218639984956,0,0,0,0,0,0,0,0,0,0,0,0,0,0,0,0,722.8948563623649,0,0,740.7156573317936,92.08162809627433,0,0,0,0,30.374790855408623,0,0,0,0,0,0,0,0,0,0,0,0,0,0,0,0,0,0,0,0,0,0
E-123,231,2686.80635627,160.818909137,1.91604998534e-9,2.70970387545e-9,698.822368421,33.8211762262,3.403256718070091,1.7979413889569853,31.52588911006519,0,0,7.14134904084487,123.44020643768243,0,0,0,0,0,0,0,0,0,0,0,550.3492788933588,0,0,0,0,0,0,0,0,0,0,0,712.4567234818688,0,0,0,0,0,0,0,0,0,0,0,0,0,0,0,59.86002064660799,0,0,0,0,652.5967028352609,0,0,0,0,0,0,0,0,0,0,0,0,30.425997261186364,0,0,0,281.0238926266885,0,0,0,0,0,0,401.00683359405093,0,0,0,0,0,0,0,0,0,0,0,0,0,0,0,0,0,0,0,0,0,712.4567234818896,0,0,0,0,0,0,0,0,0,0,0,0,0,0,0,0,0,0,0,0,0,0,0,0,0,0,0
M-029,232,2846.93961105,272.727104942,0.00434605231753,0.00501439943791,951.244093675,125.80594565,5.171333877235464,2.4951183612175054,0,0,0,534.1426284879155,133.3218311176958,0,37.252042464350836,1896.3981792933,0,0,0,0,0,0,0,0,0,0,0,0,0,0,0,0,1374.5869416454552,0,0,628.0191777682063,388.21848017694657,210.29008177241093,0,0,0,0,0,0,0,0,0,0,0,0,1479.7689248983625,0,5.2939427327498585,0,210.29008177241093,221.60425059586998,0,684.157481363626,0,0,0,0,0,0,0,0,0,1733.6222786588974,0,0,0,0,43.22033540389874,424.4940930493491,0,0,399.77797425107997,0,0,0,0,0,0,0,0,0,0,0,0,0,0,0,0,0,0,0,0,0,0,601.2341016353118,0,0,768.2980809129072,411.84536174199604,0,0,0,0,819.7371370727353,0,0,0,0,0,0,0,0,0,0,0,0,0,0,0,0,0,0,0,0,0,0
E-101,233,3385.16144473,238.313934417,0.0725021811033,0.0143832153247,1097.09363625,62.5631466902,6.3786461079522585,3.4059365619683537,338.262489470858,0,0,47.865934462898906,24.02174811690694,0,0,735.1344559040559,0,0,0,0,0,0,0,0,0,0,0,0,0,0,0,0,1145.2846279547052,0,0,0,0,0,0,0,0,0,0,0,0,0,0,0,0,0,0,0,269.06318573110184,0,0,1.32119350707617,0,874.9002487165272,0,0,0,0,0,0,0,0,0,271.16737262052004,0,166.39280834102516,1.5350762199599395,0,0,0,317.7961857228812,0,388.3931850503226,0,0,0,0,0,0,0,0,0,0,0,0,0,0,0,0,0,0,0,0,0,0,4.2611951900138445,0,0,0,0,0,0,0,0,1141.0234327647,0,0,0,0,0,0,0,0,0,0,0,0,0,0,0,0,0,0,0,0,0,0
E-190,234,3488.38154674,180.914393302,0.0689503674052,0.0179786208923,1128.05315841,81.0177425836,5.003842321264862,1.775214409689995,612.2681076997438,0,0,215.49890030733496,0,0,14.070081854980351,0,0,0,0,0,0,0,0,0,0,0,0,0,0,0,0,0,841.837089862027,0,0,0,0,0,0,0,0,0,0,0,0,0,0,0,0,0,0,0,0,0,0,72.54466486702039,0,769.2924249950066,0,0,0,0,0,0,0,0,0,84.62575187884943,0,0,0,0,0,0,186.05322934225376,0,571.1581086409585,0,0,0,0,0,0,0,0,0,0,0,0,0,0,0,0,0,0,0,0,0,0,70.42807198214504,0,0,0,0,0,0,0,0,771.409017879881,0,0,0,0,0,0,0,0,0,0,0,0,0,0,0,0,0,0,0,0,0,0
M-044,235,3103.72834496,213.628449437,4.85994022107e-4,7.02097896952e-4,611.248400879,51.3282806098,8.594817297239356,3.9572192436736,0,0,0,30.277482088816086,215.48322195768708,0,0,101.20781378537056,0,0,0,0,0,0,0,0,367.6126804700082,0,0,0,0,0,0,0,0,0,0,206.38841600034834,508.1927823015505,0,0,0,0,0,0,0,0,0,0,0,0,0,0,0,0,206.38841600034834,0,0,0,508.1927823015505,0,0,0,0,0,0,0,0,0,0,0,0,148.4328971509798,0,0,0,0,0,314.85976356413164,0,0,0,0,251.28853758681902,0,0,0,0,0,0,0,0,0,0,0,0,0,0,0,0,0,0,0,0,197.30303830842564,517.2781599934375,0,0,0,0,0,0,0,0,0,0,0,0,0,0,0,0,0,0,0,0,0,0,0,0,0,0,0
E-102,236,3340.35617743,257.289163791,0.076557867378,0.0178806250833,1134.67479492,43.24943354,9.175684991148856,4.391458899931673,752.7588383440033,0,0,0,97.52657879917614,0,0,409.4818153090278,0,0,0,0,0,0,0,0,0,0,0,0,0,0,0,0,1259.7672324521989,0,0,0,0,0,0,0,0,0,0,0,0,0,0,0,0,0,0,0,281.4879027336191,0,0,0,0,978.2793297185798,0,0,0,0,0,0,0,0,0,363.1803996580061,0,466.61459092353164,0,0,0,0,138.26962176008988,0,291.7026201106087,0,0,0,0,0,0,0,0,0,0,0,0,0,0,0,0,0,0,0,0,0,0,0,0,0,0,0,0,0,0,0,1259.7672324521914,0,0,0,0,0,0,0,0,0,0,0,0,0,0,0,0,0,0,0,0,0,0
M-046,237,2886.06371269,314.405789663,0.00200362166535,0.00223808969617,602.979996338,85.2128166804,6.7446077362487244,2.3858578733109774,0,0,0,332.7086615949834,334.49120028688037,0,0,166.37509670189237,0,0,0,0,0,0,0,0,51.20223885779777,0,0,0,0,0,0,0,95.16895490492718,0,0,425.23517204394597,364.3730704927736,0,0,0,0,0,0,0,0,0,0,0,0,0,95.16895490492718,0,0,0,0,0,0,789.6082425367196,0,0,0,0,0,0,0,0,0,477.20272416062517,0,0,11.992664526467387,46.798252564530635,0,35.64760209273201,3.5364978306125647,0,270.74555084421996,0,0,0,0,38.8539054224584,0,0,0,0,0,0,0,0,0,0,0,0,0,0,0,0,0,96.72881543321961,0,0,451.24723616730097,336.8011458412549,0,0,0,0,0,0,0,0,0,0,0,0,0,0,0,0,0,0,0,0,0,0,0,0,0,0,0
E-191,238,3401.74521217,182.965043608,0.0698531173608,0.0199432881522,1208.37646484,69.162695973500007,7.639261634694608,4.250515537381006,521.902019737817,0,0,144.1909967958724,0,0,0,85.15423422122574,0,0,0,0,0,0,0,0,0,0,0,0,0,0,0,0,751.2472507549404,0,0,0,0,0,0,0,0,0,0,0,0,0,0,0,0,0,0,0,0,0,0,75.82016029374951,0,675.4270904611909,0,0,0,0,0,0,0,0,0,49.04154307927245,0,56.864558215389046,0,0,0,0,18.664756536243807,0,626.6763929239905,0,0,0,0,0,0,0,0,0,0,0,0,0,0,0,0,0,0,0,0,0,0,77.4416157557612,0,0,0,0,0,0,0,0,673.8056349991532,0,0,0,0,0,0,0,0,0,0,0,0,0,0,0,0,0,0,0,0,0,0
M-049,239,2992.11837255,241.227667008,0.00582479968337,0.00558256721382,654.536312527,67.0386494193,6.433220411268688,2.7026023762044784,1.1377544738107757,0,0,1368.2026155298815,568.2293922201252,0,14.540361490998919,713.9992286166608,0,0,0,0,0,0,0,0,0,0,0,0,0,0,0,0,939.7680341051033,0,0,619.2154877269494,1028.9026408864215,78.22318961332347,0,0,0,0,0,0,0,0,0,0,0,0,939.7680341051033,0,466.49983354432857,0,78.22318961332347,0,0,1181.6182950690422,0,0,0,0,0,0,0,0,0,815.4926725716888,0,0,0,150.74884079388963,0,116.49415679780394,0,0,777.2499935289641,0,0,0,0,0,806.123688639365,0,0,0,0,0,0,0,0,0,0,0,0,0,0,0,0,912.1123264953683,0,0,712.8244106518914,1041.1726151845705,0,0,0,0,0,0,0,0,0,0,0,0,0,0,0,0,0,0,0,0,0,0,0,0,0,0,0
M-053,240,3126.20616753,93.9722033314,0.0020464277064400002,0.00182491524319,967.297030204,107.373864298,4.0118030764823125,2.5311716032379987,0,0,0,739.3041678966995,0,0,0,1292.45795562207,0,0,0,0,0,0,0,0,0,0,0,0,0,0,0,0,1788.7520295261093,0,0,0,243.0100939926042,0,0,0,0,0,0,0,0,0,0,0,0,0,1788.7520295261093,0,0,0,0,0,0,243.0100939926042,0,0,0,0,0,0,0,0,0,839.7656060867664,0,0,0,0,0,0,0,0,1169.9628930750023,0,0,0,0,0,22.03362435702181,0,0,0,0,0,0,0,0,0,0,0,0,0,0,0,0,1842.8356151464172,0,0,0,188.92650837232242,0,0,0,0,0,0,0,0,0,0,0,0,0,0,0,0,0,0,0,0,0,0,0,0,0,0,0
M-058,241,3157.78170723,111.567857825,0.00738792794884,0.00922835189087,1082.93858786,82.9523921664,4.418541264402512,1.5519647817866489,0,0,0,12.801169224409556,0,0,0,622.4055041635179,0,0,0,0,0,0,0,0,0,0,0,0,0,0,0,0,66.48915590020724,0,0,0,568.7175174877071,0,0,0,0,0,0,0,0,0,0,0,0,0,0,0,0,0,0,66.48915590020724,0,568.7175174877071,0,0,0,0,0,0,0,0,0,0,0,0,0,0,0,0,82.08194378724299,0,553.1247296006808,0,0,0,0,0,0,0,0,0,0,0,0,0,0,0,0,0,0,0,0,0,0,71.26008973605775,0,0,0,563.9465836518707,0,0,0,0,0,0,0,0,0,0,0,0,0,0,0,0,0,0,0,0,0,0,0,0,0,0,0
M-050,242,3202.87326346,158.181620255,0.00271777916603,0.00228211916069,836.899782927,99.5340015156,5.5498624369910985,3.8876912807085375,0,0,0,318.00438618868554,0,0,0,305.5436854318732,0,0,0,0,0,0,0,0,558.2674434613638,0,0,0,0,0,0,0,419.67616692566725,0,0,0,762.1393481561528,0,0,0,0,0,0,0,0,0,0,0,0,0,419.67616692566725,0,0,0,0,0,0,762.1393481561528,0,0,0,0,0,0,0,0,0,117.50310199822823,0,242.05365460318305,0,0,0,0,0,0,807.0954700759441,0,0,0,0,0,15.16328840453137,0,0,0,0,0,0,0,0,0,0,0,0,0,0,0,0,443.2994902283808,0,0,0,738.5160248534542,0,0,0,0,0,0,0,0,0,0,0,0,0,0,0,0,0,0,0,0,0,0,0,0,0,0,0
M-043,243,3067.59827043,232.605535441,0.00172058287733,0.00211517503073,683.763874054,78.9593676809,6.490867042379007,3.973052718668695,0,0,0,68.70271608652526,1122.2052007991886,0,0,45.65189007301848,0,0,0,0,0,0,0,0,568.1051942853265,0,0,0,0,0,0,0,0,0,0,519.2272845617111,1285.4377166823224,0,0,0,0,0,0,0,0,0,0,0,0,0,0,0,0,519.2272845617111,0,0,0,1285.4377166823224,0,0,0,0,0,0,0,0,0,0,0,0,457.6753716000666,0,0,0,95.50954226791181,0,416.8749926586454,0,0,0,0,834.6050947173973,0,0,0,0,0,0,0,0,0,0,0,0,0,0,0,0,0,0,0,0,535.8797885874427,1268.785212656653,0,0,0,0,0,0,0,0,0,0,0,0,0,0,0,0,0,0,0,0,0,0,0,0,0,0,0
E-103,244,2943.08430086,190.42659654,0.0575539715189,0.0221481214628,1115.22498866,35.6199496661,6.881504911518133,4.345212953482415,45.31212151456852,0,0,0,183.62148872320552,0,90.30784705830668,1026.8294241885621,0,0,0,0,0,0,0,0,0,0,0,0,0,0,0,0,1346.0708814845475,0,0,0,0,0,0,0,0,0,0,0,0,0,0,0,0,0,0,0,1128.3901877947183,0,0,0,0,217.68069368982913,0,0,0,0,0,0,0,0,0,1149.1870764498183,0,164.51063079083679,0,0,0,0,0,0,3.298812006868666,0,0,29.074362237071746,0,0,0,0,0,0,0,0,0,0,0,0,0,0,0,0,0,0,0,429.90576465700894,0,0,0,0,0,0,0,0,916.1651168275796,0,0,0,0,0,0,0,0,0,0,0,0,0,0,0,0,0,0,0,0,0,0
M-045,245,3118.14559819,373.095587683,0.00190101216389,0.00204054808552,627.03726298,93.4723682367,4.9480819710101,3.1690550399444617,0,0,0,482.5056613947159,0,0,0,317.5545128937167,0,0,0,0,0,0,0,0,122.74122910346625,0,0,0,0,0,0,0,19.11027975364227,0,0,6.00408681904201,897.6870368189516,0,0,0,0,0,0,0,0,0,0,0,0,0,19.11027975364227,0,0,0.1415021924524595,0,0,0,903.5496214455411,0,0,0,0,0,0,0,0,0,61.79168928353818,0,0,75.20168986374506,0,0,0,245.07276036877266,0,524.3695432550929,0,0,0,0,16.365720620520005,0,0,0,0,0,0,0,0,0,0,0,0,0,0,0,0,0,32.68586075158613,0,0,15.85263388874634,874.2629087513965,0,0,0,0,0,0,0,0,0,0,0,0,0,0,0,0,0,0,0,0,0,0,0,0,0,0,0
E-124,246,2607.37506192,151.2257802,2.00633544725e-4,3.96925544999e-4,748.821217413,60.0404561972,3.499113629033146,1.785246851971667,389.0463483509399,0,0,81.21834015383632,1605.4587117585031,0,0,0,0,0,0,0,0,0,0,0,439.3283032991249,0,0,0,0,0,0,0,16.431473879071927,0,867.5528251534765,5.1028042515430645,1533.5129671073503,92.45163317108727,0,0,0,0,0,0,0,0,0,0,0,644.2028123782873,0,0,855.8404482772988,5.1028042515430645,92.45163317108727,0,0,917.4540054843127,0,0,0,0,0,0,0,0,0,0,0,0,29.66339952960175,0,126.65415580902489,121.85401802857965,250.30012949978803,0,0,0,0,0,0,1986.5800006954246,0,0,0,0,0,0,0,0,0,0,0,0,0,0,0,0,0,8.972093587146192,0,786.5110167874614,3.0803696027415652,1716.4882235851478,0,0,0,0,0,0,0,0,0,0,0,0,0,0,0,0,0,0,0,0,0,0,0,0,0,0,0
E-125,247,2965.11762063,154.84070083700001,0.00267679220604,0.00300508829454,835.927677699,106.110168853,5.873514346852635,3.9529223026618454,0,0,0,102.16783920151187,1154.8299481189665,0,0,12.432523954737258,0,0,0,0,0,0,0,0,40.67415685588763,0,0,0,0,0,0,0,0,0,437.9368643458649,293.30788438457455,578.8597194006676,0,0,0,0,0,0,0,0,0,0,0,0,0,0,0,440.1184224116209,293.30788438457455,0,0,0,576.6781613349116,0,0,0,0,0,0,0,0,0,0,0,0,486.79339411973734,0,0,0,6.927623696264087,0,0.005003832559311361,0,0,0,0,816.3784464825092,0,0,0,0,0,0,0,0,0,0,0,0,0,0,0,0,0,0,0,409.0535870757823,311.3743968428749,589.6764842123359,0,0,0,0,0,0,0,0,0,0,0,0,0,0,0,0,0,0,0,0,0,0,0,0,0,0,0
M-054,248,3106.63308129,54.6958589682,0.00171536753001,0.00234968226553,1117.70625305,51.6197500113,3.4208129935241276,2.0193964828057656,0,0,0,63.10331119924032,0,0,0,649.5668192010231,0,0,0,0,0,0,0,0,126.24580213811585,0,0,0,0,0,0,0,433.9511085114285,0,0,0,404.96482402700076,0,0,0,0,0,0,0,0,0,0,0,0,0,433.9511085114285,0,0,0,0,0,0,404.96482402700076,0,0,0,0,0,0,0,0,0,315.8872779477457,0,0,0,0,0,0,0,0,295.00074709202715,0,0,228.0279074986423,0,0,0,0,0,0,0,0,0,0,0,0,0,0,0,0,0,0,0,343.4995104231957,0,0,0,388.542530066073,0,0,0,0,106.87389204917154,0,0,0,0,0,0,0,0,0,0,0,0,0,0,0,0,0,0,0,0,0,0
E-104,249,3316.22957087,298.080311336,0.0832596811707,0.0262322268906,1168.53220848,56.8399687489,7.192307638263879,3.374600081320479,705.4741104099439,0,0,0,0,0,112.94059820981654,443.24415438897324,0,0,0,0,0,0,0,0,0,0,0,0,0,0,0,0,1261.658863008706,0,0,0,0,0,0,0,0,0,0,0,0,0,0,0,0,220.26113599534898,37.51389910356834,0,238.5423222596233,0,0,0,0,765.3415056501656,0,0,0,0,0,0,0,0,0,274.5371232023996,0,388.2926500362846,0,0,0,0,178.19060099226255,0,361.7284949159791,0,0,58.90999386172277,0,0,0,0,0,0,0,0,0,0,0,0,0,0,0,0,0,0,0,156.01188268903587,0,0,0,0,0,0,0,0,903.9459037827692,0,0,0,0,0,201.70107653685315,0,0,0,0,0,0,0,0,0,0,0,0,0,0,0,0
S-131,250,3032.50112518,36.6414700473,0.0105498114468,0.00665759309985,1267.72429548,117.419151666,3.039788929839563,1.4852783027747514,0,0,0,88.29647888293378,0,0,160.00300895715424,456.43333928420265,0,0,0,0,0,0,0,0,0,0,0,0,0,0,0,0,467.29920948958755,0,0,0,237.43361763469707,0,0,0,0,0,0,0,0,0,0,0,0,0,402.64023632231283,0,0,0,0,64.65897316727472,0,237.43361763469707,0,0,0,0,0,0,0,0,0,49.95701770956013,0,0,10.447953235631406,0,0,0,309.59694100691235,0,334.73091517221974,0,0,0,0,0,0,0,0,0,0,0,0,0,0,0,0,0,0,0,0,0,0,447.85212101042595,0,0,0,256.880706113895,0,0,0,0,0,0,0,0,0,0,0,0,0,0,0,0,0,0,0,0,0,0,0,0,0,0,0
M-055,251,3131.31481434,85.9245733138,0.00213137719917,0.00275664102611,1196.15149536,41.865851922,3.606092045810157,2.0060413772729935,0,0,0,9.889063910275105,273.4406316070525,0,0,368.01784246519566,0,0,0,0,0,0,0,0,233.5537965780168,0,0,0,0,0,0,0,306.3122435225495,0,0,0,578.5890910378239,0,0,0,0,0,0,0,0,0,0,0,0,0,1.3778275207286252,0,0,0,0,0,0,883.5235070396448,0,0,0,0,0,0,0,0,0,336.8301707431335,0,26.770133973505118,1.9462423015528094,0,0,0,0,0,127.10581915793178,0,0,392.248968384349,0,0,0,0,0,0,0,0,0,0,0,0,0,0,0,0,0,0,0,304.67945379369047,0,0,0,574.4575898916742,0,0,0,0,5.7642908750882675,0,0,0,0,0,0,0,0,0,0,0,0,0,0,0,0,0,0,0,0,0,0
M-056,252,3084.24949665,105.270797416,0.00162693779803,0.00230605998011,1129.16523457,127.754217873,4.24957061060893,2.5314369521609934,0,0,0,253.75583533824332,1304.2281064770068,0,0,1968.6929673826814,0,0,0,0,0,0,0,0,433.0939510260149,0,0,0,0,0,0,0,2115.0466001511736,0,0,44.57995473155735,1800.14430534123,0,0,0,0,0,0,0,0,0,0,0,0,0,142.69171837977956,0,0,0,0,0,0,3817.0791418441813,0,0,0,0,0,0,0,0,0,1527.626515311593,0,69.29605383251801,308.9108092636997,108.48756353900457,0,17.61507251087334,239.16959972074952,0,1281.9356939022123,0,0,406.7295521431843,0,0,0,0,0,0,0,0,0,0,0,0,0,0,0,0,0,0,0,2144.736829568007,0,0,45.95231413585064,1769.0817165199282,0,0,0,0,0,0,0,0,0,0,0,0,0,0,0,0,0,0,0,0,0,0,0,0,0,0,0
E-126,253,2855.45756398,58.8065509571,0.00439706269627,0.00435819682486,933.154161955,91.1629971338,2.40110084484863,0.9582656635730744,0,0,0,62.179989374586754,276.557922014023,0,0,0,0,0,0,0,0,0,0,0,366.43910683180553,0,0,0,0,0,0,0,19.01605867099155,0,250.82878900243674,0,435.33217054700236,0,0,0,0,0,0,0,0,0,0,0,0,122.42551793367404,0,0,128.40327106876268,15.208479239703063,0,0,0,439.13974997829087,0,0,0,0,0,0,0,0,0,0,0,0,309.9205059600179,0,0,0,20.57204397843136,0,3.1630477622035578,0,0,0,0,371.52142051992627,0,0,0,0,0,0,0,0,0,0,0,0,0,0,0,0,0,9.314522562931053,0,264.3503585561987,0,431.51213710134607,0,0,0,0,0,0,0,0,0,0,0,0,0,0,0,0,0,0,0,0,0,0,0,0,0,0,0
E-134,254,2560.51996866,128.252971302,0.00195999583391,0.0027893257623,828.632464742,74.5351509673,2.726430214922073,1.7544685334012549,0,0,0,295.459483961427,1375.096362187918,0,0,99.45311721709602,0,0,0,0,0,0,0,0,368.8930985139741,0,0,0,0,0,0,0,157.99985318534178,0,1749.356018595405,0,182.4282420491363,49.11794805051434,0,0,0,0,0,0,0,0,0,0,0,1662.9415505584482,86.41446803695683,0,0,137.63208806412058,49.11794805051434,0,0,202.79600717035748,0,0,0,0,0,0,0,0,0,0,0,0,0,0,39.00702560004133,71.3013945434664,5.112831503025149,0,10.966582009118401,0,0,0,0,2012.5142282249828,0,0,0,0,0,0,0,0,0,0,0,0,0,0,0,0,0,163.28309074183886,0,1682.614306642471,0,218.31949527740707,0,74.68516921862204,0,0,0,0,0,0,0,0,0,0,0,0,0,0,0,0,0,0,0,0,0,0,0,0,0
M-057,255,3092.42725678,124.664618389,0.0022738308575,0.00307461268446,1197.29827748,148.448922379,4.040352198886228,2.8418072025604015,0,0,0,276.6533505628358,0,0,66.65939923531238,1636.6316803023572,0,0,0,0,0,0,0,0,704.4541389275691,0,0,0,0,0,0,0,1097.8243930515528,0,0,0,1586.5741759763987,0,0,0,0,0,0,0,0,0,0,0,0,0,829.7208854295949,0,0,0,0,268.1035076219578,0,1586.5741759763987,0,0,0,0,0,0,0,0,0,443.67521726169207,0,0,116.19108152525989,20.658738647307118,0,0,328.3128566411441,0,1775.5606749526203,0,0,0,0,0,0,0,0,0,0,0,0,0,0,0,0,0,0,0,0,0,0,1026.0815992448595,0,0,0,1658.316969783166,0,0,0,0,0,0,0,0,0,0,0,0,0,0,0,0,0,0,0,0,0,0,0,0,0,0,0
S-016,256,3009.17590918,48.4847527432,0.00438678406606,0.00445593963019,1366.73351333,91.1238738109,2.4250093646455397,1.5968965422706496,2.7326171660134895,0,0,80.27532371488458,0,0,0,0,0,0,0,0,0,0,0,0,731.2176303986452,0,0,0,0,0,0,0,561.221142734535,0,0,0,253.00442854501918,0,0,0,0,0,0,0,0,0,0,0,0,0,448.81930213059394,0,0,0,0,112.40184060394101,0,253.00442854501918,0,0,0,0,0,0,0,0,0,370.56755994901346,0,0,381.41965844127293,32.97569565399272,0,0,0.772026017203353,0,28.49063121801059,0,0,0,0,0,0,0,0,0,0,0,0,0,0,0,0,0,0,0,0,0,0,589.7832503304993,0,0,0,224.44232094904055,0,0,0,0,0,0,0,0,0,0,0,0,0,0,0,0,0,0,0,0,0,0,0,0,0,0,0
M-052,257,3100.74767028,79.5003164799,0.0151053842468,0.00862456047797,1208.09758967,81.5152206126,3.420988107821968,1.979655384595859,0,0,0,474.5950337487235,0,0,0,692.8361090876434,0,0,0,0,0,0,0,0,750.0297987354842,0,0,0,0,0,0,0,284.2589409089113,0,0,0,1633.2020006629396,0,0,0,0,0,0,0,0,0,0,0,0,0,284.2589409089113,0,0,0,0,0,0,1633.2020006629396,0,0,0,0,0,0,0,0,0,39.687824180248874,0,0,0,57.97528230087378,0,0,65.35976720965677,0,580.6770198795025,0,0,1173.7610480016701,0,0,0,0,0,0,0,0,0,0,0,0,0,0,0,0,0,0,0,246.90900676458597,0,0,0,1670.551934807198,0,0,0,0,0,0,0,0,0,0,0,0,0,0,0,0,0,0,0,0,0,0,0,0,0,0,0
M-051,258,3164.48855131,119.904233184,0.0239675529883,0.0113719307054,1120.66336441,129.041412202,5.163693064870168,1.9450893107540164,0,0,0,40.15764623237519,0,0,0,0,0,0,0,0,0,0,0,0,574.1730845087427,0,0,0,0,0,0,0,102.68293262853622,0,0,0,511.6477981125518,0,0,0,0,0,0,0,0,0,0,0,0,0,102.68293262853622,0,0,0,0,0,0,511.6477981125518,0,0,0,0,0,0,0,0,0,0,0,0,0,0,0,0,68.50904339369755,0,545.8216873474455,0,0,0,0,0,0,0,0,0,0,0,0,0,0,0,0,0,0,0,0,0,0,84.5364343623571,0,0,0,529.7942963787474,0,0,0,0,0,0,0,0,0,0,0,0,0,0,0,0,0,0,0,0,0,0,0,0,0,0,0
E-105,259,2995.12445601,199.152779909,0.0700190907228,0.028068144892,1106.53561783,41.8876908016,6.312221893621038,4.574315563488525,445.30933820007556,0,0,1.101571012972031,0,0,197.79517944161955,974.7225445304097,0,0,0,0,0,0,0,0,0,0,0,0,0,0,0,0,1618.928633185088,0,0,0,0,0,0,0,0,0,0,0,0,0,0,0,0,412.9140456343527,677.5842328697903,0,93.97485972607564,0,0,26.740685064013622,0,407.7148098908559,0,0,0,0,0,0,0,0,0,544.3322641400471,0,384.7276788140968,419.79108460920276,0,0,0,97.07262477884103,0,12.681781956722897,0,0,154.3558113116639,0,0,0,0,0,5.967387574507378,0,0,0,0,0,0,0,0,0,0,0,0,0,941.5173074740396,0,0,0,0,0,0,0,0,245.3560388509209,0,0,0,0,0,432.0552868601488,0,0,0,0,0,0,0,0,0,0,0,0,0,0,0,0
S-010,260,2963.36745434,82.5274425576,0.0153513263504,0.00804514599004,1440.08689117,42.0103468473,3.923190284451263,1.7545926168575314,0,0,0,91.40439998017224,0,0,0,233.30656088244078,0,0,0,0,0,0,0,0,342.36586717439246,0,0,0,0,0,0,0,380.7556236435701,0,0,0,286.3212043933316,0,0,0,0,0,0,0,0,0,0,0,0,0,246.96517458789555,0,51.682192066547536,0,0,82.10825698912704,0,286.3212043933316,0,0,0,0,0,0,0,0,0,162.54179944561199,0,0,293.27217464885905,0,0,0.004041974177348172,156.47664422409318,0,54.782167744274076,0,0,0,0,0,0,0,0,0,0,0,0,0,0,0,0,0,0,0,0,0,0,399.106406308864,0,0,0,267.97042172801144,0,0,0,0,0,0,0,0,0,0,0,0,0,0,0,0,0,0,0,0,0,0,0,0,0,0,0
E-135,261,2553.43984436,61.3722218013,0.00338736099061,0.00357291724641,879.689712524,52.2368074158,2.5360707206051734,1.6134047459058458,0,0,0,192.81679000311465,660.5428030423951,7.379472559897666,0,243.38251907692003,0,0,0,0,0,0,0,0,851.8047831583882,0,0,0,0,0,0,0,19.713414773977913,0,423.98819025665796,0,1376.209023317858,136.0157394922471,0,0,0,0,0,0,0,0,0,0,0,423.98819025665796,0,0,0,1376.209023317858,136.0157394922471,0,0,19.713414773977913,0,0,0,0,0,0,0,0,0,0,0,0,0,0,0,113.81346034533131,20.527204748064186,0,0,0,0,0,0,1821.5857027473992,0,0,0,0,0,0,0,0,0,0,0,0,0,0,0,0,0,23.312226045873953,0,487.9775802703873,0,1444.6365615245581,0,0,0,0,0,0,0,0,0,0,0,0,0,0,0,0,0,0,0,0,0,0,0,0,0,0,0
S-130,262,3183.87844481,167.420781009,0.0341151786214,0.0190018528979,1157.75233968,166.75359257,4.401140902421678,2.3364668230661825,0,0,0,125.70255247090482,0,0,0,0,0,0,0,0,0,0,0,0,528.8648535931953,0,0,0,0,0,0,0,335.68455776283514,0,0,0,318.88284830124456,0,0,0,0,0,0,0,0,0,0,0,0,0,335.68455776283514,0,0,0,0,0,0,318.88284830124456,0,0,0,0,0,0,0,0,0,0,0,37.20051135537827,43.52061495962374,18.87549085922178,0,0,272.8555083466738,0,282.1152805431917,0,0,0,0,0,0,0,0,0,0,0,0,0,0,0,0,0,0,0,0,0,0,308.69944126386883,0,0,0,345.86796480020996,0,0,0,0,0,0,0,0,0,0,0,0,0,0,0,0,0,0,0,0,0,0,0,0,0,0,0
E-106,263,2919.02966901,119.199287844,0.0755307564978,0.0204245979588,1064.1468811,20.2827925809,5.64612193330994,4.852047064352471,433.14193945989575,0,0,0,0.7764438404385263,0,132.5478916302998,93.65534358270057,0,0,0,0,0,0,0,0,0,0,0,0,0,0,0,0,660.1216185133138,0,0,0,0,0,0,0,0,0,0,0,0,0,0,0,0,0,179.9065751730745,0,0,0,0,62.364478440624495,0,417.8505648996149,0,0,0,0,0,0,0,0,0,204.75281315716438,0,230.46729334219734,77.16982717254042,0,0,49.698939100188,98.03274574130292,0,0,0,0,0,0,0,0,0,0,0,0,0,0,0,0,0,0,0,0,0,0,0,0,405.9030161982953,0,0,0,0,0,0,0,0,203.22680337803666,0,0,0,0,0,50.99179893698369,0,0,0,0,0,0,0,0,0,0,0,0,0,0,0,0
S-001,264,3165.86282205,204.495065669,0.068928251679,0.0218968983778,1401.29902463,100.292555882,6.038895712103859,2.7126585367880782,1347.7413223711774,0,0,0,0,0,0,1196.7442022197793,0,0,0,0,0,0,0,0,0,0,0,0,0,0,0,0,2540.3393090261197,0,0,0,4.146215564680443,0,0,0,0,0,0,0,0,0,0,0,0,0,1343.7314007039356,0,0,0,0,0,0,1200.7541238868646,0,0,0,0,0,0,0,0,0,0,0,1401.3062756982522,601.3311299345942,23.029260383021615,0,0,137.10893064712218,0,381.7099279280368,0,0,0,0,0,0,0,0,0,0,0,0,0,0,0,0,0,0,0,0,0,0,1345.5384532831479,0,0,0,6.1143409111565115,0,0,0,0,1192.8327303966414,0,0,0,0,0,0,0,0,0,0,0,0,0,0,0,0,0,0,0,0,0,0
S-009,265,2843.35113586,85.9791525784,0.0371682375553,0.0175137894255,1519.11750793,47.4096935762,3.1853443659381493,1.3350874998187228,0,0,0,86.4014851830971,0,0,0,593.2041387355667,0,0,0,0,0,0,0,0,93.099614763745,0,0,0,0,0,0,0,259.71971392649766,0,0,0,512.9855247561529,0,0,0,0,0,0,0,0,0,0,0,0,12.103039852937238,102.28335380401728,0,145.33332026954315,0,0,0,0,512.9855247561529,0,0,0,0,0,0,0,0,0,163.11921326379328,0,0,609.5596630076851,0.02636241111787946,0,0,0,0,0,0,0,0,0,0,0,0,0,0,0,0,0,0,0,0,0,0,0,0,0,0,0,239.52659840107418,0,0,0,533.1786402815486,0,0,0,0,0,0,0,0,0,0,0,0,0,0,0,0,0,0,0,0,0,0,0,0,0,0,0
E-107,266,3248.87102251,194.344406503,0.110492569105,0.0111614375619,1161.92068797,62.952952986,7.418526588515416,3.059247541918919,1623.5347314518312,0,0,0,21.534915445021632,0,42.960606703826826,5.9168540404942185,0,0,0,0,0,0,0,0,0,0,0,0,0,0,0,0,1693.9471076411444,0,0,0,0,0,0,0,0,0,0,0,0,0,0,0,0,0,0,0,0,0,0,0,0,1693.9471076411444,0,0,0,0,0,0,0,0,0,72.8411892795737,0,1213.5241619785513,0,0,0,4.713102218679439,133.56131813986724,0,145.9408658927069,0,0,123.36647013155788,0,0,0,0,0,0,0,0,0,0,0,0,0,0,0,0,0,0,0,126.42962984631167,0,0,0,0,0,0,0,0,1567.5174777948598,0,0,0,0,0,0,0,0,0,0,0,0,0,0,0,0,0,0,0,0,0,0
E-136,267,2542.75088108,78.0762547474,0.0179817260864,0.012157912417,982.753739421,57.887998021,5.204392736237142,2.3123482609355537,0,0,0,97.09501439126413,346.68179922566156,0,0,133.65932192918822,0,0,0,0,0,0,0,0,96.81230928431955,0,0,0,0,0,0,0,102.0345925784731,0,0,0,572.2138522519881,0,0,0,0,0,0,0,0,0,0,0,0,0,92.31484658694929,0,0,572.2138522519881,0,0,0,9.719745991523805,0,0,0,0,0,0,0,0,0,0,0,0,0,0,0,0,0,0,0,0,0,0,0,593.1557115960414,81.09273323442878,0,0,0,0,0,0,0,0,0,0,0,0,0,0,0,0,3.088036078647322,0,0,0,587.5031241055304,0,0,0,0,83.65728464629073,0,0,0,0,0,0,0,0,0,0,0,0,0,0,0,0,0,0,0,0,0,0
S-039,268,3043.11690367,337.58961129,0.0470896114577,0.0428079284991,1049.98803476,158.270300778,6.836529119538714,4.018948218736229,0,0,0,47.48329319628668,0,0,0,0,0,0,0,0,0,0,0,0,867.8243054908374,0,0,0,0,0,0,0,223.20953489502818,0,0,6.698057226894098,685.4000065651186,0,0,0,0,0,0,0,0,0,0,0,0,0,223.20953489502818,0,0,0,0,0,0,692.0980637920127,0,0,0,0,0,0,0,0,0,79.37682925226386,0,0,385.29260600652833,0,0,0,10.385295096593945,0,440.2528683316579,0,0,0,0,0,0,0,0,0,0,0,0,0,0,0,0,0,0,0,0,0,0,217.23264557700804,0,0,4.226819084561314,693.848134025503,0,0,0,0,0,0,0,0,0,0,0,0,0,0,0,0,0,0,0,0,0,0,0,0,0,0,0
S-038,269,2966.29263191,328.577624481,0.0612857670834,0.0431921220653,1125.43296757,105.431841646,7.246934358809524,3.650437994326207,0,0,0,164.79709283131285,0,0,0,0,0,0,0,0,0,0,0,0,841.8085900461061,0,0,0,0,0,0,0,508.38749218913654,0,0,3.558817947599949,494.65937274087594,0,0,0,0,0,0,0,0,0,0,0,0,0,508.38749218913654,0,0,0,0,0,0,498.2181906884759,0,0,0,0,0,0,0,0,0,131.24315950396428,0,102.60328204632555,320.59318989802193,26.14979085508844,0,0,4.015979498956898,0,333.0679801456917,0,0,0,0,0,0,0,0,0,0,0,0,0,88.93230092927429,0,0,0,0,0,0,0,0,485.1196685964033,0,0,5.522872889564098,515.9631413914584,0,0,0,0,0,0,0,0,0,0,0,0,0,0,0,0,0,0,0,0,0,0,0,0,0,0,0
S-034,270,2663.10189317,319.980690964,0.0882607994135,0.0238541122268,1323.61938477,28.2482600548,10.839484256046019,4.9193069505892595,0,0,0,66.33382245652233,0,0,0,0,0,0,0,0,0,0,0,0,791.5459071495067,0,0,0,0,0,0,0,857.8797296060574,0,0,0,0,0,0,0,0,0,0,0,0,0,0,0,0,0,857.8797296060574,0,0,0,0,0,0,0,0,0,0,0,0,0,0,0,0,55.111059677413934,0,0,18.891145909323296,0,0,0,15.363084959904013,0,233.07515215599258,0,0,0,4.5573266354595265,0,0,0,0,0,0,0,0,0,493.9136229846785,36.96833728321838,0,0,0,0,0,0,0,857.8797296060574,0,0,0,0,0,0,0,0,0,0,0,0,0,0,0,0,0,0,0,0,0,0,0,0,0,0,0,0,0,0,0
S-041,271,2935.61159837,400.228509036,0.0536094365985,0.0509980352962,1084.20733482,109.600595635,7.552830527893141,3.0012920624904114,0,0,0,125.1515668725263,245.7088462783941,0,0,0,0,0,0,0,0,0,0,0,1612.4367243747718,0,0,0,0,0,0,0,431.7529063409761,0,0,93.61157920417655,1457.9326519806534,0,0,0,0,0,0,0,0,0,0,0,0,0,421.8263163424243,0,0,0,0,9.9265899985518,0,1551.5442311848299,0,0,0,0,0,0,0,0,0,498.3339281471877,0,0,886.8774929165322,0,26.77524865426532,0,190.29280163407157,0,318.42765468460954,0,0,0,43.67285749409323,18.917153994859778,0,0,0,0,0,0,0,0,0,0,0,0,0,0,0,0,0,407.47857523782994,0,0,85.07225112041303,1482.2971532465135,0,0,0,0,0,0,0,0,0,0,8.449157921027856,0,0,0,0,0,0,0,0,0,0,0,0,0,0,0,0
S-040,272,2506.6661338,290.772280005,0.0897880604734,0.0386193436628,1166.94825811,23.334427835,9.691162530393024,3.215364827791144,0,0,0,0,0,0,0,0,0,0,0,0,0,0,0,0,1034.4355108750626,0,0,0,0,0,0,0,649.1760497477484,0,0,240.32827110505409,144.93119002206464,0,0,0,0,0,0,0,0,0,0,0,0,0,649.1760497477484,0,0,0,0,0,0,385.2594611271187,0,0,0,0,0,0,0,0,0,478.75033866160726,0,0,491.77440940930194,0,0,35.276998592676186,28.633764211291048,0,0,0,0,0,0,0,0,0,0,0,0,0,0,0,0,0,0,0,0,0,0,0,0,654.1188246494103,0,0,221.68011186299032,158.6365743624378,0,0,0,0,0,0,0,0,0,0,0,0,0,0,0,0,0,0,0,0,0,0,0,0,0,0,0
E-199,273,3092.95617652,263.457708842,0.113633250786,0.0181771540958,1422.6249131,113.707622405,6.8427451673902375,3.6034406805063774,2971.130713382722,0,0,0,0,0,0,786.0011948523235,0,0,0,0,0,0,0,0,0,0,0,0,0,0,0,0,3735.671746607565,0,0,0,0,21.460161627673152,0,0,0,0,0,0,0,0,0,0,0,156.8007457937292,117.08224733752355,0,298.51432155810323,0,21.460161627673152,0,0,3163.2744319182093,0,0,0,0,0,0,0,0,0,0,0,1755.1159214579502,869.4716452243924,46.95847321132858,0,0,207.05930177991306,0,221.84478694700545,0,0,89.97221484241777,36.840630850509385,0,0,0,0,21.429752863350473,0,0,0,0,508.43918105828027,0,0,0,0,0,0,0,0,597.6114671995929,0,0,0,0,0,0,0,0,3159.5204410358197,0,0,0,0,0,0,0,0,0,0,0,0,0,0,0,0,0,0,0,0,0,0
S-023,274,2835.13192945,267.312242205,0.0158744080911,0.00968230438885,1396.89188529,89.5165408978,5.49932271408881,2.657011101829388,0,0,0,243.26062177527598,0,0,0,0,0,0,0,0,0,0,0,0,1802.4736383996942,0,0,0,0,0,0,0,432.0235826150516,0,0,0,1613.7106775598684,0,0,0,0,0,0,0,0,0,0,0,0,0,421.1578889124788,0,10.865693702572829,0,0,0,0,1613.7106775598684,0,0,0,0,0,0,0,0,0,0,39.772220298669076,25.88589893419826,1130.1243437611015,369.27545252407367,1.4841232074421666,0,0,0,0,0,0,313.1443843968312,134.71480029417322,0,0,0,0,0,0,0,0,0,25.087487796877557,6.245548961611324,0,0,0,0,0,0,0,451.15626947845027,0,0,0,1594.57799069641,0,0,0,0,0,0,0,0,0,0,0,0,0,0,0,0,0,0,0,0,0,0,0,0,0,0,0
S-024,275,2810.82860999,307.406175191,0.0173142210953,0.00757504350032,1357.75880859,87.5864941945,7.224926353405727,2.7195643497147084,0,0,0,6.608005318997988,0,0,0,0,0,0,0,0,0,0,0,0,1201.7450029634233,0,0,0,0,0,0,0,391.87212667023135,0,0,0,816.4808816122385,0,0,0,0,0,0,0,0,0,0,0,0,0,391.87212667023135,0,0,0,0,0,0,816.4808816122385,0,0,0,0,0,0,0,0,0,0,0,0,543.2912868615491,320.8661159727157,12.33281150811293,0,0,0,0,0,0,246.8580563127725,29.670713339652355,0,0,0,0,0,0,0,0,0,55.33402428758105,0,0,0,0,0,0,0,0,379.44925665644615,0,0,0,828.9037516260485,0,0,0,0,0,0,0,0,0,0,0,0,0,0,0,0,0,0,0,0,0,0,0,0,0,0,0
S-043,276,2737.26813542,409.361258528,0.0593057774939,0.0615312813243,1099.88525739,101.930382841,6.910608965564058,2.8057550338337744,0,0,0,104.33341688830347,316.42220478216456,0,0,7.640571483598146,0,0,0,0,0,0,0,0,1198.152371514223,0,0,0,0,0,0,0,621.6524366210656,0,0,0,1004.8961280475123,0,0,0,0,0,0,0,0,0,0,0,0,0,0,0,0,413.1127445829613,0,208.5309413678491,0,1004.9048787177676,0,0,0,0,0,0,0,0,0,0,110.01401270141683,0,710.8377228701521,0,0,0,114.91024980006843,0,0,0,0,0,53.94064797722436,503.2626365747003,0,0,133.5832947450973,0,0,0,0,0,0,0,0,0,0,0,0,0,0,404.9480448746654,0,0,0,1012.3825774698594,0,0,0,0,0,0,0,0,0,0,209.21794232396255,0,0,0,0,0,0,0,0,0,0,0,0,0,0,0,0
S-042,277,2643.01494757,422.442853181,0.0708477126235,0.0675885810222,1121.97225298,59.0885616832,7.459340207592441,3.0368622475881795,0,0,0,22.731726627905896,9.084929508825034,0,0,4.804231079903132,0,0,0,0,0,0,0,0,1136.1889865902226,0,0,0,0,0,0,0,215.1858163946165,0,0,113.76262252484014,843.8614348875981,0,0,0,0,0,0,0,0,0,0,0,0,0,0,0,0,45.23425534178306,0,169.95156105283343,0,957.6240574124382,0,0,0,0,0,0,0,0,0,92.70662055080547,7.705484013728629,0,724.9757853789154,0,10.382162380618336,0,0,0,0,0,0,0,76.80996090130135,256.1250163007605,0,0,4.104844280929266,0,0,0,0,0,0,0,0,0,0,0,0,0,0,0,0,0,106.22436360354021,857.7458948064397,0,0,0,0,0,0,0,0,0,0,208.83961539713582,0,0,0,0,0,0,0,0,0,0,0,0,0,0,0,0
S-002,278,2766.84621844,300.480903472,0.146032634784,0.0095364339671,1474.92045455,80.9420132884,10.602574404066884,4.391921166015296,1186.651257559054,0,0,0,0,0,0,0,0,0,0,0,0,0,0,0,0,0.005888307369470494,0,0,0,0,0,0,1186.657145866425,0,0,0,0,0,0,0,0,0,0,0,0,0,0,0,0,0,0,0,466.6609233323533,0,0,0,0,719.9962225340716,0,0,0,0,0,0,0,0,0,0,0,214.17535244549356,347.8470553377379,0,0,0,0,0,0,0,0,0,12.80946334004607,0,0,0,0,0,0,0,0,0,611.7098748142209,0,0.115399928884353,0,0,0,0,0,0,462.91167961601803,0,0,0,0,0,0,0,0,723.7454662503948,0,0,0,0,0,0,0,0,0,0,0,0,0,0,0,0,0,0,0,0,0,0
S-069,279,1959.77532827,106.08476266,0.166297555798,0.0266756432986,1173.88222928,9.11561194553,7.302833287798924,1.365376128671606,0,0,0,0,0,0,0,0.19094958383409516,0,0,0,0,0,0,0,0,187.65300586670375,0,0,0,0,0,0,0,0,0,0,187.8439554505322,0,0,0,0,0,0,0,0,0,0,0,0,0,0,0,0,0,0,0,0,0,187.8439554505322,0,0,0,0,0,0,0,0,0,69.03510120037014,0,0,0,0,0,38.278375408815805,0,0,0,0,0,0,0,80.53047884134905,0,0,0,0,0,0,0,0,0,0,0,0,0,0,0,0,0,0.24016915085355223,0,0,187.60378629966712,0,0,0,0,0,0,0,0,0,0,0,0,0,0,0,0,0,0,0,0,0,0,0,0,0,0,0,0
S-045,280,2484.22611233,234.405740912,0.0552663251583,0.0462473374564,1123.89188004,29.8846594064,5.259117695008776,2.488321425763753,0,0,0,0,497.28101854836467,0,0,11.077227273672055,0,0,0,0,0,0,0,0,672.2474372962199,0,0,0,0,0,0,0,683.0056195633895,0,432.17925999754294,0,65.42080355738484,0,0,0,0,0,0,0,0,0,0,0,0,83.84780228866462,0,0,348.3314577088783,377.7923458176955,0,147.5214821668961,0,223.1125951361827,0,0,0,0,0,0,0,0,0,19.506243419491927,0,0,128.87157104771575,53.30211806854742,0,6.067374182819873,0,0,0,0,0,0,0,972.8583763995974,0,0,0,0,0,0,0,0,0,0,0,0,0,0,0,0,0,509.8225867956062,0,457.92719018266916,0,72.88377683329688,0,0,0,0,0,0,0,0,0,0,139.97212930685416,0,0,0,0,0,0,0,0,0,0,0,0,0,0,0,0
E-200,281,2536.19560032,214.072205795,0.0441228434133,0.0481068720836,1057.64940321,71.7599307728,5.009709753918472,2.381140494612864,0,0,0,394.7322537553974,1798.5526976085234,0,0,15.670921888433474,0,0,0,0,0,0,0,0,344.91591829782624,0,0,0,0,0,0,0,141.64178409091915,0,1119.5509043148222,0,1292.6791031443124,0,0,0,0,0,0,0,0,0,0,0,0,701.0378275460167,12.721202031753203,0,418.5130767688056,1267.7230965753674,0,115.1643345803258,0,38.71225404778497,0,0,0,0,0,0,0,0,0,102.92955876173961,0,0,6.1306213869313275,0,0,2.8677803047896733,0,0,20.15048435452463,0,0,0,0,2404.6344098737263,17.15893686858363,0,0,0,0,0,0,0,0,0,0,0,0,0,0,0,0,3.6838605196474643,0,1137.2475962601793,0,1293.6631286166362,0,0,0,0,9.407570086477357,0,0,0,0,0,109.8696360671863,0,0,0,0,0,0,0,0,0,0,0,0,0,0,0,0
S-011,282,2558.85304901,219.965086232,0.0736994055264,0.0241064807012,1566.23413086,51.2261510954,6.254492252926176,2.5325347239860783,0,0,0,54.750059969668335,0,0,0,0,0,0,0,0,0,0,0,0,550.6422503783473,0,0,0,0,0,0,0,605.3923103480399,0,0,0,0,0,0,0,0,0,0,0,0,0,0,0,0,6.2546359386257,0,0,599.1376744094142,0,0,0,0,0,0,0,0,0,0,0,0,0,0,508.6723505222019,0,0,5.640131563771365,0,0,1.683822585319355,0,0,0,0,0,0,0,0,89.39600567664762,0,0,0,0,0,0,0,0,0,0,0,0,0,0,0,0,605.3923103480298,0,0,0,0,0,0,0,0,0,0,0,0,0,0,0,0,0,0,0,0,0,0,0,0,0,0,0,0,0,0,0
S-068,283,1963.722674,97.1167504822,0.174811288714,0.024195965667,1173.85573033,11.0693202554,7.532555402342797,1.7057425237086117,0,0,23.492037404599582,0,0,0,0,1.0486249821570481,0,0,0,0,0,0,0,0,164.95789823966996,0,0,0,0,0,0,0,4.327831331096096,0,0,185.1707292953126,0,0,0,0,0,0,0,0,0,0,0,0,0,0,4.327831331096096,0,0,0,0,0,0,185.1707292953126,0,0,0,0,0,0,0,0,0,131.68460964988247,0,0,0,0,0,6.767841178800739,0,0,0,0,0,0,0,51.046109797733315,0,0,0,0,0,0,0,0,0,0,0,0,0,0,0,0,0,3.478849531291831,0,0,186.01971109512075,0,0,0,0,0,0,0,0,0,0,0,0,0,0,0,0,0,0,0,0,0,0,0,0,0,0,0,0
S-027,284,2678.02923521,417.302521931,0.0259958560928,0.0142341634601,1327.72958374,50.3608865407,8.642651561071968,4.728302376735472,0,0,0,12.93787181957113,0,0,0,1.1264908204796882,0,0,0,0,0,0,0,0,683.8976201806129,0,0,0,0,0,0,0,430.5795643919889,0,0,1.2635601171608242,266.11885831131656,0,0,0,0,0,0,0,0,0,0,0,0,0,430.5795643919889,0,0,0,0,0,0,266.11885831131656,0,1.2635601171608242,0,0,0,0,0,0,0,3.7639912208873008,0,0,232.7563779054269,105.16839074535162,19.208754099893447,0,0,0,0,0,0,126.69243238690451,44.79200439949155,0,0,0,0,0,0,0,0,0,31.53698350995667,0,0,134.0430485524332,0,0,0,0,0,426.3908042823347,0,0,0,271.57117853814185,0,0,0,0,0,0,0,0,0,0,0,0,0,0,0,0,0,0,0,0,0,0,0,0,0,0,0
S-028,285,2726.57837818,409.430544097,0.0353845403365,0.0154468394246,1342.62676284,37.0018282037,8.057100896368176,4.001219293079275,0,0,0,167.4086308564458,0,0,0,32.061894004251364,0,0,0,0,0,0,0,0,1666.2931476104823,0,0,0,0,0,0,0,1087.379333085727,0,0,5.106196735637852,773.278142649857,0,0,0,0,0,0,0,0,0,0,0,0,0,1087.379333085727,0,0,0,0,0,0,773.278142649857,0,5.106196735637852,0,0,0,0,0,0,0,385.6601791662561,0,0,56.07731501916233,361.1470992610664,55.840465990627784,0,0,0,0,0,0,205.16824679782346,42.46544478759949,0,367.8264165042525,0,0,0,0,0,0,0,336.2608189868347,0,1.8896880712319177,53.42799788656963,0,0,0,0,0,1061.677603603055,0,0,0,800.9818173366588,0,0,0,0,0,3.104251531497098,0,0,0,0,0,0,0,0,0,0,0,0,0,0,0,0,0,0,0,0,0
S-114,286,2252.16354213,231.053473022,0.114444894344,0.0541788621326,1110.97950439,20.912919532,6.750213652549251,3.1997704103083007,0,0,0,112.5864646205511,555.0393402607716,0,0,126.04018421885654,0,0,0,0,0,0,0,0,119.95551374803048,0,0,0,0,0,0,0,791.4061319293842,0,0,0,122.21537091873164,0,0,0,0,0,0,0,0,0,0,0,0,0,491.0340915380699,0,0,122.21537091873164,0,149.0474909027891,0,151.32454948852526,0,0,0,0,0,0,0,0,0,243.72065809487037,0,0,0,72.07398454963668,54.548856194533315,10.176306285413116,0,0,0,0,0,0,0,497.9535828513251,35.1481148723455,0,0,0,0,0,0,0,0,0,0,0,0,0,0,0,0,140.3143935720346,0,0,0,143.36613153363808,0,0,0,0,478.0006372451757,0,0,0,0,0,151.94034049728495,0,0,0,0,0,0,0,0,0,0,0,0,0,0,0,0
S-035,287,2409.37134161,441.16787452,0.110677857821,0.0431225526697,1249.94434001,37.8397232018,10.696595706902432,3.6813929755412773,0,0,157.432075349932,48.00398997742715,0,0,0,41.718351948093385,0,0,0,0,0,0,0,0,1069.4883719954948,0,0,0,0,0,0,0,891.6911934909666,0,0,0,424.95159578011487,0,0,0,0,0,0,0,0,0,0,0,0,0,891.6911934909666,0,424.95159578011487,0,0,0,0,0,0,0,0,0,0,0,0,0,0,45.45479904992963,0,0,0,42.39458513238752,0,7.184624372160164,0,0,138.31270913850108,0,0,0,0,0,0,0,20.9778217628623,0,0,0,0,0,722.844206868207,70.86766461995421,268.60637832707494,0,0,0,0,0,0,909.850169217618,0,0,0,406.7926200533979,0,0,0,0,0,0,0,0,0,0,0,0,0,0,0,0,0,0,0,0,0,0,0,0,0,0,0
S-036,288,2303.52329437,393.437531039,0.130612754517,0.045150534897900003,1214.72818825,26.163116185,8.972582992801408,2.9817239506440374,0,0,365.3185108670131,15.690120288823184,0,0,0,20.717061495494683,0,0,0,0,0,0,0,0,561.3625903911981,0,0,0,0,0,0,0,459.21881433901456,0,0,0,503.8694687034417,0,0,0,0,0,0,0,0,0,0,0,0,0,459.21881433901456,0,503.8694687034417,0,0,0,0,0,0,0,0,0,0,0,0,0,0,245.88218149254197,0,0,33.93093118280346,276.625060476834,0,12.484425917308574,0,0,37.495556388018734,0,0,0,0,0,0,0,84.4992340248135,0,0,0,0,0,212.43072666751985,0,59.74016689258199,0,0,0,0,0,0,513.6328148917656,0,0,0,449.45546815070065,0,0,0,0,0,0,0,0,0,0,0,0,0,0,0,0,0,0,0,0,0,0,0,0,0,0,0
S-029,289,2407.77223915,480.762126563,0.0575878242962,0.0181052257495,1367.2037557,20.573810915,10.044106360094707,4.46074077046999,0,0,0,53.3348447517825,0,0,0,121.924621867239,0,0,0,0,0,0,0,0,731.9619625425486,0,0,0,0,0,0,0,774.2050677596228,0,0,133.0163614019465,0,0,0,0,0,0,0,0,0,0,0,0,0,0,774.2050677596228,0,0,0,0,0,0,0,0,133.0163614019465,0,0,0,0,0,0,0,407.58154826110126,0,0,0,0,0,0,0,0,81.49596920606872,0,0,11.987185331446948,0,0,44.476371544487684,0,0,0,0,0,0,0,159.80436715995359,0,201.87598765843077,0,0,0,0,0,0,784.6441310312888,0,0,0,0,0,0,0,0,0,122.57729813028271,0,0,0,0,0,0,0,0,0,0,0,0,0,0,0,0,0,0,0,0,0
S-030,290,2574.95539846,416.159892153,0.0661465996255,0.0189532948912,1382.6366862,31.7957550016,9.24945706881512,4.050497518842167,0,0,0,112.77887894387194,0,0,0,48.298950603821424,0,0,0,0,0,0,0,0,1350.9507645439448,0,0,0,0,0,0,0,1463.5184243492495,0,0,48.5101697424482,0,0,0,0,0,0,0,0,0,0,0,0,0,0,1463.5184243492495,0,0,0,0,0,0,0,0,48.5101697424482,0,0,0,0,0,0,0,329.8206291910622,0,0,0,0,0,0,65.23161959817726,0,631.0306337930184,0,0,14.803192808449342,64.27698356178018,0,0,0,0,0,0,0,0,0,273.4164233923538,0,133.449111746718,0,0,0,0,0,0,1474.2260100038889,0,0,0,0,0,0,0,0,0,37.80258408787826,0,0,0,0,0,0,0,0,0,0,0,0,0,0,0,0,0,0,0,0,0
S-037,291,2217.73257355,338.441522147,0.144718186849,0.0527596596879,1184.08783755,29.0841813051,8.022969534687366,2.877344386857727,0,0,20.49569669410493,0,0,0,3.0617818133969874,0,0,0,0,0,0,0,0,0,745.7193652703651,0,0,0,0,0,0,0,478.1956767273991,0,0,290.9764676857646,0.10469936463882477,0,0,0,0,0,0,0,0,0,0,0,0,0,477.0366900452979,0,0.10469936463882477,0,0,0,0,292.13545436786575,0,0,0,0,0,0,0,0,0,471.79363441592875,0,0,18.266613678346463,0,0,22.004473807666113,0,0,68.08961206102259,0,0,0,0,64.1600131256112,0,0,0,0,0,0,0,0,87.2199222974568,0,37.74257439187591,0,0,0,0,0,0,483.42536211682284,0,0,285.85148166101686,0,0,0,0,0,0,0,0,0,0,0,0,0,0,0,0,0,0,0,0,0,0,0,0,0,0,0,0
S-022,292,2104.38885996,271.694053371,0.0319419684397,0.00503478090541,1463.64544678,31.5140435327,8.122730962030335,3.9211493870356584,0,0,281.08429508310076,364.99461189131,0,0,0,24.518344163853783,0,0,0,0,0,0,0,0,329.6672317223811,0,0,0,0,0,0,0,549.5989212593963,0,0,47.96393838160207,402.7016232196402,0,0,0,0,0,0,0,0,0,0,0,0,0,240.02825901063937,0,309.570662248757,0,0,0,0,402.7016232196402,0,47.96393838160207,0,0,0,0,0,0,0,50.00114987751256,80.44012107767266,0,0,13.141011012783805,0,4.7461789578470865,0,0,0,0,0,0,554.6528350506634,0,0,0,0,0,0,0,0,0,0,297.28318688420615,0,0,0,0,0,0,0,528.6663581515149,0,0,0,431.28451072913725,0,0,0,0,0,40.31361398004955,0,0,0,0,0,0,0,0,0,0,0,0,0,0,0,0,0,0,0,0,0
S-015,293,2343.72446281,315.245693656,0.0539254552685,0.01701676495,1530.78950195,36.4938227808,7.929573932044736,3.1614929645349927,0,0,0,0,0,0,0,13.9115061485088,0,0,0,0,0,0,0,0,730.9308280271848,0,0,0,0,0,0,0,683.6850748835776,0,0,30.48963519804568,2.0092527748439983,28.65837131907962,0,0,0,0,0,0,0,0,0,0,0,0,91.62583669722406,0,622.5488733843993,0,28.65837131907962,0,0,2.0092527748439983,0,0,0,0,0,0,0,0,0,128.4296631757415,0,0,0,225.88547481357475,0,195.38639302427205,0,0,0,0,0,0,0,0,195.14080316197612,0,0,0,0,0,0,0,0,0,0,0,0,0,0,0,0,689.0248330782733,0,0,0,4.463937116420693,0,0,0,0,0,51.35356398088669,0,0,0,0,0,0,0,0,0,0,0,0,0,0,0,0,0,0,0,0,0
E-108,294,2746.37891252,265.195690959,0.0791856937397,0.0365884793659,1218.9081543,77.2476836775,5.979029001955053,4.052071594791795,2523.0524265165823,0,0,16.910301194116663,69.89311311195614,0,76.20130543714919,1630.5190444726973,0,0,0,0,0,0,0,0,0,0,0,0,0,0,0,0,4316.57619073259,0,0,0,0,0,0,0,0,0,0,0,0,0,0,0,0,0,522.5521343825474,0,0,0,0,282.83659874666614,0,3511.187457603376,0,0,0,0,0,0,0,0,0,2720.5884767794378,0,762.5998725227444,615.0137289930087,3.32790455740543,85.92016910537777,49.872446951840935,0,0,0,0,0,0,0,0,0,0,77.4164026954617,0,0,0,0,0,1.7183207809897536,0,0.11886834626087303,0,0,0,0,0,0,665.7083404574611,0,0,0,0,0,0,0,0,3480.398726208777,0,0,0,0,0,170.46912406640274,0,0,0,0,0,0,0,0,0,0,0,0,0,0,0,0
S-017,295,2736.54223591,365.226568301,0.0227291417035,0.0118040808664,1461.96754286,48.1230704373,6.661267628484475,3.1395237800792506,106.05202265583584,0,42.985561722600046,335.4917344098453,0,0,0,31.8122922695297,0,0,0,0,0,0,0,0,1630.556034240315,0,0,0,0,0,0,0,1548.8221522576684,0,0,4.804419567425908,587.9058603285835,5.365213144939948,0,0,0,0,0,0,0,0,0,0,0,0,788.5154570719028,0,765.1111147531917,0,5.365213144939948,0,0,587.9058603285835,0,0,0,0,0,0,0,0,0,658.4652840417954,158.37912699431462,0,758.8916411244479,382.46532846943245,0,68.10842894529966,0,0,0,0,0,0,3.1144934776800417,0,19.404780064422614,0,69.2718518252369,0,0,0,0,0,0,28.796710355934653,0,0,0,0,0,0,0,1541.4023505993796,0,0,0,599.29935227089,0,0,0,0,0,6.195942428293679,0,0,0,0,0,0,0,0,0,0,0,0,0,0,0,0,0,0,0,0,0
S-018,296,2239.61655804,266.20228194,0.0375542063266,0.00590606654483,1506.26248932,26.7207184685,7.90093328327358,3.0474665428743566,0,0,0,0,0,0,0,14.876405478776913,0,0,0,0,0,0,0,0,628.0004636830087,0,0,0,0,0,0,0,619.8918471986811,0,0,17.076876427881697,0,5.908145535232047,0,0,0,0,0,0,0,0,0,0,0,0,5.238129583056499,0,631.7305940435062,0,5.908145535232047,0,0,0,0,0,0,0,0,0,0,0,0,45.06707516099135,82.37571342907427,0,0,372.61920489879634,0,24.20014565165002,0,0,0,0,0,0,0,0,81.64537232303307,0,36.969357698173674,0,0,0,0,0,0,0,0,0,0,0,0,0,0,636.1517956715951,0,0,0,0,0,0,0,0,0,6.7250734901963565,0,0,0,0,0,0,0,0,0,0,0,0,0,0,0,0,0,0,0,0,0
E-110,297,2478.7407349,349.327510968,0.156068157209,0.00860905019286,1409.16473067,46.9361629625,9.209285640964717,3.957602685610917,604.8222870055876,0,224.25823864088832,0,0,0,0,0,0,0,0,0,0,0,0,0,0,32.08932874143906,0,0,0,0,0,0,861.1698543880846,0,0,0,0,0,0,0,0,0,0,0,0,0,0,0,0,0,0,0,651.5577902587958,0,0,0,0,209.61206412928885,0,0,0,0,0,0,0,0,0,11.13384556942263,17.41346028102859,5.777242288021559,91.91832661953427,306.68137911559506,0,0,0,0,0,0,0,0,0,0,73.67194268520069,0,32.738305990622756,0,0,0,0,0,277.2272301287855,0,44.60812170967133,0,0,0,0,0,0,644.6569764651532,0,0,0,0,0,0,0,0,216.51287792293616,0,0,0,0,0,0,0,0,0,0,0,0,0,0,0,0,0,0,0,0,0,0
S-044,298,2127.75845298,391.082506774,0.14008270997,0.0871865533992,1148.74800502,39.1852028161,5.116352636681773,2.644979496440078,0,0,48.4788765607596,0,0,0,210.4390708365093,290.2595694807999,0,0,0,0,0,0,0,0,902.9403112275309,0,0,0,0,0,0,0,1304.817755615457,0,129.38843817884197,0,17.911634311331742,0,0,0,0,0,0,0,0,0,0,0,0,6.736389779255347,0,0,0,420.1631905148881,0,542.7788232909713,0,482.4394245205158,0,0,0,0,0,0,0,0,0,0,0,0,3.8860201846988103,0,0,105.50003383469185,0,0,0,0,0,0,0,1181.5709763056764,0,0,161.16079778059367,0,0,0,0,0,0,0,0,0,0,0,0,0,0,742.7092545256096,0,133.91624290113862,0,25.225116021338277,0,0,0,0,0,0,0,0,0,0,550.267214657525,0,0,0,0,0,0,0,0,0,0,0,0,0,0,0,0
E-109,299,2554.14890808,299.641440621,0.14653897179,0.0120044906268,1312.03193156,53.232029588,9.08980747341853,3.8145166314478502,1611.1135911542017,0,549.7943942685454,0,0,0,0,0,0,0,0,0,0,0,0,0,0,0,0,0,0,0,0,0,2160.9079854226648,0,0,0,0,0,0,0,0,0,0,0,0,0,0,0,0,0,0,0,1118.0478786177082,0,0,0,0,1042.8601068049563,0,0,0,0,0,0,0,0,0,88.5887335291867,1.7522530827054479,8.203399814673467,337.06623431540413,162.71503725173307,24.01642573185674,0,0,0,0,0,0,0,0,0,12.913705158897587,0,165.6615796650106,0,0,0,0,0,1311.952071487251,0,48.03854538583709,0,0,0,0,0,0,1120.680176484559,0,0,0,0,0,0,0,0,1040.2278089381618,0,0,0,0,0,0,0,0,0,0,0,0,0,0,0,0,0,0,0,0,0,0
S-071,300,1726.91602981,48.8732977465,0.221783090721,0.0175812817171,1123.47636275,35.3942105002,2.0899979741892443,0.9428472949248312,0,0,0,0,0,0,144.57866887344684,72.70857444680466,0,0,0,0,0,0,0,0,22.652872812896057,0,0,0,0,0,0,0,195.55476230973073,0,0,44.38535382337984,0,0,0,0,0,0,0,0,0,0,0,0,0,0,0,0,0,0,0,1.6013896365484304,0,238.33872649656215,0,0,0,0,0,0,0,0,0,25.690875491644523,0,0,0,0,0,23.73690447188133,0,0,0,0,0,0,0,190.51233616957674,0,0,0,0,0,0,0,0,0,0,0,0,0,0,0,0,0,186.23318001806703,0,0.09026617084887059,47.59869640194192,0,0,0,0,0,0,0,0,0,0,0,6.017973542275384,0,0,0,0,0,0,0,0,0,0,0,0,0,0,0,0
S-058,301,1856.43802281,322.319258144,0.0625480495823,0.031057139635,1359.11922983,27.5225494314,5.8449456894115634,4.080041510152177,0,0,0,0,0,0,54.91068239725422,298.24817084453,0,0,0,0,0,0,0,0,480.8196387350942,0,0,0,0,0,0,0,369.0763815803844,0,0,463.40930853908776,1.4928018574199058,0,0,0,0,0,0,0,0,0,0,0,0,0,519.2686953699025,0,0,0,0,0,0,1.4928018574199058,0,313.2169947495696,0,0,0,0,0,0,0,417.1975921739727,0,0,3.2948453443662213,70.33620337767134,43.16641852510767,80.01766038075237,0,0,0,0,0,0,101.47963051424082,0,0,0,0,0,0,0,0,0,59.66725050783878,0,0,58.81889115293165,0,0,0,0,0,377.93712161938186,0,0,137.5433761755934,0,0,0,0,0,0,318.4979941819716,0,0,0,0,0,0,0,0,0,0,0,0,0,0,0,0,0,0,0,0,0
S-073,302,2155.22739198,186.785899188,0.121818800512,0.0616574693374,1158.4211713,19.0576108341,6.24268628481577,2.8039878271176875,0,0,0,0,0,0,0,40.73518481372032,0,0,0,0,0,0,0,0,546.3075340542463,0,0,0,0,0,0,0,587.0427188679955,0,0,0,0,0,0,0,0,0,0,0,0,0,0,0,0,0,0,0,0,23.996814691664685,0,535.4340081108569,0,27.61189606547389,0,0,0,0,0,0,0,0,0,0,0,0,0,5.089696040290823,0,0,0,0,0,0,0,0,0,440.2154195545261,0,0,141.7376032732654,0,0,0,0,0,0,0,0,0,0,0,0,0,0,44.85448120025954,0,0,0,0,0,0,0,0,0,0,0,0,0,0,542.1882376677626,0,0,0,0,0,0,0,0,0,0,0,0,0,0,0,0
S-072,303,2097.53146079,278.26757827,0.162235117207,0.0793302151392,1151.49533691,38.0747931899,5.795949616690947,2.684644793858933,0,0,0,0,0,0,102.7435300669757,188.85371568578947,0,0,0,0,0,0,0,0,773.1452706907019,0,0,0,0,0,0,0,1028.402773339606,0,36.3397431037669,0,0,0,0,0,0,0,0,0,0,0,0,0,0,0,0,0,0,132.89106222188173,0,661.958983097434,0,269.8924711240573,0,0,0,0,0,0,0,0,0,0,0,0,0,0,0,46.32450212439749,0,0,0,0,0,0,0,863.0725031057095,0,0,155.34551121334593,0,0,0,0,0,0,0,0,0,0,0,0,0,0,363.58451466763415,0,31.10837930001876,0,0,0,0,0,0,0,0,0,0,0,0,670.0496224757206,0,0,0,0,0,0,0,0,0,0,0,0,0,0,0,0
S-067,304,1834.09537172,167.441862872,0.202812705846,0.0235800682218,1125.69236127,54.2857087907,6.653107055413568,2.8729828138557423,0,0,300.9371965398429,0,0,0,166.00022654893883,0,0,0,0,0,0,0,0,0,202.95836141525027,0,0,0,0,0,0,0,227.3169721453462,0,31.580516054712163,233.47142365625947,177.52687264764302,0,0,0,0,0,0,0,0,0,0,0,0,0,4.990577308379587,0,177.52687264764302,0,0,0,0,487.37833454793827,0,0,0,0,0,0,0,0,0,102.77714181654719,0,0,0,4.254173485912825,0,50.99681624115262,0,0,67.46248731235832,0,0,0,37.61359891613247,261.85977356598386,26.50922420855479,0,13.962178662852548,0,0,0,0,0,48.25375301005771,52.48293755399135,3.7236997302853396,0,0,0,0,0,0,244.12361252843147,0,15.107716424846327,278.20843414610476,132.45602140450674,0,0,0,0,0,0,0,0,0,0,0,0,0,0,0,0,0,0,0,0,0,0,0,0,0,0,0
S-059,305,1629.94303697,86.5413838085,0.110289321178,0.0210931945388,1325.78112793,11.866730026800001,3.5898038826764185,1.6686305192126822,0,0,0,0,0,0,0,284.202603139665,0,0,0,0,0,0,0,0,0,0,0,0,0,0,0,0,0,0,0,284.20260313964707,0,0,0,0,0,0,0,0,0,0,0,0,0,0,88.35144512143957,0,0,0,0,0,0,0,0,195.8511580182075,0,0,0,0,0,0,0,282.37819353378046,0,0,0,0,0,1.824409605880122,0,0,0,0,0,0,0,0,0,0,0,0,0,0,0,0,0,0,0,0,0,0,0,0,0,1.172319537883128,0,0,77.83492486030386,0,0,0,0,0,0,205.1953587414126,0,0,0,0,0,0,0,0,0,0,0,0,0,0,0,0,0,0,0,0,0
S-025,306,1804.54486078,270.295975811,0.0490800501624,0.0257849054307,1396.40500387,52.7384448814,5.460679040173318,3.9023262833848005,0,0,0,0,0,0,40.22392227595369,447.5617308608345,0,0,0,0,0,0,0,0,631.9775361970527,0,0,0,0,0,0,0,373.3473411523127,0,0,203.29428860064232,543.1215595809044,0,0,0,0,0,0,0,0,0,0,0,0,0,390.5967124784082,0,0,0,0,0,0,543.1215595809044,0,186.04491727454683,0,0,0,0,0,0,0,273.63057683789543,0,0,0,74.615814233661,114.95753675948293,0,0,0,0,0,0,0,89.80854138312515,0,0,0,0,0,0,0,0,0,102.67239164497227,464.07832847470365,0,0,0,0,0,0,0,363.51208320189465,0,0,27.98195710997454,500.99934543272013,0,0,0,0,0,227.26980358924345,0,0,0,0,0,0,0,0,0,0,0,0,0,0,0,0,0,0,0,0,0
S-003,307,2134.99908956,221.096638592,0.120750944949,0.0338660736888,1495.36212713,46.0951152115,6.36160169918714,2.568543458478512,357.60820071614086,0,0,0,0,0,0,695.6770598586083,0,0,0,0,0,0,0,0,0.023196706501856023,538.849895839722,0,0,0,0,0,0,1307.5384838229227,0,0,0,0,263.57305718735773,0,0,0,0,0,21.046812110614,0,0,0,0,0,198.58172096906708,0,0,1096.9144407063,0,263.57305718735773,0,0,33.089134258169445,0,0,0,0,0,0,0,0,0,2.608283182697828,16.1078068446393,0,0,220.619321163429,0,295.6661831795449,0,0,0,0,0,0,590.3711121157671,0,102.06283690162228,0,0,0,0,0,0,0,236.03501854611235,0,128.68779118706775,0,0,0,0,0,0,1330.5633319200706,0,0,0,0,0,0,0,0,12.381006617424532,9.29595289648969,162.97756638746066,0,0,0,0,0,0,0,0,0,0,0,0,76.9404952994201,0,0,0,0,0,0,0
E-114,308,2278.25010542,149.255546376,0.0374393645017,0.01639168065,1263.91589355,30.8487122854,6.8812276752474375,4.6610759334735485,0,0,217.2048319831723,0,0,0,0,642.0356481673108,0,0,0,0,0,0,0,0,0,0,0,0,0,0,0,0,684.1060842394455,0,0,175.1343959110241,0,0,0,0,0,0,0,0,0,0,0,0,0,0,356.0616920709306,0,0,0,0,0,0,503.17878807953906,0,0,0,0,0,0,0,0,0,356.9394919497935,0,0,0,0,188.6956642973075,33.59666801128982,0,0,0,0,0,0,0,0,280.0086558921251,0,0,0,0,0,0,0,0,0,0,0,0,0,0,0,0,163.2732538606789,0,0,217.16420086929463,0,0,0,0,0,478.80302542054517,0,0,0,0,0,0,0,0,0,0,0,0,0,0,0,0,0,0,0,0,0,0
S-019,309,1753.04330351,144.377248122,0.0301166666775,0.00990482113729,1453.99443224,62.198364102,4.753252795139975,1.9599853204297235,0,0,0,0,0,0,0,467.4309624841965,0,0,0,0,0,0,0,0,231.32240572921916,0,0,0,0,0,0,0,116.57177256073992,0,0,212.60894231794836,0,369.5726564997009,0,0,0,0,0,0,0,0,0,0,0,0,0,0,233.81536410696003,0,369.5726564997009,0,0,0,0,95.36535077172826,0,0,0,0,0,0,0,77.73335752598311,40.14664885864926,0,0,85.65787888634475,0,495.0295931764863,0,0,0,0,0,0,0,0,0,0,0.18588976602770219,0,0,0,0,0,0,0,0,0,0,0,0,0,0,131.65814354583483,0,0,0,0,0,0,0,0,0,567.0952246676497,0,0,0,0,0,0,0,0,0,0,0,0,0,0,0,0,0,0,0,0,0
S-032,310,1969.18926635,396.126640709,0.114074361904,0.0352511795351,1337.46579047,65.9685433086,8.568580202852313,5.252831866278013,0,0,920.2812502053695,0,0,0,498.5516655873444,394.8709971335259,0,0,0,0,0,0,0,0,692.8569247602786,0,0,0,0,0,0,0,749.1694791167944,0,0,570.7273235157793,582.5977881242862,491.66057872384175,0,0,112.40566257411984,0,0,0,0,0,0,0,0,0,1004.4192941147829,273.61283578290505,289.2089207968214,0,491.66057872384175,0,0,405.7945299015846,0,41.86467273488577,0,0,0,0,0,0,0,344.32238223147453,178.32079086312157,0,0,0,242.65313446996828,555.7349176226793,0,0,215.94335655483437,0,0,0,103.82362437383561,12.19757204885074,90.29794171710644,0,393.0077489074413,0,0,0,0,0,67.40774821310428,166.18278634611715,136.66883433784085,0,0,0,0,0,0,775.2949175142725,0,0,944.8092333108119,661.6766693417903,0,0,0,0,0,15.850444614001052,0,0,0,108.92957290588424,0,0,0,0,0,0,0,0,0,0,0,0,0,0,0,0,0
S-033,311,1746.07432451,238.960758169,0.147749142633,0.0170282404251,1272.06905692,61.6802372942,6.9135684972319185,3.855721158562984,0,0,199.24027313317214,0,0,0,0.3150851215734167,192.81379068720574,0,0,0,0,0,0,0,0,428.2237943499215,0,0,0,0,0,0,0,0.8266936678995174,0,0,150.97966973848563,512.1515364285353,1.379310165907029,0,0,155.25573329106786,0,0,0,0,0,0,0,0,0,0.8266936678995174,150.97966973848563,667.4072697196032,0,1.379310165907029,0,0,0,0,0,0,0,0,0,0,0,0,100.18955508041168,9.870580605426094,0,0,0,0,45.987234960464164,0,0,0,0,0,0,0,1.5754355946726353,105.86154283278005,0,113.56917610715104,0,0,0,0,0,0,443.53941811081694,0,0,0,0,0,0,0,4.577640878393865,0,0,141.02801597022165,526.380157613682,0,0,0,0,0,0,0,0,0,148.60712882959163,0,0,0,0,0,0,0,0,0,0,0,0,0,0,0,0,0
E-111,312,2127.67997101,176.139287178,0.110392000526,0.0233468698296,1264.88278537,10.3539954639,10.438159558416267,2.5508308645588933,338.96530964046286,0,598.5868953587534,0,0,0,0,0,0,0,0,0,0,0,0,0,0,0,0,0,0,0,0,0,714.8339491105314,0,0,222.7182558887158,0,0,0,0,0,0,0,0,0,0,0,0,0,0,211.80348018826314,10.91477570045265,404.5789478526713,0,0,0,0,310.2550012578601,0,0,0,0,0,0,0,0,0,14.262027274351453,320.38020713064157,0,0,514.3349197916468,52.987626122851275,0,0,0,0,0,0,0,0,0,22.363792050921614,0,8.460853929832924,0,0,0,0,0,4.762778698908003,0,0,0,0,0,0,0,0,364.37409866212914,0,0,205.22814047611175,0,0,0,0,0,367.94996586095436,0,0,0,0,0,0,0,0,0,0,0,0,0,0,0,0,0,0,0,0,0,0
S-066,313,1574.40568926,238.612003264,0.185396221777,0.024679077096,1074.74587833,27.0893251992,8.836098218370786,5.602031253150524,0,191.11109266077744,435.383793025673,0,0,0,108.58326629366019,5.0159295085609585,0,0,0,0,0,0,0,0,0,0,0,0,0,0,0,0,177.94243006129844,0,337.6329309695101,0,57.93245290622331,0,0,0,166.5862675516155,0,0,0,0,0,0,0,0,0,0,0,224.5187204578388,0,0,0,0,515.5753610308085,0,0,0,0,0,0,0,0,0,40.83610707083661,0,0,0,0,0,69.31258313066215,0,0,0,0,0,0,132.40726682195776,72.85907179365942,31.070875082505218,0,0,0,0,0,0,0,81.19854213111138,312.4096354579029,0,0,0,0,0,0,0,185.61817440504237,0,331.514115810225,0,75.37215705833614,0,0,0,0,0,0,0,0,0,147.58963421505797,0,0,0,0,0,0,0,0,0,0,0,0,0,0,0,0,0
S-081,314,1730.70460163,147.188569583,0.227844248991,0.0330215773571,1097.15218353,44.7920242763,3.9359321667331897,1.6620876889714282,0,0,0,24.26341093074326,29.106060390431896,0,0,1440.6804288052629,0,0,0,0,0,0,0,0,137.12157069838543,0,0,0,0,0,0,0,786.3929551014224,0,746.7423859917058,0,0,0,0,0,98.03612973188898,0,0,0,0,0,0,0,0,0,0,0,0,98.03612973188898,0,174.43244210946906,0,1358.702898983659,0,0,0,0,0,0,0,0,0,0,0,0,0,0,0,108.35266717927799,391.0249469648226,0,0,0,0,0,0,1081.6996643347122,0,0,0,0,0,0,0,0,0,50.094192346314166,0,0,0,0,0,0,0,632.559880123031,0,720.075921872601,0,0,0,0,0,0,0,0,0,0,0,88.0710630980125,190.46460573144304,0,0,0,0,0,0,0,0,0,0,0,0,0,0,0,0
S-063,315,1477.13867875,138.83873059,0.164215666907,0.0169035213135,1239.62047177,51.8620576927,6.620660966543483,3.8102372959478323,32.133226313306224,0,364.41488616407514,0,0,0,355.8634865735263,35.9628669027923,0,0,420.58648327387453,0,0,0,0,0,0,0,0,0,0,0,0,0,0,0,0,459.8084042417139,0,0,0,0,197.19872407624425,0,0,0,551.9538209096443,0,0,0,0,0,1011.7622251513582,0,197.19872407624425,0,0,0,0,0,0,0,0,0,0,0,0,0,0,0,0,0,0,0,293.25118266285665,0,0,0,0,0,0,0,116.4554540861508,241.77889799675646,0,0,0,0,0,0,0,0,0,557.4754144817315,0,0,0,0,0,0,0,0,0,0,501.7554816519911,0,0,0,0,0,0,0,0,498.6484082950474,0,208.55705928058327,0,0,0,0,0,0,0,0,0,0,0,0,0,0,0,0,0
S-064,316,1326.00264976,30.769239336,0.163526556558,0.00900361820168,1145.07000054,69.8921934371,1.5583242340148014,0.7417543280091955,70.76628497737114,0,0,0,0,0,97.89712691118301,70.51405483366334,0,0,0,0,0,0,0,0,0,0,0,0,0,0,0,0,0,0,0,0,0,0,0,0,161.42881897630684,0,0,0,77.74864774593972,0,0,0,0,0,77.74864774593972,0,161.42881897630684,0,0,0,0,0,0,0,0,0,0,0,0,0,0,0,0,0,0,0,0,0,0,0,0,0,0,0,0,133.7503177794592,0,0,0,0,0,0,0,0,0,105.42714894275255,0,0,0,0,0,0,0,0,0,0,0,0,0,0,0,0,0,0,0,53.89193248291112,0,185.28553423931592,0,0,0,0,0,0,0,0,0,0,0,0,0,0,0,0,0
M-070,317,2629.76739696,622.599849684,0.0747864207215,0.0604446643709,1222.58909449,153.026963343,5.221121616801984,3.3608029240082815,0,0,14.250022700503227,246.61810453518677,0,0,25.331056444168254,652.2349522520503,0,0,0,0,0,0,0,0,3941.5893738304276,0,0,0,0,0,0,0,2676.1220212151393,0,0,0,1582.3575908465086,0,0,0,621.5438977011142,0,0,0,0,0,0,0,0,0,2676.1220212151393,0,1098.949978991221,0,0,0,0,1104.9515095564016,0,0,0,0,0,0,0,0,0,759.2358597065895,31.18168573299366,67.01456277314388,31.045257179361332,0,0,0,297.3309636924394,0,2387.7256296621968,0,0,59.91422144560063,194.19668108693705,88.04816370007435,0,0,14.488057348573633,0,0,0,0,0,25.540476427286663,891.0943325135272,33.207618494320066,0,0,0,0,0,0,2688.610510904429,0,0,0,1586.029458215002,0,0,0,0,0,0,0,0,0,605.3835406434122,0,0,0,0,0,0,0,0,0,0,0,0,0,0,0,0,0
S-062,318,1558.92140183,104.542452846,0.166184052041,0.0275895495392,1264.92788214,44.3755465251,5.992892308592667,3.7096018051746062,0,0,163.22771392657978,0,0,0,0,271.87082006970854,0,0,254.2304498556758,0,0,0,0,0,0,0,0,0,0,0,0,0,0,0,0,587.5518173297194,0,0,0,0,0,0,0,0,101.77716652225062,0,0,0,0,0,671.9758492019278,0,0,0,0,0,0,0,0,17.353134650042154,0,0,0,0,0,0,0,204.39613152899116,0,0,0,0,134.05624673645718,0,0,0,0,0,0,0,0,0,0,0,0,0,0,0,0,0,0,350.8766055863498,0,0,0,0,0,0,0,0,0,0,552.3834272752645,0,0,0,0,0,0,15.441490924100805,0,121.50406565262664,0,0,0,0,0,0,0,0,0,0,0,0,0,0,0,0,0,0,0
S-031,319,1657.72369828,166.268336929,0.130923763514,0.0364668736672,1313.66240723,40.9459793281,4.593873152379427,2.608321893553997,0,0,73.60622298220086,0,0,0,0,662.8909815587708,0,0,0.8085530344954432,0,0,0,0,0,110.81172489621389,0,0,0,0,0,0,0,72.21405451631064,0,0,774.3219481589597,0,1.5814797965674097,0,0,0,0,0,0,0,0,0,0,0,0,419.63205335333885,0,0,0,1.5814797965674097,0,0,0,0,426.9039493219314,0,0,0,0,0,0,0,566.314880865854,0,0,0,0,52.38663918607821,8.026357070740929,0,0,0,0,0,0,0,0,0,0,0,0,0,0,0,0,23.313841612532432,152.95411626646217,45.12164746997282,0,0,0,0,0,0,78.73942766115809,0,0,344.5085097757454,0,0,0,0,0,0,424.8695450349058,0,0,0,0,0,0,0,0,0,0,0,0,0,0,0,0,0,0,0,0,0
S-082,320,1327.02716364,129.980465267,0.142678665894,0.0390895800633,1037.18358923,15.66721268,4.387789441609274,4.745487988029553,0,268.95253620027967,141.45040648396346,0,0,0,950.9616491483155,4.943732093188497,0,0,0,0,0,0,0,0,0,0,0,0,0,0,0,0,0,0,409.44771290891504,0,0,0,0,0,956.860611016839,0,0,0,0,0,0,0,0,0,0,0,956.74915978237,0.11145123446898726,0,0,0,409.44771290891504,0,0,0,0,0,0,0,0,0,0,0,0,0,0,0,25.385018277399624,0,0,0,0,0,0,0,960.6772126673535,0,0,0,0,0,0,0,0,0,380.24609298105054,0,0,0,0,0,0,0,0,0,451.26366390149326,0,0,0,0,0,0,0,0,0,0,0,915.0446600242823,0,0,0,0,0,0,0,0,0,0,0,0,0,0,0,0,0
S-060,321,1475.31242435,52.8958689308,0.119587171557,0.0375553431901,1301.10072545,28.1132495296,1.9756807896863189,0.8430669798764624,0,0,0,0,0,0,0,636.1736100763626,0,0,0,0,0,0,0,0,0,0,0,0,0,0,0,0,0,0,0,150.43878161586528,441.1701783345766,44.564650126055895,0,0,0,0,0,0,0,0,0,0,0,0,0,0,150.43878161586528,0,44.564650126055895,0,0,441.1701783345766,0,0,0,0,0,0,0,0,0,18.327796949346613,0,0,0,0,0,223.86943787052226,0,0,0,0,0,0,0,0,0,0,0,0,0,0,0,0,0,393.9763752565689,0,0,0,0,0,0,0,0,0,0,0,475.43383801030586,0,0,0,0,0,160.73977206613367,0,0,0,0,0,0,0,0,0,0,0,0,0,0,0,0,0,0,0,0,0
S-021,322,1597.56854605,124.158807221,0.0612447119504,0.0356424825502,1352.79040527,59.4440943486,3.269282178703053,1.7836662995646453,0,0,181.9721262494591,0,0,0,0,1129.9069673949964,0,0,0,0,0,0,0,0,19.05165306733634,0,0,0,0,0,0,0,173.18683787339637,0,0,576.760899570852,408.88385274214687,172.09915652541216,0,0,0,0,0,0,0,0,0,0,0,0,116.78242417101193,0,540.4053472803937,0,172.09915652541216,0,0,408.88385274214687,0,92.75996599284271,0,0,0,0,0,0,0,221.37086547524368,21.09427536297654,0,0,0,0,559.0274750816228,0,0,0,0,0,0,0,0,0,0,69.32049039408211,0,0,0,0,0,0,460.11764039784896,0,0,0,0,0,0,0,200.60604405558465,0,0,0,460.6732078346964,0,0,0,0,0,669.6514948214916,0,0,0,0,0,0,0,0,0,0,0,0,0,0,0,0,0,0,0,0,0
S-070,323,1566.28575915,155.714347161,0.205561714513,0.0416652608722,1074.49285017,42.6082237734,4.543998188188958,2.1369045535559175,0,48.17397026698894,139.2465882811452,0,0,0,294.2136857550001,406.6695460997776,0,0,0,0,0,0,0,0,49.377137714459295,0,0,0,0,0,0,0,200.45907325092185,0,382.8585977021089,87.57382367146415,0,0,0,0,266.7894334928503,0,0,0,0,0,0,0,0,0,0,0,108.88858183689504,157.90085165595525,0,0,0,670.891494624495,0,0,0,0,0,0,0,0,0,91.88905627920954,0,0,0,0,0,116.65177160411382,33.643381051894806,0,0,0,0,0,0,314.34124469593553,0,0,0,0,0,0,0,0,0,381.1554744862336,0,0,0,0,0,0,0,210.62806224213142,0,391.0413095182436,86.48027098320136,0,0,0,0,0,0,0,0,0,0,249.5312853738044,0,0,0,0,0,0,0,0,0,0,0,0,0,0,0,0,0
E-113,324,2258.98878289,235.797870557,0.067189476216,0.03774899212,1206.49525788,68.140974047,6.472668334338126,3.611519960833141,1913.6991657344734,0,944.6056148934082,0,0,0,0,814.5699724000822,0,0,0,0,0,0,0,0,0,0,0,0,0,0,0,0,3255.615133911426,0,0,417.2596191166716,0,0,0,0,0,0,0,0,0,0,0,0,0,0,2050.0792865065737,0,0,0,0,0,0,1622.7954665215236,0,0,0,0,0,0,0,0,0,1057.5373848451295,392.12969008293544,0,15.648244254656332,411.1428747672083,315.0663197597596,32.55120237250999,0.5688204497747028,0,0,0,0,0,283.0670725800189,8.769496241197111e-4,530.5959399339571,0,442.4716015474218,0,0,0,0,0,32.853924501778486,0,159.24080098314488,0,0,0,0,0,0,1624.0357291803818,0,0,478.6863140947259,0,0,0,0,0,1570.1527097530013,0,0,0,0,0,0,0,0,0,0,0,0,0,0,0,0,0,0,0,0,0,0
S-086,325,1373.84336184,147.387814936,0.18566136768,0.0184779753503,1120.05367881,52.8497317567,6.009388579635316,4.02769758529562,137.62999617828072,0,0,0,0,0,155.80422047803205,280.31101084615136,0,0,316.32469666875846,0,0,0,0,0,0,0,0,0,0,0,0,0,0,0,0,14.54233123664419,0,0,0,0,214.84270722232918,0,0,0,660.6848857122667,0,0,0,0,0,660.6848857122667,14.54233123664419,214.84270722232918,0,0,0,0,0,0,0,0,0,0,0,0,0,0,48.43160186965387,0,0,0,0,0,0,7.303370337657991,0,0,0,0,0,0,212.40790651718248,0,0,0,0,0,0,0,0,0,621.9270454467065,0,0,0,0,0,0,0,0,0,0,0,0,0,0,0,0,0,0,0,654.8753642988688,0,230.22981770181605,0,0,0,0,0,0,0,0,0,0,4.964742170612342,0,0,0,0,0,0
S-078,326,1661.94257395,91.5976807711,0.228518896197,0.0193536955132,1063.58000103,32.5428694189,3.3334996574970592,1.206256931306534,0,0,0,0,0,56.15237233551111,0,663.153244565026,0,0,0,0,0,0,0,0,0,0,0,0,0,0,0,0,6.573858798377372,0,712.7317581021396,0,0,0,0,0,0,0,0,0,0,0,0,0,0,0,0,0,0,27.061640866810794,0,679.8382269102607,0,12.405749123445457,0,0,0,0,0,0,0,0,0,0,0,0,0,0,0,7.763946081608914,0,0,0,0,0,0,0,711.5416708190066,0,0,0,0,0,0,0,0,0,0,0,0,0,0,0,0,0,20.778777241359155,0,698.526839659287,0,0,0,0,0,0,0,0,0,0,0,0,0,0,0,0,0,0,0,0,0,0,0,0,0,0,0,0,0
S-079,327,1505.45360124,172.689261442,0.181078414082,0.0598265097226,1051.86566671,32.9124853298,2.9185047088481437,1.578419520422284,0,0,0,74.57481487143654,51.1219876050122,0,342.9749474529303,2796.8704818950227,0,0,0,0,0,0,0,0,62.83739327085704,5.639347775139618,0,0,0,0,0,0,268.8749067493925,0,1200.7132824793239,0,0,0,0,0,1864.430783641101,0,0,0,0,0,0,0,0,0,0,0,243.80336556156558,1620.6274180795353,0,623.3252343157645,0,846.2629549129518,0,0,0,0,0,0,0,0,0,0,0,0,0,0,0,1404.486073356945,417.6633472808545,0,0,0,0,0,0,1174.0289722174641,0,0,0,0,0,45.183478176825986,0,0,0,292.65710183797285,0,0,0,0,0,0,0,316.1582445628125,0,1209.6131164514973,0,0,0,0,0,0,0,0,0,0,0,1807.112442433995,1.1351694215185613,0,0,0,0,0,0,0,0,0,0,0,0,0,0,0,0
S-085,328,1242.10444727,21.244483982,0.153951568263,0.0178243099176,1044.3785662,18.4914850621,1.648393223318247,0.42365464596805896,0,0,0,0,0,0,23.460101146109988,65.55719346920638,0,0,0,0,0,0,0,0,0,0,0,0,0,0,0,0,0,0,0,56.509418594543114,0,0,0,0,32.507876020789,0,0,0,0,0,0,0,0,0,0,56.509418594543114,32.507876020789,0,0,0,0,0,0,0,0,0,0,0,0,0,0,50.2383377392569,0,0,0,0,0,0,0,0,0,0,0,0,0,38.77895687606323,0,0,0,0,0,0,0,0,0,0,0,0,0,0,0,0,0,0,0,0,0,0,0,0,0,0,0,0,0,0,0,38.11845106011239,0,0,0,0,0,0,0,0,0,0,50.898843555215876,0,0,0,0,0,0
S-084,329,1241.01624711,35.6402640775,0.137451776344,0.0228769020622,1045.17217221,30.416876075,1.8124546939234503,1.5249784296907112,29.800448174590265,0,0,0,0,0,570.693741739474,357.3861427047922,0,0,1.1274258958237753,0,0,0,0,0,0,0,0,0,0,0,0,0,0,0,0,147.24909783678862,0,103.44857062859808,0,0,696.2350082849632,0,0,0,12.075081764353182,0,0,0,0,0,12.075081764353182,147.24909783678862,696.2350082849632,0,103.44857062859808,0,0,0,0,0,0,0,0,0,0,0,0,69.02362571663167,0,0,0,0,0,180.2560876351503,0,0,0,0,0,0,0,482.64363256755183,0,0,0,0,0,0,0,0,0,227.08441259540766,0,0,0,0,0,0,0,0,0,0,0,0,0,0,0,0,0,0,33.472590295848,10.02986377359846,0,769.3281370029636,0,0,0,0,0,0,0,0,0,0,146.17716744218086,0,0,0,0,0,0
E-112,330,1920.8248546,211.968652213,0.051535720254,0.0134335456424,1206.45065918,43.4878632032,9.459299749522314,3.619408141594453,203.98400740012804,0,1169.8826104238858,0,0,0,0,0,0,0,0,0,0,0,0,0,0,257.5367602370139,0,0,0,0,0,0,276.9930140197046,0,0,1225.7156562797236,0,0,0,0,0,0,0,128.69470776157297,0,0,0,0,0,0,1459.0872573884021,27.500221661779747,0,0,0,0,0,16.121191249246213,0,128.69470776157297,0,0,0,0,0,0,0,0,726.5402045138479,0,0,246.1396564045025,529.5578102279717,0,113.26310003568484,0,0,0,0,0,0,0,0,0,15.902606878993039,0,0,0,0,0,0,0,0,0,0,0,0,0,0,375.0870540900065,0,0,1145.445913998901,0,0,0,0,0,5.474945846260143,0,0,0,0,0,0,0,0,0,0,0,0,0,0,105.39546412572707,0,0,0,0,0,0,0
S-065,331,1477.21332104,222.770239648,0.154492419441,0.0301006614601,1101.36612001,75.789589516,5.690351738559081,4.613299897189356,0,176.59718083753017,670.8969777026315,0,0,0,493.45551869770344,1318.8786140024804,0,0,0.5017963599475297,0,0,0,0,0,65.9801882999531,0,0,0,0,0,0,0,62.138323447805156,0,371.9156858808927,0.19541785339773873,514.0218254007003,178.20458991149317,0,0,1599.8344334061926,0,0,0,0,0,0,0,0,0,0,0,2113.856258806893,0,178.20458991149317,0,0,434.24942718209553,0,0,0,0,0,0,0,0,0,676.3702030597465,0,0,0,1.386933142002134,0,345.4867590377942,0,0,0,0,0,0,95.07833397972422,260.828314577112,96.05209283559235,0,97.38490047303632,0,0,0,0,0,9.147492668253589,947.7407084096369,196.83453771741688,0,0,0,0,0,0,77.74741314947148,0,368.9098693019037,5.591595563603655,561.8644236398598,0,0,0,0,0,0,4.39437622598992,0,0,1707.8025980195725,0,0,0,0,0,0,0,0,0,0,0,0,0,0,0,0,0
E-201,332,1881.1737553,199.899889319,0.0383188811829,0.00487295769078,1142.02624512,26.3689469544,11.753986534094855,5.452486763110253,0,0,611.4893974341851,0,0,0,0,0,0,0,0,0,0,0,0,0,0,19.200025892031423,0,0,0,0,0,0,57.190853173421324,0,0,573.498570152805,0,0,0,0,0,0,0,0,0,0,0,0,0,0,630.6894233262263,0,0,0,0,0,0,0,0,0,0,0,0,0,0,0,0,0,0,0,0,50.83405654818515,551.9710661727823,0,0,0,0,0,0,0,0,0,27.884300605237147,0,0,0,0,0,0,0,0,0,0,0,0,0,0,0,0,98.57000081926816,0,0,532.11942250695,0,0,0,0,0,0,0,0,0,0,0,0,0,0,0,0,0,0,0,0,0,0,0,0,0,0,0,0
S-087,333,1409.09583627,104.8846447,0.199060577311,0.0206503195528,1120.83104826,45.8493184778,5.455804225086583,3.1034062013593084,0,0,0,86.10807773415293,0,0,8.643469668853253,495.0666919354681,0,0,407.2245202096637,0,0,0,0,0,0,0,0,0,0,0,0,0,0,0,0,288.93434489931263,0,0,0,0,9.766962818573758,0,0,0,698.3414518301366,0,0,0,0,0,698.3414518301366,288.93434489931263,9.766962818573758,0,0,0,0,0,0,0,0,0,0,0,0,0,0,245.6284401717586,0,0,0,0,0,105.64845506987723,231.49774035685255,0,0,0,0,0,0,16.93299888787704,0,0,0,0,0,0,0,0,0,397.3351250616593,0,0,0,0,0,0,0,0,0,0,0,0,0,0,0,0,0,0,0,693.5410357098582,0,14.376283628611608,0,0,0,0,0,0,0,0,0,0,289.12544020955426,0,0,0,0,0,0
S-088,334,1466.12881973,75.7980939943,0.2081463473,0.0163344681485,1208.55175251,35.508609769,4.623290394139628,3.6506630214226323,0,0,0,0,0,0,163.83182369612265,258.19817353722425,0,0,545.2089106851514,0,0,0,0,0,0,0,77.22201173056212,0,0,0,0,0,0,0,0,242.10255673975828,193.63464743973014,85.9664462449726,0,0,311.319535332759,0,0,0,211.43773389177775,0,0,0,0,0,453.54029063153604,0,311.319535332759,0,85.9664462449726,0,0,89.25477620466131,0,0,0,104.37987123506885,0,0,0,0,0,271.18243242808467,0,0,0,0,0,355.1606373327329,0.5547021068718163,0,0,0,0,0,0,0,0,0,0,0,0,0,0,0,0,412.0189859925042,0,0,5.5441617888530255,0,0,0,0,0,0,0,248.76356911196967,180.5220294678693,0,0,0,0,0,0,0,314.74639409793997,0,300.4289269712797,0,0,0,0,0,0,0,0,0,0,0,0,0,0,0,0,0
S-061,335,1450.21185218,51.5301199278,0.165212997102,0.0335857371712,1267.3928615,41.8469516768,1.511259502738931,0.6159526668444467,0,0,0,0,0,0,28.134090417048874,1495.0879122330505,0,0,0,0,0,0,0,0,0,0,0,0,0,0,0,0,0,0,0,246.0846181167023,1219.3946348730954,12.306370390122842,0,0,45.43637927048148,0,0,0,0,0,0,0,0,0,246.0846181167023,0,45.43637927048148,0,12.306370390122842,0,0,1219.3946348730954,0,0,0,0,0,0,0,0,0,328.3946507131415,0,0,0,0,0,182.63359712975702,0,0,0,0,0,0,0,0,0,0,0,0,0,0,0,0,0,1012.1937548072899,0,0,0,0,0,0,0,0,0,0,308.588920868695,1167.4206730160752,0,0,0,0,0,0,0,0,0,47.212408765463245,0,0,0,0,0,0,0,0,0,0,0,0,0,0,0,0,0
E-116,336,1781.06404512,247.087126661,0.0357435126789,0.00511650874857,1056.84491221,93.7769239108,7.658427745463339,4.41211084153877,0,0,830.0536542765657,0,0,0,0,85.3998609686711,0,0,187.3637394005441,69.80049006304706,0,0,0,0,0,0,0,0,0,0,0,0,498.155880508385,0,0,622.0578393590193,0,0,0,0,0,0,0,0,52.40402484140345,0,0,0,0,0,1151.3761780628715,21.241566645936118,0,0,0,0,0,0,0,0,0,0,0,0,0,0,0,171.6124796873528,0,0,0,62.261489448645804,300.9359597055651,21.203441303657744,115.12119897844741,0,0,0,0,0,293.8799457258729,34.158977773340446,0,0,0,0,0,0,0,0,0,11.41371419150539,0,0,0,162.03053789441935,0,0,0,448.40381007691775,0,0,645.3048032991896,0,0,0,0,0,0,0,0,78.90913133273726,0,0,0,0,0,0,0,0,0,0,0,0,0,0,0,0,0,0,0
S-020,337,1508.53866941,121.384654103,0.0691608040035,0.0434768329437,1334.4252002,62.0927911303,2.6765640711459047,2.1665864109985247,0,0,21.27119236607145,0,0,0,91.04197560068303,835.4968268477545,0,0,0,0,0,0,0,0,0,0,0,0,0,0,0,0,2.7230021974979595,0,0,380.6313845271261,0,417.9740438652879,0,0,146.4815642244898,0,0,0,0,0,0,0,0,0,0.08624309814454983,0,302.32249118471316,0,417.9740438652879,0,0,0,0,227.42721666625613,0,0,0,0,0,0,0,46.1532634538548,0,0,0,0,0,855.5946333293542,0,0,0,0,0,0,0,39.54416564745809,0,0,6.51793238391597,0,0,0,0,0,0,0,0,0,0,0,0,0,0,7.211439342952849,0,0,0,0,0,0,0,0,0,684.4170903672682,0,0,0,256.1814651041895,0,0,0,0,0,0,0,0,0,0,0,0,0,0,0,0,0
S-014,338,1754.45643261,421.974047815,0.0476207242553,0.0311394337089,1405.18677585,99.2612964276,4.093401840391062,3.318726228597285,0.004826518630749438,0,0,0,0,0,334.76394256548974,1586.1357437760673,0,0,7.855839052904922,0,0,0,0,0,1043.3936364836477,0,0,0,0,0,0,0,886.142482017079,0,0,112.83050857460339,11.30241036130565,1391.8197546899241,0,0,568.6508310815974,0,0,0,1.408001672452532,0,0,0,0,0,37.29642572750138,0,1531.735397618231,0,1391.8197546899241,0,0,11.30241036130565,0,0,0,0,0,0,0,0,0,229.54239442947303,0,0,0,425.9367378681703,0,1874.856980329113,0,0,0,0,0,0,0,237.74995026011362,204.06792551012643,0,0,0,0,0,0,0,0,0,0,0,0,0,0,0,0,909.7910956055425,0,0,0,14.743614709876871,0,0,0,0,0,1265.0855457437067,137.21267195371763,1.0166037346422068,0,644.3044566494074,0,0,0,0,0,0,0,0,0,0,0,0,0,0,0,0,0
S-006,339,1751.75778149,215.10922021,0.0625888261888,0.047510454661,1301.61424302,55.5464169211,4.070113605014727,1.6247994250014826,0,0,0,0,0,0,0,0,0,0,0,0,0,0,0,0,0,1517.8678259329706,0,0,0,0,0,0,161.18018357357073,0,0,439.833392623148,0,0,0,0,0,0,0,916.8542497358626,0,0,0,0,0,0,0,439.833392623148,161.18018357357073,0,0,0,0,916.8542497358626,0,0,0,0,0,0,0,0,0,358.316953836807,19.880696582796933,0,0,63.40072575913953,0,0,764.9545562173145,0,0,0,0,0,0,0,294.03794309317493,0,17.27695044352217,0,0,0,0,0,0,0,0,0,0,0,0,0,0,193.06801372050333,0,0,413.4604876059677,0,0,0,0,0,0,0,0,0,0,0,0,0,0,0,0,0,0,0,0,911.3393246061737,0,0,0,0,0,0,0
S-123,340,1694.06475,172.841912377,0.0490351255923,0.0331296287689,1260.18451518,40.7959964645,3.5704991792281313,1.3693745578158187,0,0,0,0,0,0,0,0,0,0,0,0,0,0,0,0,0,1361.8739727053858,0,0,0,0,0,0,13.281303852975498,0,0,776.5631765482163,0,0,0,0,0,0,0,572.0294923042378,0,0,0,0,0,0,0,776.5631765482163,13.281303852975498,0,0,0,0,572.0294923042378,0,0,0,0,0,0,0,0,0,412.07322362398975,0,0,0,0,0,0,810.0323685058823,0,0,0,0,0,0,0,85.08460173749341,0,54.68377883811437,0,0,0,0,0,0,0,0,0,0,0,0,0,0,14.683215147518032,0,0,664.5015849423172,0,0,0,0,0,0,0,0,0,0,0,0,0,0,0,0,0,0,0,0,682.6891726154602,0,0,0,0,0,0,0
E-117,341,1576.7196078,135.865065482,0.0477892996371,0.00884713389005,1107.44896484,99.6966107206,4.294814584702058,2.3942839795722186,0,0,232.54796755820774,0,0,0,0,404.8334410463503,0,0,457.3804723231759,0,0,0,0,0,0,0,0,0,0,0,0,0,34.91307061930934,0,0,534.8126344382167,0,0,0,0,36.48271590251031,0,0,0,488.55345996775856,0,0,0,0,0,828.4723588969549,162.9927594765877,36.48271590251031,0,0,0,0,0,0,0,0,66.81404665174198,0,0,0,0,0,196.89972624362338,0,0,0,0,46.2750432911557,31.404701098616876,257.1883284471517,0,0,0,0,0,2.169220000163154,115.14204316506796,0,0,0,0,0,0,0,0,0,220.80052015591676,0,0,0,224.88229852606372,0,0,0,19.224292712516537,0,0,483.3400524502931,0,0,0,0,0,0,0,0,508.0415587281774,0,41.20291565819881,0,0,0,0,0,0,0,0,0,0,42.953061378615,0,0,0,0,0,0
S-012,342,2073.4708574,611.420787394,0.0391006357386,0.0261201061612,1439.53356653,123.792019543,4.500533480278801,2.762019249455184,146.2176462832437,0,0,19.24775017890131,0,0,117.57442130244577,1123.1194355412717,0,0,0,0,0,0,0,0,2262.7933338106045,819.9915641183177,0,0,0,0,0,0,1970.70504683631,0,0,38.24044345830857,178.035059189163,1993.9716302900558,0,0,307.99197206069385,0,0,0,0,0,0,0,0,0,463.360236147465,0,1853.5772262078474,0,1993.9716302900558,0,0,178.035059189163,0,0,0,0,0,0,0,0,0,1087.358522395057,0,0,0,331.83446192162216,0,2390.858204157013,3.168512726305199,0,0,0,0,0,0,139.98338058670458,531.7628540738724,0,0,0,0,3.9782153752656635,0,0,0,0,0,0,0,0,0,0,0,1978.7849885162007,0,0,8.742361124635703,192.78139602383226,0,0,0,0,0,699.9382250311121,1012.8326009433359,258.69289087137963,0,337.17168872502344,0,0,0,0,0,0,0,0,0,0,0,0,0,0,0,0,0
S-046,343,1582.11287631,89.5301564846,0.0548835634009,0.00810916914647,1205.63314016,26.1784571952,2.8085147216013215,1.3734777471975401,0,0,5.587510002885835,0,0,0,0,0,0,0,0,0,0,0,0,0,0,618.3453848770721,0,0,0,0,0,0,0,0,0,338.1490260238827,0,0,0,0,0,0,0,285.78386885613247,0,0,0,0,0,0,0.09756414073146794,338.0514618831512,0,0,0,0,0,0,0,285.78386885613247,0,0,0,0,0,0,0,138.62733485925312,0,0,0,0,0,0,479.98863492238115,0,0,0,0,0,0,0,0,0,5.316925098285352,0,0,0,0,0,0,0,0,0,0,0,0,0,0,0,0,0,348.54160348295073,0,0,0,0,0,0,0,0,0,0,0,0,0,0,0,0,0,0,0,0,275.39129139706625,0,0,0,0,0,0,0
S-048,344,1571.91652333,163.972574564,0.0440354900435,0.0049471029847,1169.93700562,18.7404874252,7.354840770646263,2.9934224671475844,0,0,477.65031102212316,0,0,0,0,182.35482335935728,0,0,0,0,0,0,0,0,0,0,0,327.58243018932205,0,0,0,0,94.92362663972295,0,0,715.320138062737,0,0,0,0,0,0,0,0,177.34379986836265,0,0,0,0,0,839.6651245297442,0,0,0,0,0,0,0,0,0,0,147.92244004107835,0,0,0,0,0,337.2011044930365,0,0,0,0,265.63992231708005,0,0,0,0,0,0,0,0,0,28.397023376938044,0,0,0,0,0,0,0,0,356.34951438372184,0,0,0,0,0,0,0,141.36668081168156,0,0,518.5527250696762,0,0,0,0,0,0,0,0,235.52147628867218,0,0,0,0,0,0,0,0,0,0,0,0,92.1466824007553,0,0,0,0,0,0
S-124,345,1596.88470188,225.622200527,0.0532885511039,0.0317176312182,1232.50363991,44.3358263602,3.5614554523179103,1.6437168789207521,0,0,0.1544567041059143,0,0,0,0,0,0,0,0,0,0,0,0,0,0,1198.4591300688019,0,0,0,0,0,0,8.623789302796954,0,0,793.8983376211396,0,0,0,0,0,0,0,396.09145984941586,0,0,0,0,0,0,0,793.8983376211396,8.623789302796954,0,0,0,0,396.09145984941586,0,0,0,0,0,0,0,0,0,811.1751922842434,0.013601099130394844,0,0,0,0,0,387.4247933899264,0,0,0,0,0,0,0,0,0,0,0,0,0,0,0,0,0,0,0,0,0,0,0,0,65.9115167641758,0,0,792.3657151440373,0,0,0,0,0,0,0,0,0,0,0,0,0,0,0,0,0,0,0,0,340.3363548651622,0,0,0,0,0,0,0
S-047,346,1590.11943378,177.333750302,0.0428365205104,0.004994297995,1193.47082011,34.9176073566,5.716997002744813,2.9178969780201176,0,0,383.0476690417885,0,0,0,0,761.0478871594487,0,0,0,0,0,0,0,0,0,0,0,118.24644005803404,0,0,0,0,113.39420080408766,0,0,1026.9611242119433,0,0,0,0,45.55599025946046,0,0,0,76.43068098374097,0,0,0,0,0,514.1009639025333,0,45.55599025946046,0,0,0,0,0,0,0,0,702.6850420972386,0,0,0,0,0,240.6332149853493,0,0,0,0,161.45824308209717,10.066116519814326,68.16704724769271,0,0,0,0,0,0,0,12.972857041855296,0,0,0,0,0,0,0,0,769.0445173823485,0,0,0,0,0,0,0,87.09855974433289,0,0,376.00680163450323,0,0,0,0,0,0,0,0,94.67840230885734,0,114.44679594494869,0,0,0,0,0,0,0,0,0,0,590.1114366266288,0,0,0,0,0,0
S-113,347,1626.82888041,236.787499574,0.0730998273939,0.0285611232573,1220.84150391,53.292191385,4.2401195693714895,2.729164985537217,0,0,445.9336687353846,0,0,0,0,0,0,0,59.507004603418466,0,0,0,0,0,0,1203.5269018456895,0,0,0,0,0,0,304.14122550733055,0,0,998.0958108188955,0,0,0,0,0,0,0,143.97202251609332,262.7585163426208,0,0,0,0,0,301.30482203154213,959.54950512997425,304.14122550733055,0,0,0,0,95.13163134482974,0,48.84039117126356,0,0,0,0,0,0,0,721.177329722567,89.43413255428726,0,0,21.592233908142557,122.65852745703869,67.53869782590182,267.90712066868286,0,0,0,0,0,0,0,0,0,294.08864314728527,0,0,0,0,0,0,124.57088990088343,0,0,0,0,0,0,0,327.5367222219464,0,0,1111.2719442118732,0,0,0,0,0,0,0,0,226.19160587746063,0,0,0,0,0,0,0,0,0,0,0,43.96730287336506,0,0,0,0,0,0,0
S-008,348,1469.40256741,179.939242941,0.0229854320725,0.0272627134058,1254.49371861,113.359240025,2.679294265473456,1.2176879681579678,0,0,0,0,0,0,111.24018495674875,0,0,0,0,0,0,0,0,0,0,1153.5584970053728,0,0,0,0,0,0,0.3741626373621412,0,0,602.9584696364353,0,239.46521412021053,0,0,82.6238868832601,0,0,339.3769486849047,0,0,0,0,0,0,0,602.9584696364353,82.99804952062225,0,239.46521412021053,0,0,339.3769486849047,0,0,0,0,0,0,0,0,0,468.3373821137063,0,0,0,0,0,343.9252419615134,323.57705297942886,32.44720025024108,0,0,0,0,0,96.5118046572414,0,0,0,0,0,0,0,0,0,0,0,0,0,0,0,0,0,2.7553117403374503,0,0,832.9007538198186,0,0,0,0,0,0,0,0,0,0,94.67920844283405,0,0,0,0,0,0,0,0,0,334.46340795923595,0,0,0,0,0,0,0
S-125,349,1502.91051826,183.806453188,0.052213516173,0.0187359587271,1204.2153519,39.3903342783,3.0382702277346993,1.3384887821244982,0,0,0,0,0,0,0,0,0,0,0,0,0,0,0,0,0,2190.729470383249,0,0,0,0,0,0,0.35075149322268107,0,0,1520.3541737949233,0,0,0,0,128.80549483293348,0,0,541.219050262482,0,0,0,0,0,0,0,1520.3541737949233,129.15624632615615,0,0,0,0,541.219050262482,0,0,0,0,0,0,0,0,0,798.1275509282458,0,0,0,0,0,13.778187271410358,1185.8696008191687,0,0,0,0,0,0,0,0,0,0,0,0,0,0,0,0,192.9541313650788,0,0,0,0,0,0,0,9.291153593687437,0,0,1562.2316932129745,0,0,0,0,0,0,0,0,0,0,128.60294884414833,0,0,0,0,0,0,0,0,0,490.603674732814,0,0,0,0,0,0,0
S-005,350,1568.66781816,295.4147768,0.043637503443,0.0492549992741,1269.77071417,109.43705171,2.9883088651328173,1.5028906906804504,4.256058245570286,0,0,0,0,0,49.009562650057894,0,0,0,0,0,0,0,0,0,0,1507.4927169348566,0,0,0,0,0,0,206.22699656368175,0,0,922.0315750524761,0,72.23287149354569,0,0,47.184247109754416,0,0,313.0826478961331,0,0,0,0,0,0,0,922.0315750524761,253.41124367343616,0,72.23287149354569,0,0,313.0826478961331,0,0,0,0,0,0,0,0,0,571.1989420945243,41.266498155070934,0,0,222.65720539883694,0,477.459941918365,202.25518074649253,0,0,0,0,0,0,45.92056951753761,0,0,0,0,0,0,0,0,0,0,0,0,0,0,0,0,0,213.87584037679417,0,0,970.3544619596915,0,0,0,0,0,0,0,0,0,0,56.651269966558495,0,0,0,0,0,0,0,0,0,319.8767655277989,0,0,0,0,0,0,0
S-127,351,1505.42340251,111.63023868,0.0606292092495,0.0118496806895,1172.75635598,37.4669040249,4.140826707597801,2.131788097360784,0,0,189.7018570716256,0,0,0,0,0,0,0,1283.3055530298143,0,0,0,0,0,0,985.0440143533091,0,0.8465525187694103,0,0,0,0,0,0,0,819.5920837082316,0,0,0,0,0,0,0,474.8231453339369,1164.4827479312232,0,0,0,0,0,1414.0420510749723,570.0327805644826,0,0,0,0,0,0,0,474.8231453339369,0,0,0,0,0,0,0,105.52733474369086,0,0,0,0,569.801636126444,0,828.9596862405472,0,0,0,0,0,0,0,0,0,0,0,0,0,0,0,0,954.6093198627733,0,0,0,0,0,0,0,0,0,0,908.1932914512902,0,0,0,0,0,0,0,0,1103.9040600422418,0,0,0,0,0,0,0,0,0,0,0,446.8006254798406,0,0,0,0,0,0,0
S-049,352,1390.28325474,137.126582936,0.0545157667387,0.00694115734834,1160.93628834,30.3172532472,5.454218621268987,2.0516262136274177,0,0,4.267653081648022,0,0,0,0.7554115618477008,138.50101856738888,0,0,890.8403636518369,0,0,0,0,0,0,294.8587684274035,0,5.845899913433341,0,0,0,0,0,0,0,123.99350914947769,0,0,0,0,0,0,0,0,1211.0756060542683,0,0,0,0,0,1237.005927389754,0,0,0,0,0,0,0,0,0,0,98.06318781399189,0,0,0,0,0,60.487010129720765,0,0,0,0,85.15432391839967,0,308.72361412706005,0,0,0,0,0,0,0,0,0,0,0,0,0,0,0,0,880.7041670285436,0,0,0,0,0,0,0,0,0,0,54.00753711657486,0,0,0,0,0,0,0,0,1031.1164018165955,0,0,0,0,0,0,0,0,0,0,0,0,249.94517627049248,0,0,0,0,0,0
S-128,353,1308.39445612,124.708716915,0.0468265754171,0.00329913714939,1156.58876801,19.6990032962,5.421056752096557,2.0932696778882875,0,0,0,0,0,0,1.1173841480112339,410.7908681409164,0,0,0.02065796930799738,0,0,0,0,0,0,0,0,127.80854338662469,20.672853814244093,0,0,0,0,0,0,552.9125913760023,0,0,0,0,4.353943752025608,0,0,0,3.143772331155232,0,0,0,0,0,3.143772331155232,0,4.353943752025608,0,0,0,0,0,0,0,0,552.9125913760023,0,0,0,0,0,67.6734204513691,0,0,0,0,0,0,44.2095277252983,0,0,0,0,0,0,0,0,0,0,0,0,0,0,0,0,448.5273592824565,0,0,0,0,0,0,0,0,0,0,1.052122954713811,0,0,0,0,0,0,0,0,3.6021302859579833,0,22.933644593527994,0,0,0,0,0,0,0,0,0,0,532.8224096249876,0,0,0,0,0,0
S-007,354,1430.92950385,206.668999348,0.0288395727985,0.0268917823329,1211.77927008,100.863480073,2.4876678625547517,1.4395328676968882,0,0,0,0,0,0,0,0,0,0,0,0,0,67.95392870257538,0,0,0,1708.7293654237594,0,0,0,0,0,0,14.42897499284025,0,0,901.41081004191,0,31.623822533209246,0,0,479.26493302302015,0,0,349.9547559758473,0,0,0,0,0,0,0,901.41081004191,493.6939080158604,0,31.623822533209246,0,0,349.9547559758473,0,0,0,0,0,0,0,0,0,675.8496438704432,0,0,0,11.863255107952327,0,713.1524991112391,375.81789603676066,0,0,0,0,0,0,0,0,0,0,0,0,0,0,0,0,0,0,0,0,0,0,0,0,7.239650371053227,0,0,996.2728293099037,0,0,0,0,0,0,0,0,0,0,412.3710768650046,0,0,0,0,0,0,0,0,0,360.79973758044866,0,0,0,0,0,0,0
S-004,355,2260.35912868,639.366134923,0.0515131542065,0.0425787841006,1380.22872416,175.357522498,4.604765667228714,2.538446384136602,214.43946771750768,0,0,255.07323050366702,0,0,90.38393330950586,2369.196246682847,0,0,0,0,0,0,0,0,526.594486261671,3038.342358201191,0,0,0,0,0,0,2446.9965356651687,0,0,425.30601595880887,1001.1288310305039,1307.9958345610355,0,0,0,0,0,1312.6025054605839,0,0,0,0,0,627.278223346447,708.7709885592365,425.30601595880887,637.2345612197668,0,1307.9958345610355,433.39387372850035,0,2354.0502253023055,0,0,0,0,0,0,0,0,0,993.6172944779964,75.59849782982441,276.60969439444153,867.9856767837289,548.18976997846,0,1948.0475469390751,926.4797219863148,0,398.9497251784511,0,0,0,47.850960713853446,0,187.46729448790032,0,0,0,0,0,0,0,222.04713878200408,0,1.1864011240141705,0,0,0,0,0,0,2419.4674653997786,0,0,745.9650311061829,1013.661761387704,0,0,0,0,40.25323706450919,132.2471726880624,669.3240891604457,0,0,0,0,0,0,0,0,0,0,0,0,1473.110965869749,0,0,0,0,0,0,0
S-055,356,1206.89802541,80.1271844564,0.0449402811937,0.0138523976848,1008.65671349,70.982614392,3.236539156873033,1.9049812140151705,0,0,0,0,0,0,0,0,0,0,860.5496145190133,0,0,0,0,0,0,858.5948383186337,0,0,0,11.790028110725588,0,0,0,0,0,564.7327710130064,0,0,0,0,48.98773468525547,0,0,0,1117.2139752499443,0,0,0,0,0,1117.2139752499443,564.7327710130064,48.98773468525547,0,0,0,0,0,0,0,0,0,0,0,0,0,0,488.3144574118723,0,0,0,0,0,28.09624882675831,161.55790428006623,0,0,0,0,0,0,0,0,0,0,0,0,0,0,0,0,1052.965870429394,0,0,0,0,0,0,0,0,0,0,269.77477817034134,0,0,0,0,0,0,0,0,1135.8206030890185,0,78.73037558153855,0,0,0,0,0,0,0,0,0,0,246.60872410732,0,0,0,0,0,0
E-115,357,1687.12707604,360.700806708,0.0419428665657,0.0221354172198,1109.62172173,94.0430778249,8.26221011491907,4.777272614292927,0,0,1345.2669612276588,0,0,0,0,3148.140555187792,0,0,2413.273001233763,17.914996342093715,0,0,0,0,0,308.08061808983473,773.9985608230131,0,0,0,0,0,1625.5261601907396,0,64.27452570113984,1995.6198339791479,0,0,0,0,1226.7276591443701,0,0,202.3671061010145,2892.159407788107,0,0,0,0,0,4885.507120134905,219.75707990910206,1226.7276591443701,0,0,205.18019269160916,0,1190.00841982764,0,0,0,77.12711509587874,202.3671061010145,0,0,0,0,1902.9835845186458,0,0,19.366180082520724,18.754148770980542,1744.1142430068794,142.74579649645534,510.3534576964606,0,0.985021442744338,0,0,0,343.38591378046783,886.4916671694434,1.1609756119585761,0,0,0,0,0,0,0,19.95642412554503,1196.6499477626126,0,0,0,11.174032566166336,211.4161666318097,997.1371332418231,0,351.394719050465,0,57.62867615149002,1902.2800985469532,0,0,0,0,0,1305.813339398184,0,0,3122.6772300299244,0,945.9510774338003,0,0,0,0,0,0,0,0,0,277.2610582392592,43.66849405393648,0,0,0,0,0,0
S-056,358,1180.31365162,128.697367529,0.0262957968332,0.0145544070089,1034.83697189,132.923774337,2.2944062337224747,1.6477551088831288,0,0,0,0,0,0,39.19645492658773,192.25376728562637,0,0,544.617485885522,0,0,0,0,0,0,3172.60145546098,0,0,0,79.55220681262847,0,0,0,0,0,1909.6399603802593,0,0,0,0,1418.620021772262,0,0,3.1954518403839587,696.7659363784751,0,0,0,0,0,696.7659363784751,1909.6399603802593,1333.0285774753652,0,0,85.59144429689673,0,3.1954518403839587,0,0,0,0,0,0,0,0,0,1329.662035580184,0,0,0,0,0,569.6976791471141,972.6588635284273,18.212725748639834,0,0,0,0,0,221.01281549744866,0,0,0,0,0,0,0,0,0,916.9772508696017,0,0,0,0,0,0,0,0,0,0,756.3895179669314,0,0,0,0,0,0,0,0,658.0010278636487,0,1451.3050248167463,0,0,0,0,0,0,0,0,0,4.99188540975304,1157.533914314586,0,0,0,0,0,0
M-022,359,3269.40014429,139.527767661,0.0218974667757,0.0121805137201,968.232994927,35.0925577521,6.132075530840023,2.632031098687011,167.87571986405558,0,0,410.5720508266815,0,0,35.11920910340545,76.92380099412793,0,0,0,0,0,0,0,0,0,0,0,0,0,0,0,0,524.2499378785768,0,0,0,166.24084290964188,0,0,0,0,0,0,0,0,0,0,0,0,0,0,0,0,0,0,258.7960899361698,0,431.69469085204895,0,0,0,0,0,0,0,0,0,67.7834508796567,0,191.01709724330044,0,0,0,0,55.953058770966535,0,375.7371738942844,0,0,0,0,0,0,0,0,0,0,0,0,0,0,0,0,0,0,0,0,0,0,414.41113987163874,0,0,0,152.93827311692735,0,0,0,0,123.14136779971764,0,0,0,0,0,0,0,0,0,0,0,0,0,0,0,0,0,0,0,0,0,0
M-033,360,2401.43102207,105.372297551,0.0212186072022,0.00399027653856,533.365070888,35.4981425746,6.19091305566616,2.48939673126247,675.1286009755853,0,0,0,0,0,48.00177738329309,0,0,0,0,0,0,0,0,0,0,0,0,0,0,0,0,0,0,0,0,319.1571603581648,0,235.68850606924758,0,0,0,0,168.28471193158717,0,0,0,0,0,0,0,73.46359816466018,0,168.28471193158717,0,235.68850606924758,245.6935621935046,0,0,0,0,0,0,0,0,0,0,0,285.4480336647117,0,0,0,0,0,430.973338107373,6.709006586858444,0,0,0,0,0,0,0,0,0,0,0,0,0,0,0,0,0,0,0,0,0,0,0,0,0,0,0,325.8172174524982,0,0,0,0,0,0,0,0,0,0,0,0,0,0,0,0,0,0,0,397.3131609064961,0,0,0,0,0,0,0,0
E-137,361,2191.85392777,213.057502064,0.118987994062,0.0509359405365,1112.09555393,26.786066288,6.786750644886918,2.9453859487079934,0,0,0,66.10685199839455,503.2231067106913,59.479585426323084,0,7.7146193147366855,0,0,0,0,0,0,0,0,208.41875317731393,0,0,0,0,0,0,0,844.9429166274281,0,0,0,0,0,0,0,0,0,0,0,0,0,0,0,0,0,478.2510125695517,0,0,0,0,0,0,366.69190405787634,0,0,0,0,0,0,0,0,0,6.345859027535445,0,0,0,62.58921523550256,0.4221977096583811,0,0,0,0,0,0,0,0,723.6256955959545,0,0,27.39396570172871,0,0,24.565983357128573,0,0,0,0,0,0,0,0,0,0,0,375.9432452317494,0,0,0,0,0,0,0,0,468.9996713957147,0,0,0,0,0,0,0,0,0,0,0,0,0,0,0,0,0,0,0,0,0,0
S-115,362,2049.91610275,217.671107733,0.175439639908,0.0450735145043,1101.0530369,20.4835840682,6.75875037373587,3.5763816908186965,0,0,0,80.9926481492922,292.9537326738881,154.41084509463937,0,439.9822961865373,0,0,0,0,0,0,0,0,82.67275791424504,0,0,0,0,0,0,0,952.2837319228527,0,98.72854809568646,0,0,0,0,0,0,0,0,0,0,0,0,0,0,0,655.1037710895581,0,0,77.67764259260915,0,21.05090550307732,0,297.17996083329456,0,0,0,0,0,0,0,0,0,12.510371439765798,0,0,0,324.9541064825687,0,0,0,0,0,0,0,0,0,433.3980434857353,0,0,217.040845401195,0,0,63.10891320934239,0,0,0,0,0,0,0,0,0,0,0,280.4532498246552,0,83.91855011686823,0,0,0,0,0,0,686.64048007705685,0,0,0,0,0,0,0,0,0,0,0,0,0,0,0,0,0,0,0,0,0,0
S-075,363,1818.7033784,160.542714426,0.202318276871,0.0420266264471,1074.45242587,37.7119814257,4.206973477606995,2.951989472138714,0,0,0,60.59626735569836,102.05962972449055,409.06642741045715,0,881.3048565276489,0,0,0,0,0,0,0,0,158.28799676638562,0,0,0,0,0,0,0,723.7024625288102,0,887.6127152558727,0,0,0,0,0,0,0,0,0,0,0,0,0,0,0,207.05780493613628,0,0,342.3901459752239,0,545.2225692806488,0,516.644657592674,0,0,0,0,0,0,0,0,0,188.46532961740357,0,0,0,27.007429684727676,8.356350171644099,206.1362993957333,0,0,0,0,0,0,0,1134.1813087269197,0,0,47.16846018833665,0,0,0,0,0,0,0,0,0,0,0,0,0,0,538.5018340616599,0,846.5097581123487,0,0,0,0,0,0,226.30358561059387,0,0,0,0,0,0,0,0,0,0,0,0,0,0,0,0,0,0,0,0,0,0
E-138,364,1978.71365325,370.739479576,0.101646824187,0.0782159684673,1050.18538213,67.5054184579,3.2128400283287295,1.8497928084818465,0,0,0,187.93460001332187,814.4252805506931,842.2829681909016,29.951491274754076,1188.14193879552,0,0,0,0,0,0,0,0,2205.431219260312,328.9661107573535,0,0,0,0,0,0,2568.8468038927613,0,1314.3259526883999,0,825.8934422490753,179.43593464856076,0,0,708.6314753644324,0,0,0,0,0,0,0,0,0,407.02152422027115,0,88.84984966312726,2322.9256477771046,179.43593464856076,58.16544096750716,378.90993189416866,2161.82527967249,0,0,0,0,0,0,0,0,0,355.2794749800571,0,0,0,63.32608012945626,155.62067204691118,510.25556516503525,0,0,0,0,0,0,0,4510.53920989087,0,0,2.112606631500103,0,0,0,0,0,0,0,0,0,0,0,0,0,0,2149.24273290226,0,922.3951402167783,0,861.9482012196431,0,559.7516298380442,0,0,405.2884215319079,0,0,0,0,698.5074831345484,0,0,0,0,0,0,0,0,0,0,0,0,0,0,0,0,0
S-083,365,1130.96996259,107.006921218,0.114363137012,0.0543266827885,1012.05502949,37.9264750035,2.9573739615322356,2.1682895043598114,0,0,0,0,0,0,3612.8128368517355,458.64833783641564,0,0,1988.7565326911742,1145.8334486917631,0,0,0,0,0,35.14752695262772,69.33572351651055,0,0,0,51.07468089224803,0,0,0,0,766.2707440303815,0,413.66061992439757,0,0,2737.2706087476968,0,0,0,3371.208462375088,73.1986523549471,0,0,0,0,1859.857264539246,766.2707440303815,2680.4370015278637,0,413.66061992439757,627.3645066775579,0,0,0,0,0,0,0,1014.0189507330646,0,0,0,1476.6394609048734,0,0,0,0,0,585.7775835065619,316.61703261681197,0,0,0,0,0,0,2429.3311482195786,0,0,0,0,0,0,0,0,0,2553.2438621843526,0,0,0,0,0,0,0,0,0,0,0,0,0,0,0,0,0,0,58.31039934401168,3384.011741791502,0,3050.7894695464547,0,0,0,0,0,0,0,0,0,0,791.7081345082931,76.78934224215195,0,0,0,0,0
S-092,366,1231.04718293,60.014035194,0.139240756897,0.0367577733975,1047.30286298,31.331889403,2.8535221540833504,1.704445657837968,0,0,0,0,0,0,445.6747142145533,876.6310193559979,0,0,339.1113213161841,0,0,0,0,0,0,0,0,0,0,0,0,0,0,0,0,879.7013828459118,0,200.19438346858024,0,0,0.9768591761941007,0,0,0,580.5444293959479,0,0,0,0,0,153.39868588289158,879.7013828459118,428.1226026892504,0,200.19438346858024,0,0,0,0,0,0,0,0,0,0,0,0,556.2075948853113,0,0,0,0,0,412.5452454008761,100.47081124798532,0,0,0,0,0,0,326.55643388394253,0,0,0,0,0,0,0,0,0,265.6369694684874,0,0,0,0,0,0,0,0,0,0,0,0,0,0,0,0,0,0,32.42704511443883,548.7656194269881,0,101.37571970747504,0,0,0,0,0,0,0,0,0,0,978.8486706378077,0,0,0,0,0,0
S-091,367,1401.83562756,149.783936664,0.207591031828,0.0219436262021,1127.75,44.1515408204,5.539304707238158,2.798881800799117,0,0,0,47.372426393144366,0,0,230.94042942885517,217.58553396313897,0,0,1124.3826448261761,0,0,0,0,0,0,0,24.890578512277628,0,0,0,0,0,0,0,0,262.9336089261517,82.68732756587376,13.002229084258724,0,0,0,0,0,0,1286.548447547249,0,0,0,0,0,1286.548447547249,262.9336089261517,0,0,13.002229084258724,0,0,0,0,0,0,82.68732756587376,0,0,0,0,0,250.85253740436045,0,0,0,0,0,129.4875812959363,237.3292876601724,0,0,0,0,0,0,53.68972340824714,0,0,0,0,0,0,0,0,0,893.7473575930339,0,0,80.06512576181676,0,0,0,0,0,0,0,0,63.241416425709545,0,0,0,0,0,0,0,1327.1369544524232,0,0,0,0,0,0,0,0,0,0,0,0,254.79324224540812,0,0,0,0,0,0
S-089,368,1380.12818798,33.5399530819,0.192557222313,0.0199966903169,1207.81110297,12.2301426128,2.0303340129721974,1.279201736594572,0,0,0,0,0,0,76.99542745349609,160.10470787448048,0,0,0,0,0,0,0,0,0,0,0,0,0,0,0,0,0,0,0,0,81.89665380506253,54.555156967584246,0,0,100.6483245552648,0,0,0,0,0,0,0,0,0,0,0,100.6483245552648,0,54.555156967584246,0,0,81.89665380506253,0,0,0,0,0,0,0,0,0,0.16143974064490993,0,0,0,0,0,215.01692555956782,0,0,0,0,0,0,0,15.884530634065165,0,0,0,0,0,0,0,0,0,6.0372393936536835,0,0,0,0,0,0,0,0,0,0,0,99.48148366113129,0,0,0,0,0,0,0,0,0,137.6186516668039,0,0,0,0,0,0,0,0,0,0,0,0,0,0,0,0,0
S-090,369,1211.16000618,185.640555392,0.157067106053,0.0473586872177,1066.19230047,96.7012926348,4.059145731770397,3.912402435933476,0,0,0,0,0,0,1155.4825062201946,1497.3216652943274,0,0,882.0023065237251,0,0,0,0,0,0,1161.7634359003225,1081.2378570109868,0,0,0,82.57832481695404,0,0,0,0,150.2667136787806,929.6505910313972,260.94843066569194,0,0,3055.2416095621543,0,0,0,1163.6527890429527,300.62596178562495,0,0,0,0,1163.6527890429527,150.2667136787806,1966.6234617878608,0,260.94843066569194,1088.6736909881602,0,0,0,0,0,929.6505910313972,0,0,300.5704185717584,0,0,247.7852178429526,0,0,0,0,0,619.1087636386366,16.10765983074251,106.73883351005223,0,0,0,0,0,2916.1237720698246,0,0,0,0,0,59.72000799315619,0,0,0,1890.7678550061307,0,0,4.033985874690998,0,0,0,0,0,0,0,0,960.0928956787185,0,0,0,0,0,0,0,1281.0742987414865,0,3190.8586430293353,0,0,0,0,0,0,0,0,0,0,119.9915173376232,308.3687409797727,0,0,0,0,0
S-057,370,994.431230995,76.1386217202,0.0207593901896,0.0132629284602,896.83771061,18.62398163,1.5865264424074643,1.384299615216697,0,0,0,170.6622866469356,0,0,1049.5712490833314,648.2295133716038,0,0,455.98326227480305,0,0,0,0,0,0,1816.4213218929222,0,0,0,0,0,0,0,0,28.8669168567762,2331.0793889116344,0,440.49631166121594,0,0,1151.761440260968,0,0,0,188.6635755785959,0,0,0,0,0,188.6635755785959,2331.0793889116344,465.82578665128256,0,440.49631166121594,714.8025704664616,0,0,0,0,0,0,0,0,0,0,0,573.9594589877572,0,0,0,0,0,718.2444922427716,513.514505130484,29.200900973210747,0,0,0,0,0,1314.6359325402234,0,0,0,0,0,0,0,0,0,991.3123433949386,0,0,0,0,0,0,0,0,0,36.23544381309705,0,0,0,0,0,0,0,0,115.8703909286277,204.56035224928164,0,1338.1540626470885,0,0,0,0,0,0,0,0,0,0,2446.047383631171,0,0,0,0,0,0
S-051,371,1152.34427903,96.3336656644,0.0543266076308,0.0083345359254,1083.6915471,24.3059785771,5.765608348511833,3.5090830595741886,0,0,0,0,0,0,157.1530572870934,0,0,0,298.2612308653226,0,0,0,0,0,0,188.00426073439735,0,0,0,0,0,0,0,0,0,206.71650679043304,0,0,0,0,33.365368703921504,0,0,0,403.33667339245847,0,0,0,0,0,403.33667339245847,0,33.365368703921504,0,0,0,0,0,0,0,0,206.71650679043304,0,0,0,0,0,46.349790030046606,0,0,0,0,0,0,165.10704338850658,0,0,0,0,0,0,41.74886929878756,0,0,0,0,0,0,0,0,0,390.21284616943774,0,0,0,0,0,0,0,0,0,0,0,0,0,0,0,0,0,0,0,444.8913561614009,0,17.200424697142076,0,0,0,0,0,0,0,0,0,0,181.32676802825935,0,0,0,0,0,0
S-053,372,1306.3966988,186.276113224,0.0673065045002,0.00645713705608,1106.54771839,49.7169784378,5.654487250625484,3.7024557738771615,0,0,0,0,0,0,223.31329364017327,0,0,0,720.0323674906523,0,0,0,0,0,0,241.10373696535635,0,0,0,0,0,0,0,0,0,192.3416279712469,0,0,0,0,58.92575606350402,0,0,0,933.1820140614877,0,0,0,0,0,933.1820140614877,0,58.92575606350402,0,0,0,0,0,0,0,0,192.3416279712469,0,0,0,0,0,0,0,0,0,0,0,0,332.8949268085164,0,0,0,0,0,0,88.06357938888584,0,0,0,0,0,0,0,0,0,763.4908918988174,0,0,0,0,0,0,0,0,0,0,0,0,0,0,0,0,0,0,0,1009.748974668468,0,40.97381772700264,0,0,0,0,0,0,0,0,0,0,133.72660570076596,0,0,0,0,0,0
S-054,373,1156.08533284,136.681187584,0.0652225103229,0.0103806770978,1047.36149597,16.0155589795,5.352389877288817,4.786141815577256,0,0,0,0,0,0,302.394429403559,0,0,0,291.95268927399866,0,0,0,0,0,0,384.3566951520852,0,0,0,0,0,0,0,0,0,422.8633564312779,0,0,0,0,125.16703507799554,0,0,0,430.67342232038334,0,0,0,0,0,430.67342232038334,74.00120674179048,125.16703507799554,0,0,0,0,0,0,0,0,348.8621496894874,0,0,0,0,0,229.70226086324467,0,0,0,0,0,0,225.4794990439213,0,0,0,0,0,0,68.00632463832939,0,0,0,0,0,0,0,0,0,455.5157292841816,0,0,0,0,0,0,0,0,0,0,0,0,0,0,0,0,0,0,0,456.1122118416752,0,110.19579312682463,0,0,0,0,0,0,0,0,0,0,412.3958088611605,0,0,0,0,0,0
S-126,374,1060.89007329,147.689866035,0.03026701736,0.0277701581428,1059.80317898,49.6561281283,1.8602335066861473,1.718552398826294,0,0,0,0,0,0,1124.8310351067503,0.49025530207327883,0,0,695.8727982682576,1238.046339629192,0,0,0,0,0,2952.995544687283,0,0,0,0,0,223.6521918451705,0,949.9276834087653,0,1287.6196320062486,0,99.67279562960796,0,0,1182.0171095550336,0,0,0,1313.0829434347647,0,1403.5680008044235,0,0,0,1632.792902177572,944.8844496109123,1398.634204203092,0,99.67279562960796,15.393988902440162,0,0,0,0,0,23.02522365252914,0,0,2121.4846006626904,0,0,2080.7211181046887,0,0,0,0,0,463.1767174161083,203.78437482697964,0,0,0,0,0,0,897.8326669010406,0,0,0,0,0,0,0,0,0,2590.373287589578,0,0,0,0,0,0,0,0,0,0,402.45177656574873,0,0,0,0,0,0,0,0,1348.8994470077625,0,1233.8168135399017,0,0,0,0,0,0,0,0,0,0,920.8113942441597,221.0831628717501,969.9540742858086,1138.8714963238147,0,0,0
S-050,375,1065.86583208,57.670811521,0.0325374942109,0.0132760929929,1085.25292969,15.2795956366,2.692743274549109,1.8447335841108554,0,0,0,0,0,0,268.93834114262984,40.18275449133017,0,0,196.21254776191762,0,0,0,0,0,0,4.179149074196761,0,2.3951188683936993,0,0,0,0,0,0,0,19.74951955586187,0,0,0,0,315.26398432460957,0,0,0,176.89440745810992,0,0,0,0,0,176.89440745810992,0,315.26398432460957,0,0,0,0,0,0,0,0,19.74951955586187,0,0,0,0,0,240.02392832528523,0,0,0,0,0,0,0,0,0,0,0,0,0,78.2092503605631,0,0,0,0,0,0,0,0,0,193.67473265268026,0,0,0,0,0,0,0,0,0,0,0,0,0,0,0,0,0,0,0,192.58604597668028,0,281.38243891143844,0,0,0,0,0,0,0,0,0,0,37.93942645041723,0,0,0,0,0,0
S-129,376,1194.2688419200001,162.578081269,0.028522264071,0.0146367941617,1101.33808826,33.7262688631,6.067855307103793,4.13703586228369,0,0,0,0,0,0,470.8598302759424,684.4808187982202,0,0,803.1641565311486,0,0,0,0,0,0,558.2495993773184,0,48.612302761989866,84.73520052287238,0,0,0,0,0,0,1341.9485953563978,0,0,0,0,677.7379405959605,0,0,0,630.4153723152031,0,0,0,0,0,630.4153723152031,0,677.7379405959605,0,0,0,0,0,0,0,0,1341.9485953563978,0,0,0,0,0,843.4526172212461,0,0,0,0,0,0,17.319880640571412,0,0,0,0,0,0,117.13334300226076,0,0,0,0,0,0,0,0,0,1672.1960674035463,0,0,0,0,0,0,0,0,0,0,0,0,0,0,0,0,0,0,0,783.4454194927349,0,588.3372982631516,0,0,0,0,0,0,0,0,0,0,1278.3191905114838,0,0,0,0,0,0
S-052,377,1015.69731154,18.5911763423,0.0426352891243,0.00817118501321,1055.98779975,15.0949473388,1.2886322217374155,0.6822875917776573,0,0,0,0,0,0,194.68515124154612,0,0,0,19.569953069103622,0,0,0,0,0,0,0.703721439600886,0,0,0,0,0,0,0,0,0,6.117078087038414,0,0,0,0,194.72219833734633,0,0,0,14.119549325853495,0,0,0,0,0,14.119549325853495,0,194.72219833734633,0,0,0,0,0,0,0,0,6.117078087038414,0,0,0,0,0,77.01138767287456,0,0,0,0,0,0,0,0,0,0,0,0,0,114.13365610950227,0,0,0,0,0,0,0,0,0,23.813781967835435,0,0,0,0,0,0,0,0,0,0,0,0,0,0,0,0,0,0,0,12.046631407028208,0,192.04866492074729,0,0,0,0,0,0,0,0,0,0,10.86352942245578,0,0,0,0,0,0
S-102,378,1136.04219426,127.84391931,0.186990266045,0.0250156298281,1035.93312581,22.6221281161,6.76367141445367,2.331554668039635,0,0,0,0,0,0,0,0,0,0,408.0851308555845,0,0,0,0,0,0,168.3301275899534,0,0,0,0,0,0,0,0,0,0,0,0,0,0,10.214983257965475,0,0,0,282.8520736942742,283.3482014932706,0,0,0,0,282.8520736942742,0,0,0,0,10.214983257965475,0,0,0,0,0,0,0,0,283.3482014932706,0,0,0,0,0,0,0,0,3.2566492264890234,104.23908927506055,0,0,0,0,0,0,65.05545772684856,0,0,0,0,0,0,0,0,0,403.8640622171435,0,0,0,0,0,0,0,0,0,0,0,0,0,0,0,0,0,0,0,325.14177260203104,0,2.5521452134332643,0,0,0,0,0,0,0,0,0,0,0,248.72134063004503,0,0,0,0,0
S-099,379,1267.56678132,148.509894868,0.211701150239,0.0220539881717,1075.66697998,21.9837685674,6.61289797483073,3.0337458485630715,0,0,0,0,0,0,0,0,0,0,525.5811860207423,0,0,0,0,0,0,145.46319988314616,105.85397867635031,0,0,0,0,0,0,0,0,0,0,0,0,0,0.43238379343856725,0,0,0,634.9698064387663,141.49617434794266,0,0,0,0,634.9698064387663,0,0,0,0,0.43238379343856725,0,0,0,0,0,0,0,0,141.49617434794266,0,0,0,0,0,0,0,0,0,82.74751352320827,0,0,0,0,0,0,2.2034205003742238,0,0,0,0,0,0,0,0,0,691.9474305565416,0,0,0,0,0,0,0,0,0,0,0,0,0,0,0,0,0,0,0,649.4624268869742,0,0,0,0,0,0,0,0,0,0,0,0,0,127.43593769316202,0,0,0,0,0
S-098,380,1252.87749724,139.760227451,0.186149823315,0.0358497281807,1074.72529871,23.2425767967,5.387246997024442,3.80272086781503,0,0,0,0,0,0,226.11489072110604,42.48515240444102,0,0,153.3935574895785,0,0,0,0,0,0,121.65593219327774,255.41808136330974,0,0,0,0,0,0,0,0,0.04281905228583508,0,0,0,0,318.1102453081338,0,0,0,480.91454981137304,0,0,0,0,0,480.91454981137304,0.04281905228583508,318.1102453081338,0,0,0,0,0,0,0,0,0,0,0,0,0,0,112.76045597547258,0,0,0,0,0,147.51412919618957,0,6.21870169855191,0,0,0,0,0,159.7997353900191,0,0,0,0,0,0,0,0,0,372.77459191151627,0,0,0,0,0,0,0,0,0,0,0,0,0,0,0,0,0,0,0,500.61218487770344,0,298.4554292940417,0,0,0,0,0,0,0,0,0,0,0,0,0,0,0,0,0
S-101,381,1092.0829382700001,157.202464492,0.206104639769,0.0298373132918,1049.3068042,33.8000909673,6.352367717902726,4.894004033663136,0,0,0,0,0,0,599.6152428337571,0,0,0,761.8925338204353,0,0,0,0,0,0,0,0,0,0,0,0,0,0,0,0,92.25185024167119,0,236.84911729205658,0,0,213.57429562701626,0,0,0,818.8325103957033,0,0,0,0,0,818.8325103957033,92.25185024167119,0,0,236.84911729205658,213.57429562701626,0,0,0,0,0,0,0,0,0,0,0,0,0,0,0,0,0,262.07687520300084,0,0,0,0,0,0,0,433.6324302411249,0,0,0,0,0,0,0,0,0,665.7984712101021,0,0,0,0,0,0,0,0,0,0,0,0,0,0,0,0,0,0,0,773.273029190994,0,224.1649270465848,0,0,0,0,0,0,0,0,0,0,364.06982041669454,0,0,0,0,0,0
S-100,382,1202.54787794,173.820919981,0.239608714623,0.00742084493849,1082.77785819,13.3893319187,6.996235909774809,3.728229257396874,0,0,0,0,0,0,124.63042059811764,0,0,0,456.3407565715303,0,0,0,0,0,0,0,0,0,0,0,0,0,0,0,0,96.23771791300068,0,0,0,0,0,0,0,0,484.733459256648,0,0,0,0,0,484.733459256648,96.23771791300068,0,0,0,0,0,0,0,0,0,0,0,0,0,0,0,0,0,0,0,0,0,0.0654154598711536,0,0,0,0,0,0,0,138.26652516210657,0,0,0,0,0,0,0,0,0,442.63923654769076,0,0,0,0,0,0,0,0,0,0,0,0,0,0,0,0,0,0,0,479.0610934082736,0,0,0,0,0,0,0,0,0,0,0,0,101.91008376136875,0,0,0,0,0,0
S-097,383,1270.01914092,197.115830689,0.23338682336,0.0135525651783,1072.19646858,15.0527523615,6.82986334689931,3.054642897639785,0,0,0,0,0,0,109.97596051095273,0,0,0,655.6729314926368,34.195899415375536,0,0,0,0,0,0,0,0,0,0,0,0,0,0,0,92.363084524057,0,0,0,0,0,0,0,0,707.4817068949139,0,0,0,0,0,707.4817068949139,92.363084524057,0,0,0,0,0,0,0,0,0,0,0,0,0,0,0,0,0,0,0,0,0,0,0,18.468659790078913,0,0,0,0,0,103.0348768960859,0,0,0,0,0,0,0,0,0,678.3412547327453,0,0,0,0,0,0,0,0,0,0,0,0,0,0,0,0,0,0,0,699.0641646496775,0,0,0,0,0,0,0,0,0,0,0,0,100.78062676927851,0,0,0,0,0,0
S-096,384,1345.60075038,199.196018887,0.229896143079,0.0114897946025,1064.7561849,11.1841049133,6.397025008390751,3.357648230525835,0,0,0,0,0,0,40.99502809230594,28.313749106958376,0,0,778.9267500247033,159.85040350832372,0,0,0,0,0,0,0,0,0,0,0,0,0,0,0,49.185082925711,0.5032356382468853,0,0,0,0,0,0,0,958.3976121682795,0,0,0,0,0,958.3976121682795,49.185082925711,0,0,0,0,0,0,0,0,0,0.5032356382468853,0,0,0,0,0,127.7753445468491,0,0,0,0,0,0,0,0,0,0,0,0,0,38.93291696091976,0,0,0,0,0,0,0,0,0,841.3776692245034,0,0,0,0,0,0,0,0,0,0,0,0,0,0,0,0,0,0,0,947.2278057686838,0,0,0,0,0,0,0,0,0,0,0,0,60.858124963614465,0,0,0,0,0,0
S-095,385,1453.48965261,164.436791168,0.221970126033,0.00960113030076,1083.11187744,33.6066456249,7.434701511275659,3.371172882134981,0,0,0,0,0,0,0,4.289353900938169,0,0,539.3871300536834,65.53031326139659,0,0,0,0,0,0,0,0,0,0,0,0,0,0,0,49.40625796596248,0,0,0,0,0,0,0,0,559.8005392500245,0,0,0,0,0,559.8005392500245,49.40625796596248,0,0,0,0,0,0,0,0,0,0,0,0,0,0,0,50.07456450325744,0,0,0,0,0,6.07763892861986,0,0,0,0,0,0,0,0,0,0,0,0,0,0,0,0,0,553.0545937840861,0,0,0,0,0,0,0,0,0,0,0,0,0,0,0,0,0,0,0,555.0810950194847,0,0,0,0,0,0,0,0,0,0,0,0,54.12570219651942,0,0,0,0,0,0
S-094,386,1402.25129043,200.728701313,0.211759267251,0.016386989553,1092.68933919,38.5525247269,8.748201750017643,4.782187376293891,0,0,0,0,0,0,73.25400162723344,0.18277294725793153,0,0,417.28218969328213,119.27445264964025,0,0,0,0,0,0,0,0,0,0,0,0,0,0,0,141.35270370889,0.48702556399572233,0,0,0,0,0,0,0,468.1536876444736,0,0,0,0,0,468.1536876444736,141.35270370889,0,0,0,0,0,0,0,0,0,0.48702556399572233,0,0,0,0,0,185.64434323211012,0,0,0,0,0,0,0,0,0,0,0,0,0,0,0,0,0,0,0,0,0,0,0,424.3490736852491,0,0,0,0,0,0,0,0,0,0,0,0.6919335865689298,0,0,0,0,0,0,0,466.04710847090365,0,0,0,0,0,0,0,0,0,0,0,0,143.25437485991264,0,0,0,0,0,0
S-116,387,1857.6976843100001,220.981523078,0.149645968961,0.0525980592484,1100.94139608,70.5484327662,2.7430783351983994,0.9992365113248909,0,0,0,0,25.733523233035527,263.55620029079034,0,758.754172676739,0,0,0,0,0,0,0,0,0,16.980684925313874,0,0,0,0,0,0,761.9247988401263,0,303.09978228581923,0,0,0,0,0,0,0,0,0,0,0,0,0,0,0,0,0,0,299.75581261745094,0,0,3.343969668368312,761.9247988401263,0,0,0,0,0,0,0,0,0,15.474703353656365,0,0,0,0,54.64605097677926,0,0,0,0,0,0,0,0,994.9038267955632,0,0,0,0,0,0,0,0,0,0,0,0,0,0,0,0,0,766.4903270017475,0,293.5241947334905,0,0,0,5.010059390524363,0,0,0,0,0,0,0,0,0,0,0,0,0,0,0,0,0,0,0,0,0,0,0,0,0
S-104,388,1379.62667877,114.752271572,0.0368864982308,0.0519567161149,932.919150431,66.4633063373,1.3095041304039774,0.5973776113255634,0,0,0,0,0,235.13286427080857,1429.6038529902069,0,0,0,0,0,0,0,0,0,0,1452.962084095883,0,0,0,0,0,0,0,0,1298.3005096051108,0,0,1060.2612314672779,0,0,759.1370602846126,0,0,0,0,0,0,0,0,0,0,0,666.330214741847,1391.1073551478764,1060.2612314672779,0,0,0,0,0,0,0,0,0,0,0,0,0,0,0,0,0,0,1406.1877432255778,0,0,0,0,0,0,0,1711.5110581313181,0,0,0,0,0,0,0,0,0,0,0,0,0,0,0,0,0,0,0,1641.7250392014162,0,0,0,0,0,0,0,0,371.5629873539531,0,0,1104.4107748016909,0,0,0,0,0,0,0,0,0,0,0,0,0,0,0,0,0
S-103,389,1474.36607698,113.066361607,0.0819148058398,0.0654913624658,994.487922363,40.2024655477,1.683328368438016,0.9239601636726277,0,0,0,0,0,364.29646423663763,170.53329669939555,149.5697832319564,0,0,0,0,0,0,0,0,11.571734837500573,1562.2978846705162,0,0,0,0,0,0,180.40711897124194,0,1502.1189553110028,0,0,14.543848907656624,0,0,561.19924048604,0,0,0,0,0,0,0,0,0,0,0,221.56137803246796,1841.7568177645749,14.543848907656624,0,0,180.40711897124194,0,0,0,0,0,0,0,0,0,0,0,0,0,0,101.56381172495583,428.18760778820183,0,0,0,0,0,0,0,1728.5177441628189,0,0,0,0,0,0,0,0,0,0,0,0,0,0,0,0,0,209.3453183515169,0,1488.6312636829355,0,0,0,0,0,0,0,0,0,0,0,560.2925816415539,0,0,0,0,0,0,0,0,0,0,0,0,0,0,0,0,0
S-105,390,1726.39007556,114.595955007,0.146308279441,0.04199148532,1080.19628398,60.1888014934,3.8162595118997626,2.4326059875886146,0,0,0,18.365335170711727,0,625.7529673678697,0,145.32940333954664,0,0,0,0,0,0,0,0,0,421.5087434191002,0,0,0,0,0,0,823.6337630020066,0,387.3226862952841,0,0,0,0,0,0,0,0,0,0,0,0,0,0,558.7430556967838,0,0,0,387.3226862952841,0,0,0,264.8907073052228,0,0,0,0,0,0,0,0,0,0,0,0,0,0,24.711385844372117,31.338903286269147,0,0,0,0,0,0,0,1154.9061601666272,0,0,0,0,0,0,0,0,0,0,0,0,0,0,0,0,0,268.6889843020261,0,366.80054182339904,0,0,0,0,0,0,0,0,0,0,0,0,575.4669231718558,0,0,0,0,0,0,0,0,0,0,0,0,0,0,0,0
S-107,391,1614.69145195,43.2323585166,0.0816458826885,0.0155461956609,1036.72991435,33.7190963468,1.5391562122904991,0.734454909786825,0,0,0,0,0,0,0,0,0,0,0,0,0,0,0,0,0,354.24288086906273,0,0,0,0,0,0,71.23520916562848,0,283.0076717034247,0,0,0,0,0,0,0,0,0,0,0,0,0,0,71.23520916562848,0,0,0,283.0076717034247,0,0,0,0,0,0,0,0,0,0,0,0,0,0,0,0,0,0,0,132.21599356810663,0,0,0,0,0,0,0,222.02688730094434,0,0,0,0,0,0,0,0,0,0,0,0,0,0,0,0,0,0,0,258.5265105082669,0,0,0,0,0,0,0,0,0,0,0,0,95.71637036078903,0,0,0,0,0,0,0,0,0,0,0,0,0,0,0,0
S-119,392,2163.84556405,300.066920001,0.0549975963511,0.0267772684144,1120.55258408,51.2821581926,4.517212995075915,2.2727564984588486,0,0,0,11.704199778724517,685.693106582006,2014.6277269814645,0,0,1501.3155430863499,0,0,0,0,0,0,0,0,689.9466730586682,0,0,0,0,0,0,4101.324373289302,0,773.5019568992508,0,0,0,0,0,28.460919298862247,0,0,0,0,0,0,0,0,127.06733043545876,0,125.09540641193523,0,676.8674697861778,0,2072.0326967834308,0,1902.2243460704126,0,0,0,0,0,0,0,0,0,1560.2411143222607,280.5884362954247,0,0,0,276.0192574512834,545.0738963455228,0,0,320.3320316036949,0,0,0,0,1546.3282955046413,0,0,374.7042179646873,0,0,0,0,0,0,0,0,0,0,0,0,0,0,2755.7930615571704,0,700.0696296755441,0,0,0,88.15103142359665,0,0,0,0,0,0,0,3.3758509828164316,1355.8976758485046,0,0,0,0,0,0,0,0,0,0,0,0,0,0,0,0
S-117,393,1990.68625277,106.597574955,0.136812568103,0.0378396276509,1183.19053248,20.5309614801,4.32305068925649,1.8599619139513686,0,0,0,93.27671932608916,0,360.9805421090263,0,20.87449544441273,321.8112832258793,0,0,0,0,0,0,0,0,0,0,0,0,0,0,0,796.943040105411,0,0,0,0,0,0,0,0,0,0,0,0,0,0,0,0,548.6336556682808,0,0,0,0,0,0,0,248.30938443713026,0,0,0,0,0,0,0,0,0,0,0,0,0,0,275.25453012078464,18.412813535652827,0,0,0.1036949099676825,0,0,0,0,502.5850070193884,0,0,0.5869945196213601,0,0,0,0,0,0,0,0,0,0,0,0,0,0,253.03398281622967,0,0,0,0,0,0,0,0,0,0,0,0,0,0,543.9090572892072,0,0,0,0,0,0,0,0,0,0,0,0,0,0,0,0
E-140,394,2166.70494648,155.671837087,0.0868368123335,0.053316078484,1140.50694555,51.5470199488,3.791753434945374,1.5627108363747475,0,0,0,77.24958886359383,254.87358647973022,84.67367283422303,0,809.3995180470406,1384.7756409282986,0,0,0,0,0,0,0,0,0,0,0,0,0,0,0,2549.1101535074795,0,61.86185364522104,0,0,0,0,0,0,0,0,0,0,0,0,0,0,157.8218576817869,0,0,0,0,0,0,61.86185364522104,2391.288295825693,0,0,0,0,0,0,0,0,0,294.87114707686544,0,0,0,0,601.8267522247698,276.527461696757,0,0,41.31443448471726,0,0,0,0,1287.6226458184974,0,0,108.80956585123232,0,0,0,0,0,0,0,0,0,0,0,0,0,0,2416.4689323845,0,0,0,0,0,69.93824009154764,0,0,0,0,0,0,0,0,124.564834676729,0,0,0,0,0,0,0,0,0,0,0,0,0,0,0,0
S-106,395,1737.28651917,120.437315247,0.115515654534,0.0284816083126,1081.73989868,48.6430484259,4.575217632687226,2.435328969335606,0,0,0,45.32948293511431,0,385.99466550891617,0,0,0,0,0,0,0,0,0,0,0,336.2683969038328,0,0,0,0,0,0,649.2697954586756,0,118.32274988917206,0,0,0,0,0,0,0,0,0,0,0,0,0,0,649.2697954586756,0,0,0,118.32274988917206,0,0,0,0,0,0,0,0,0,0,0,0,0,0,0,0,0,0,0,10.986700967243369,0,0,0,0,0,0,0,756.6058443807376,0,0,0,0,0,0,0,0,0,0,0,0,0,0,0,0,0,0,0,91.25256397833243,0,0,0,0,0,0,0,0,0,0,0,0,676.3399813696162,0,0,0,0,0,0,0,0,0,0,0,0,0,0,0,0
S-118,396,1899.7288243,112.217046201,0.108358039148,0.0286298532888,1156.09450073,34.7204222466,2.4676976879655306,1.1902509186918535,0,0,0,13.720917880588697,0,544.292391139556,0,0,62.861956529095316,0,0,0,0,0,0,0,0,22.67101701407419,0,0,0,0,0,0,594.462058152802,0,49.0842244105505,0,0,0,0,0,0,0,0,0,0,0,0,0,0,381.80670126460643,0,0,0,49.0842244105505,0,0.1642680448354984,0,212.49108884336007,0,0,0,0,0,0,0,0,0,296.8917678763562,0,0,0,0,37.028064327474034,41.49001666611279,0,0,14.683443072353779,0,0,0,0,253.45299062097865,0,0,0,0,0,0,0,0,0,0,0,0,0,0,0,0,0,241.0980774895574,0,34.073811080276165,0,0,0,0,0,0,0,0,0,0,0,0,368.37439399356816,0,0,0,0,0,0,0,0,0,0,0,0,0,0,0,0
S-108,397,1815.53490481,87.719180665,0.102141685252,0.0244399325738,1119.27715193,31.6477939969,4.0968711848571635,1.4653318204708534,0,0,0,0.6417737796065456,0,584.7871117221378,0,0,0,0,0,0,0,0,0,0,0,39.13886697749351,0,0,0,0,0,0,624.5677524792808,0,0,0,0,0,0,0,0,0,0,0,0,0,0,0,0,624.5677524792808,0,0,0,0,0,0,0,0,0,0,0,0,0,0,0,0,0,60.8173440344885,0,0,0,0,0,0,0,0,0,0,0,0,0,563.750408444758,0,0,0,0,0,0,0,0,0,0,0,0,0,0,0,0,0,0,0,0.0014668449968475088,0,0,0,0,0,0,0,0,0,0,0,0,624.5662856342929,0,0,0,0,0,0,0,0,0,0,0,0,0,0,0,0
S-109,398,2064.92145712,205.033474869,0.0406512102255,0.019935204329,1160.85128393,33.4362689207,5.2979847083279354,2.1432235609591537,0,0,0,53.47176889738492,43.244735692089954,1834.1913207833775,0,0,0,0,0,46.217646253693104,0,0,0,0,0,488.50910307218203,0,0,0,0,0,0,2307.327915273699,0,158.3066594251502,0,0,0,0,0,0,0,0,0,0,0,0,0,0,1.6666669841567447e-7,0,108.56483595985065,0,49.741823465299554,0,2307.3279151070324,0,0,0,0,0,0,0,0,0,0,0,1984.0002199023575,0,0,0,0,31.808868560939604,208.35502817463396,0,0,0,0,0,0,0,197.70432356807925,0,0,43.76613449271138,0,0,0,0,0,0,0,0,0,0,0,0,0,0,433.7583736567475,0,39.045735343319855,0,0,0,75.77289190914476,0,0,0,0,0,0,0,0,1917.057573789577,0,0,0,0,0,0,0,0,0,0,0,0,0,0,0,0
S-121,399,2982.43809018,258.349982618,0.0523518796681,0.0236375479067,1060.09656525,20.3686825877,6.63974754842074,3.035063741719359,0,0,0,0,1056.275392726647,0,0,0,521.9293745880112,0,0,0,0,0,0,0,0,0,0,0,0,0,0,0,691.6182960867558,0,886.5864712278644,0,0,0,0,0,0,0,0,0,0,0,0,0,0,0,886.5864712278644,0,0,0,0,274.7658977423838,0,416.85239834437203,0,0,0,0,0,0,0,0,0,4.890365594331696,0,159.0863408397567,741.4418780031554,0,0,0,0,0,345.05713138452546,0,0,0,15.405877422433607,305.2868585895179,7.036315480971608,0,0,0,0,0,0,0,0,0,0,0,0,0,0,0,0,662.1925020977438,0,658.5071118669183,0,0,0,257.5051533500495,0,0,0,0,0,0,0,0,0,0,0,0,0,0,0,0,0,0,0,0,0,0,0,0,0
S-122,400,2077.10397572,319.26953178,0.0168548751367,0.00686457750447,1130.40501286,59.5828004654,4.248308383478896,2.8345806525118378,0,0,0,0,374.2891331676639,602.2903284922473,0,0,0,0,0,678.9165730876904,0,0,0,0,0,1015.5129284278945,0,0,0,0,0,0,1783.939381581904,0,453.9138688951289,0,0,0,0,0,433.1557126985222,0,0,0,0,0,0,0,0,0,0,453.9138688951289,0,433.1557126985222,0,663.4583303371572,0,1120.4810512447466,0,0,0,0,0,0,0,0,0,1099.248472026412,0,0,0,0,34.49113669074031,192.06773746426887,0,0,16.484600466174946,0,0,0,0,883.0874817325114,445.6295347954366,0,0,0,0,0,0,0,0,0,0,0,0,0,0,0,0,1793.3850223615111,0,14.81937291954316,0,0,0,417.69693054656557,0,0,0,0,0,0,0,437.98571624473055,7.12192110341728,0,0,0,0,0,0,0,0,0,0,0,0,0,0,0,0
S-112,401,2214.09622809,380.601109051,0.0163854563675,0.0118534424542,1076.57271967,63.8150363592,5.877974579047515,3.4621762085487577,0,0,0,0,2225.1838376552614,288.3313006076637,0,0,0,0,0,863.8099164432405,0,0,0,0,0,658.2724773043316,0,0,0,0,0,0,3028.932116108549,0,1006.6654159010449,0,0,0,0,0,0,0,0,0,0,0,0,0,0,0,247.29876068065533,371.55177311455645,0,0,0,594.0880482242953,0,2822.658949990087,0,0,0,0,0,0,0,0,0,1817.963446010177,2.629725272143726,2.708478543401132,418.0100829970118,0,132.7159833443323,211.0980693293666,0,0,443.59341645495675,0,0,0,389.4226141678804,615.7154596648566,0,0,1.740256225437495,0,0,0,0,0,0,0,0,0,0,0,0,0,0,2979.6261315348743,0,1055.9714004751079,0,0,0,0,0,0,0,0,0,0,0,0,0,0,0,0,0,0,0,0,0,0,0,0,0,0,0,0,0
P-036,402,3352.56425223,432.309981171,0.0787432935322,0.0176300026362,1048.51166789,8.63020755153,9.975403545786973,4.622539466094118,176.7558137871512,0,0,0,1359.5956375733108,0,0,0,0,0,0,0,0,0,0,0,0,0,0,0,0,0,0,0,90.45777123075153,0,1309.3513818830645,0,136.54229824651415,0,0,0,0,0,0,0,0,0,0,0,0,0,1309.3513818830645,0,0,136.54229824651415,0,0,0,90.45777123075153,0,0,0,0,0,0,0,0,0,0,0,193.67903196758,1112.4674464172488,0,0,0,21.44318294538966,0,0,0,134.81998976055928,0,0,0,0,73.94180026974317,0,0,0,0,0,0,0,0,0,0,0,0,0,0,0,36.86696876556099,0,664.0499415435429,0,170.32000791829373,0,665.1145331330549,0,0,0,0,0,0,0,0,0,0,0,0,0,0,0,0,0,0,0,0,0,0,0,0,0
S-120,403,3116.57540417,256.08496937,0.06825561645,0.0185939575034,1046.98469813,8.20525323689,8.284150264385978,2.720695623812842,0,0,0,0,648.7557717225986,0,0,0,0,0,0,0,0,0,0,0,0,0,0,0,0,0,0,0,128.69977936360527,0,520.0559923588155,0,0,0,0,0,0,0,0,0,0,0,0,0,0,0,520.0559923588155,0,0,0,0,0.052392736278742726,0,128.64738662732654,0,0,0,0,0,0,0,0,0,0,0,245.34358034529706,361.10068499983294,0,0,0,0,0,0,0,0,0,42.31150637741302,0,0,0,0,0,0,0,0,0,0,0,0,0,0,0,0,0,0,110.85954227448467,0,289.5047505751347,0,0,0,248.39147887284486,0,0,0,0,0,0,0,0,0,0,0,0,0,0,0,0,0,0,0,0,0,0,0,0,0
S-111,404,2299.46713388,204.494626154,0.0166894530001,0.00198346895977,1087.59883387,17.103113817,5.5547298226414545,3.352602398930777,0,0,0,0,115.30869713290672,164.17651552308013,0,0,0,0,0,282.62110015628576,0,0,0,0,0,0,0,0,0,0,0,0,562.1063128123561,0,0,0,0,0,0,0,0,0,0,0,0,0,0,0,0,0,0,0,0,0,0,8.571684779215245,0,553.5346280331408,0,0,0,0,0,0,0,0,0,534.8790695331824,15.584162677543807,0,0,0,0,0,0,0,0.32017793167220976,0,0,0,0,0,11.32290266999387,0,0,0,0,0,0,0,0,0,0,0,0,0,0,0,0,562.1063128123496,0,0,0,0,0,0,0,0,0,0,0,0,0,0,0,0,0,0,0,0,0,0,0,0,0,0,0,0,0,0,0
S-077,405,1470.4971707,48.6822241887,0.156575499723,0.0373931488487,1029.14000448,9.05789618614,1.974565320506328,0.839411855980358,0,0,0,0,0,208.25474346707165,0,438.66747256131424,0,0,0,0,0,0,0,0,67.61150707224648,33.60132331291378,0,0,0,0,0,0,0,0,541.997329729423,0,0,0,0,0,206.13771668404007,0,0,0,0,0,0,0,0,0,0,0,0,496.27878522355974,0,251.85626118990334,0,0,0,0,0,0,0,0,0,0,0,0,0,0,0,0,0,242.7759580715228,0,0,0,0,0,0,0,489.12727006721593,0,0,0,0,0,0,0,0,0,16.23181827476369,0,0,0,0,0,0,0,0,0,554.8310611614094,0,0,0,0,0,0,0,0,0,0,0,193.30398525205592,0,0,0,0,0,0,0,0,0,0,0,0,0,0,0,0,0
S-076,406,1673.75747277,111.935148039,0.222069002688,0.0219847476678,1050.18356759,31.456614706,3.085127896558067,1.1920377484301496,0,0,0,0.32456591257366535,0,130.68300369405995,0,231.8354828292012,0,0,0,0,0,0,0,0,224.23380033702125,0,0,0,0,0,0,0,39.67167890228108,0,547.405173870509,0,0,0,0,0,0,0,0,0,0,0,0,0,0,0,0,0,0,185.55515809572208,0,361.8500157747869,0,39.67167890228108,0,0,0,0,0,0,0,0,0,0,0,0,0,0,0,76.37464527316733,0,0,0,0,0,0,0,510.70220749960674,0,0,0,0,0,0,0,0,0,0,0,0,0,0,0,0,0,61.44271014422964,0,525.6341426284389,0,0,0,0,0,0,0,0,0,0,0,0,0,0,0,0,0,0,0,0,0,0,0,0,0,0,0,0,0
S-074,407,2351.32604893,284.63718402,0.0856741506141,0.0587489523989,1149.11333211,17.8792282093,5.322244627000245,2.3817799746551995,0,0,0,4.55230879957778,21.570136266203715,0,0,51.27107043465492,0,0,0,0,0,0,0,0,789.8376439387275,0,0,0,0,0,0,0,851.3936575711933,0,15.83750186778057,0,0,0,0,0,0,0,0,0,0,0,0,0,0,2.9261834933883497,0,0,12.911318374392222,271.0353667754965,0,508.824174964387,0,71.53411583130982,0,0,0,0,0,0,0,0,0,0,0,0,7.192620059468977,68.1014623186295,0,25.833864082852056,0,0,0,0,0,0,0,743.3662253490323,0,0,22.736987628938103,0,0,0,0,0,0,0,0,0,0,0,0,0,0,354.110457006158,0,19.904103833227435,0,0,0,0,0,0,0,0,0,0,0,0,493.21659859956833,0,0,0,0,0,0,0,0,0,0,0,0,0,0,0,0
S-080,408,1857.22888657,73.220959517,0.228594496846,0.0283749178472,1103.48299561,34.7910810477,2.9320675209476383,2.018104595933421,0,0,0,53.7150348950555,34.18154493880684,0,0,291.9904611468508,0,0,0,0,0,0,0,0,32.85089000265877,0,0,0,0,0,0,0,298.7005104799419,0,114.03742050342065,0,0,0,0,0,0,0,0,0,0,0,0,0,0,0,0,0,0,0,0,71.57369256851425,0,341.1642384148483,0,0,0,0,0,0,0,0,0,0,0,0,0,0,0,17.049053678952696,19.515261106289824,0,0,0,0,0,0,376.1736161981299,0,0,0,0,0,0,0,0,0,0,0,0,0,0,0,0,0,260.5902188198908,0,103.22832570555747,0,0,0,0,0,0,0,0,0,0,0,0,48.919386457936966,0,0,0,0,0,0,0,0,0,0,0,0,0,0,0,0
S-026,409,1822.70554985,233.05232838,0.0509665234781,0.020006813565,1386.36705107,37.0063330032,6.793154604465419,4.24486231344708,0,0,0,0,0,0,0,38.26040884802663,0,0,0,0,0,0,0,0,534.8165860869983,0,0,0,0,0,0,0,338.5316545866382,0,0,158.20755959271756,76.33778075571907,0,0,0,0,0,0,0,0,0,0,0,0,0,350.1300092326036,0,0,0,0,0,0,76.33778075571907,0,146.60920494675216,0,0,0,0,0,0,0,215.22921662757483,0,0,0,30.883019811979047,212.9942164022347,13.662249326954964,0,0,0,0,0,0,62.33169920400917,0,0,0,0,0,0,0,0,0,37.976593562232935,0,0,0,0,0,0,0,0,361.58530488901835,0,0,7.299590329981495,64.94817857644613,0,0,0,0,0,139.243921139484,0,0,0,0,0,0,0,0,0,0,0,0,0,0,0,0,0,0,0,0,0
S-110,410,1769.37333533,82.2292854375,0.0279847822551,0.00959331197045,1137.30928911,68.3167161151,2.251934830438359,1.1049470143213203,0,0,0,0,0,100.26307889928361,0,0,0,0,0,0,0,0,0,0,0,1413.220928791741,0,0,0,0,0,0,189.73486273977184,0,1295.340597797292,0,0,0,0,0,28.408547153995915,0,0,0,0,0,0,0,0,0,0,1295.340597797292,0,28.408547153995915,0,109.34561450820186,0,80.38924823156998,0,0,0,0,0,0,0,0,0,67.4410672541365,0,0,0,0,0,176.65196723563824,187.51724628659755,0,0,0,0,0,0,1069.851982497734,0,0,0,0,0,0,0,0,0,12.021744416944815,0,0,0,0,0,0,0,182.08630180923865,0,0,0,0,0,1284.20021405388,0,0,0,0,0,0,0,17.928570780349958,29.268921047640017,0,0,0,0,0,0,0,0,0,0,0,0,0,0,0,0
S-093,411,1165.37044098,111.429488807,0.179552368601,0.0500007741956,1049.85617424,18.2782729297,4.617687749118058,3.0462572256864204,0,0,0,0,0,0,439.3539700556714,266.2312427860016,0,0,491.76937434326464,513.5204897362679,0,0,0,0,0,0,0,0,0,0,0,0,0,0,0,902.8082007476285,0,0,0,0,0,0,0,0,808.066876173694,0,0,0,0,0,275.58648368319393,902.8082007476285,532.4803924905001,0,0,0,0,0,0,0,0,0,0,0,0,0,0,785.1052993362856,0,0,0,0,0,57.687606435019646,0,0,0,0,0,0,0,334.67843038013933,0,0,0,0,0,0,0,0,0,533.4037407697176,0,0,0,0,0,0,0,0,0,0,0,0,0,0,0,0,0,0,0,799.9870598421778,0,0,0,0,0,0,0,0,0,0,0,0,910.888017079166,0,0,0,0,0,0
E-056,412,2596.67721081,41.5181726038,0.119136748835,0.00659093304423,1123.94750977,36.8740538213,2.324332475797715,0.962671960762271,54.56970591184821,0,23.593178503338958,0,0,0,0,0,0,20.060779691622173,0,0,0,0,0,0,0,0,0,0,0,0,0,0,89.46966836088,0,0,0,0,0,0,8.75399574593791,0,0,0,0,0,0,0,0,0,0,0,0,0,0,0,8.75399574593791,0,89.46966836088,0,0,0,0,0,0,0,0,0,16.609821787574628,0,0,0,81.61384231925156,0,0,0,0,0,0,0,0,0,0,0,0,0,0,0,0,0,0,0,0,0,0,0,0,0,0,0,98.14677554328736,0,0,0,0,0,0,0,0,0,0,0,0,0.07688856353284847,0,0,0,0,0,0,0,0,0,0,0,0,0,0,0,0,0,0
E-053,413,2515.40590759,66.9528467215,0.114980799934,0.0216005354253,1036.5218858,70.9286304602,2.269603931505759,0.8655172601025003,0,0,0,0,0,0,0,0,0,1277.2433832972206,0,0,0,0,0,0,0,0,0,0,0,0,0,0,14.098684065031803,0,0,51.6072730824738,0,0,0,1211.5374261497157,0,0,0,0,0,0,0,0,0,0,0,51.6072730824738,0,0,0,1211.5374261497157,0,14.098684065031803,0,0,0,0,0,0,0,0,0,488.19708175772024,26.8956319697231,0,0,0,0,0,267.1747502803873,0,0,0,0,0,494.975919289433,0,0,0,0,0,0,0,0,0,0,0,0,0,0,0,0,0,0,29.496250688648633,0,0,53.95967921471547,0,0,0,0,0,0,0,0,0,1193.7874533938527,0,0,0,0,0,0,0,0,0,0,0,0,0,0,0,0,0,0
M-017,414,2529.30364964,197.699150264,0.00722289525179,0.00364331406618,775.516144929,76.05877726,5.176865519321858,2.532444239643735,0,0,0,739.9474877564187,69.53459310680596,0,55.15911192061985,546.8833707333542,0,0,0,0,0,0,0,0,0,0,0,0,0,0,0,0,29.849177088048382,0,0,821.772079486624,204.0287382903683,355.87456865215313,0,0,0,0,0,0,0,0,0,0,0,0,851.6212565746723,0,137.19920058675186,0,355.87456865215313,0,0,66.82953770361644,0,0,0,0,0,0,0,0,0,605.5201708840465,29.77181276521146,0,0,0,0,678.6430024855539,0,0,0,0,0,0,62.55015725540234,0,0,0,0,0,0,35.03942012701715,0,0,0,0,0,0,0,0,0,0,0,0,0,0,1086.47723888747,289.3388415150483,0,0,0,0,35.7084831148101,0,0,0,0,0,0,0,0,0,0,0,0,0,0,0,0,0,0,0,0,0,0
M-016,415,2463.22756986,176.924890058,0.00568121727556,0.00281686545013,779.483361816,64.0485840738,5.2164184993878076,2.519896574109252,367.60873907096857,0,0,505.9472048468834,0,0,52.47287756662355,220.1390619554689,0,0,0,0,0,0,0,0,0,0,0,0,0,0,0,0,0,0,0,726.0678513954122,311.06236750709564,109.03766453747446,0,0,0,0,0,0,0,0,0,0,0,0,697.8622751297427,0,339.2679437727652,0,109.03766453747446,0,0,0,0,0,0,0,0,0,0,0,0,532.9795626993766,10.294946586784512,0,0,0,164.59139439363605,321.21563268905356,0,0,0,0,0,0,0,0,0,0,0,0,0,0,0,0,0,0,0,0,0,0,0,0,117.08634707104584,0,0,0,830.610566349334,315.41361239776,0,0,0,0,0,0,0.14370469287392434,0,0,0,0,0,0,0,0,0,0,0,0,0,0,0,0,0,0,0,0
M-028,416,2644.98451007,164.185198759,0.00475121293934,0.00398766658003,881.298108553,52.1561295719,7.635983385751737,4.1647053495543025,0,0,0,556.3249566891143,0,0,0,287.553952314313,0,0,0,0,0,0,0,0,0,0,0,0,0,0,0,0,19.45531494088678,0,0,574.5829876972534,237.60298916293456,12.237617202322296,0,0,0,0,0,0,0,0,0,0,0,0,574.5829876972534,0,237.60298916293456,0,12.237617202322296,19.45531494088678,0,0,0,0,0,0,0,0,0,0,0,514.2968436470012,0.11542093819101422,0,0,0,236.94250907509166,92.52413534314188,0,0,0,0,0,0,0,0,0,0,0,0,0,0,0,0,0,0,0,0,0,0,0,0,0,0,0,0,610.1467659392304,225.25670220105798,0,0,0,0,8.475440863135729,0,0,0,0,0,0,0,0,0,0,0,0,0,0,0,0,0,0,0,0,0,0
M-047,417,2315.56948758,25.341805934,0.00794189609587,0.00274614614566,623.118994141,27.7306650688,3.7425454299080014,2.714143645913058,6.82303620978865,0,0,0,0.8521686965386529,0,0,0,0,0,0,0,0,0,0,0,50.724841053954336,0,0,0,0,0,0,0,0,0,0,57.67771534311416,0.7223306171694851,0,0,0,0,0,0,0,0,0,0,0,0,0,0,0,0,0,0,6.483110942669488,0,51.91693501761415,0,0,0,0,0,0,0,0,0,56.152930386211274,0,0,0,0,0,1.9575209427479678,0.2895946313247582,0,0,0,0,0,0,0,0,0,0,0,0,0,0,0,0,0,0,0,0,0,0,0,0,0,0,0,58.400045960273346,0,0,0,0,0,0,0,0,0,0,0,0,0,0,0,0,0,0,0,0,0,0,0,0,0,0,0,0
M-039,418,2520.9400564,125.047674924,0.0190345697591,0.00488346179099,618.717221467,40.3902312217,4.417839376972237,1.925210336261512,416.83711082048194,0,0,104.82382187830095,0,0,65.41413607690826,513.2081318082048,0,0,0,0,0,0,0,0,0,0,0,0,0,0,0,0,4.43617527466979,0,0,888.0358641329103,139.8340508872179,67.97711028916214,0,0,0,0,0,0,0,0,0,0,0,0,4.43617527466979,0,139.8340508872179,0,67.97711028916214,489.1809440851547,0,398.8549200477556,0,0,0,0,0,0,0,0,0,928.6961503027766,0,0,0,0,0,90.4558982741314,34.480942794095725,0,0,0,0,0,0,0,46.650209212807276,0,0,0,0,0,0,0,0,0,0,0,0,0,0,0,0,8.24629653708668,0,0,991.6323701040635,100.40453394276753,0,0,0,0,0,0,0,0,0,0,0,0,0,0,0,0,0,0,0,0,0,0,0,0,0,0,0
S-013,419,1546.34807956,121.209325709,0.020242379761,0.0144856670672,1414.87866211,42.4897179395,2.6285205384548695,1.1697702815260707,0,0,0,0,0,0,1.1149360740291983,1079.1356074688997,0,0,0,0,0,0,0,0,41.20698290059886,331.3558975763475,0,0,0,0,0,0,0,0,0,0.027673922626539782,0,1405.8997509154135,0,0,46.885999181910634,0,0,0,0,0,0,0,0,0,0,0,46.913673104537175,0,1405.8997509154135,0,0,0,0,0,0,0,0,0,0,0,0,0,0,0,0,0,0,1320.2306698115217,0,0,0,0,0,0,0,64.4327507282697,0,0,0,0,0,68.15000348022062,0,0,0,0,0,0,0,0,0,0,0,0,0,0,0,0,0,0,0,0,0,607.9233299766576,780.7604293672335,0,0,64.12966467607248,0,0,0,0,0,0,0,0,0,0,0,0,0,0,0,0,0
E-139,420,2280.49643035,141.622683347,0.0647305676714,0.0537020627303,1065.13314819,62.1989433881,4.123095896959745,2.102578960406969,0,0,0,11.548250779454035,65.00546302203708,0,0,0,0,0,0,0,0,0,0,0,605.3042080802871,0,0,0,0,0,0,0,420.6123881419439,0,0,0,261.24553373979967,0,0,0,0,0,0,0,0,0,0,0,0,0,161.89434533050053,0,0,261.24553373979967,0,0,0,258.71804281144335,0,0,0,0,0,0,0,0,0,89.05498033434189,0,0,0,23.75789061967647,0,0,0,0,0,0,0,0,0,569.0450509276801,0,0,0,0,0,0,0,0,0,0,0,0,0,0,0,0,0,241.26895388277725,0,0,0,278.67848187481803,0,0,0,0,161.91048612417146,0,0,0,0,0,0,0,0,0,0,0,0,0,0,0,0,0,0,0,0,0,0
E-127,421,2600.54915722,65.4503132732,0.0717354099217,0.0158254002986,905.189841823,66.1170104229,2.3464908731034315,0.8308961941027714,0,0,0,0,0,0,0,0,0,738.8698494579864,0,0,0,0,0,0,0,0,0,0,0,0,0,0,12.186654435816372,0,0,0.18178479087761007,0,0,0,726.5014102312813,0,0,0,0,0,0,0,0,0,0,0.18178479087761007,0,0,0,0,726.5014102312813,0,12.186654435816372,0,0,0,0,0,0,0,0,0,55.45579861653808,82.85038782724183,0,0,286.1664628998255,0,0,271.4843763471762,0,0,0,0,0,42.912823767229085,0,0,0,0,0,0,0,0,0,0,0,0,0,0,0,0,0,0,37.4506898986118,0,0,5.913017350070408,0,0,0,0,0,0,0,0,0,695.5061422092865,0,0,0,0,0,0,0,0,0,0,0,0,0,0,0,0,0,0
E-129,422,2496.01700518,83.3748027454,0.0572346683592,0.0245808401809,883.435161133,71.4844987775,1.9874723604160278,0.7333122374965013,0,0,0,0,0,0,0,0,0,1041.5594042292041,0,0,0,0,0,0,0,0,0,0,0,0,0,0,0,0,0,0,0,0,0,896.2563525668128,145.30305166233472,0,0,0,0,0,0,0,0,0,689.4476537066985,0,0,0,0,352.11175052244903,0,0,0,0,0,0,0,0,0,0,0,738.4803104933964,5.347845621361806,0,0,0,47.42975966357131,0,250.30148845089602,0,0,0,0,0,0,0,0,0,0,0,0,0,0,0,0,0,0,0,0,0,0,0,0,0,0,0,0,0,0,0,0,0,0,0,0,0,913.5517907933241,128.00761343582786,0,0,0,0,0,0,0,0,0,0,0,0,0,0,0,0,0
E-128,424,2553.29300107,103.327512296,0.0727327343609,0.0244551779847,915.239828671,95.1007274227,2.170188775317615,0.6418981838913604,0,0,40.638049680515515,0,0,0,0,0,0,1530.5379282572867,0,0,0,0,0,0,0,0,0,0,0,0,0,0,1.416049594177442,0,0,60.97335963206454,0,0,0,1508.7865687114231,0,0,0,0,0,0,0,0,0,0,773.4163787796737,0,0,0,0,735.3701899317493,0,1.416049594177442,0,60.97335963206454,0,0,0,0,0,0,0,1107.01654580491,281.1728306311711,0,0,0,0.736878749930004,37.16707098104606,93.2496669366036,51.8329848340739,0,0,0,0,0,0,0,0,0,0,0,0,0,0,0,0,0,0,0,0,0,0,0,28.767670930225478,0,0,95.91580087663444,0,0,0,0,0,0,0,0,0,1446.4925061308077,0,0,0,0,0,0,0,0,0,0,0,0,0,0,0,0,0,0
E-130,425,2511.31254883,140.171573476,0.0772591486814,0.022936241435,943.039101436,111.195632669,2.5509066502087223,1.160483055515139,0,0,54.06568189923651,0,0,0,0,0,0,3424.667820708552,0,0,0,0,0,0,0,0,0,0,0,0,0,0,0.9093148401776578,0,0,0,0,68.65341910672652,0,2764.479432105315,644.6913365555579,0,0,0,0,0,0,0,0,0,1269.029833644925,0,691.0297711091656,0,68.65341910672652,1449.1111639067824,0,0.9093148401776578,0,0,0,0,0,0,0,0,0,1539.2769963799888,16.78295940766468,0,0,0,619.4064473401259,1037.4883909563375,233.79554086210112,0,0,0,0,0,0,0,0,0,0,31.983167661498506,0,0,0,0,0,0,0,0,0,0,0,0,0,7.310375609063257,0,0,0,0,0,0,0,0,0,0,43.5813471703907,0,2049.069215842783,662.0806666684343,0,0,0,0,716.6918973171893,0,0,0,0,0,0,0,0,0,0,0,0
E-131,426,2453.1069148,79.5102763945,0.0962258263638,0.0420644235022,939.187782689,59.0154573597,3.7641693623668253,1.5214513812339103,20.67599503000256,0,0,0,0,0,0,0,0,847.9879881718675,0,0,0,0,0,0,0,0,0,0,0,0,0,0,0,16.486615413154055,0,510.73824977000686,0,38.02816328548365,0,303.41095473320223,0,0,0,0,0,0,0,0,0,0,0,180.84460740397074,329.8936423660361,0,38.02816328548365,303.41095473320223,0,16.486615413154055,0,0,0,0,0,0,0,0,0,0.5849555412826872,0,0,0,0,0,81.77587730920744,611.7690739471949,0,0,0,0,0,174.5340764042754,0,0,0,0,0,0,0,0,0,0,0,0,0,0,0,0,0,0,0,0,0,253.9783593963916,0,13.46211540276557,0,0,0,0,245.23510584614124,0,0,355.9884025565426,0,0,0,0,0,0,0,0,0,0,0,0,0,0,0,0,0,0
E-183,427,3019.77332999,351.088499583,0.0647160652383,0.0210222953705,1065.78896989,18.0286225032,8.138645205173008,2.9112244542839787,35.63369375129683,0,0,0,469.16992636408344,0,0,0,939.8476841167752,0,0,0,0,0,0,0,0,0,0,0,0,0,0,0,782.2042030757634,0,662.027161134223,0,0.4199400220844845,0,0,0,0,0,0,0,0,0,0,0,0,0,662.027161134223,0,0,0.4199400220844845,0,19.943194611779703,0,762.2610084639837,0,0,0,0,0,0,0,0,0,0,0,187.29926199270795,371.47626145184023,0,0,0,0,0,32.90678156467271,0,22.671966049636964,0,0,815.8737874069515,0,14.423245766361568,0,0,0,0,0,0,0,0,0,0,0,0,0,0,0,757.9176606805236,0,533.6088754539967,0,0.04594034977260986,0,153.0788277477779,0,0,0,0,0,0,0,0,0,0,0,0,0,0,0,0,0,0,0,0,0,0,0,0,0
E-165,428,3136.00895798,365.914006699,0.0984422004161,0.0440702111902,936.347668966,21.7506929739,9.219474050082448,3.7850625877853816,824.9916928971859,0,202.42178786185394,0,0,0,4.042981194134779,0,0,0,0,0,0,0,0,0,0,0,0,0,0,0,0,0,26.818968355401747,0,889.6032498757346,0,43.85881051790145,19.772500324726792,51.40293287933631,0,0,0,0,0,0,0,0,0,0,51.40293287933631,889.6032498757346,0,0,0,19.772500324726792,26.818968355401747,0,43.85881051790145,0,0,0,0,0,0,0,0,0,0,0,357.2409370029654,336.74850797401393,0,0,96.05958660004654,0,0,0,0,0,0,224.93922679966732,16.468203576478338,0,0,0,0,0,0,0,0,0,0,0,0,0,0,0,0,0,21.668655705311664,0,0,0,75.50740499473075,0,893.286119519308,40.994281733741296,0,0,0,0,0,0,0,0,0,0,0,0,0,0,0,0,0,0,0,0,0,0,0,0
E-132,174,2375.32272952,97.1838910808,4.44264030035e-4,5.96894900737e-4,538.894642421,19.9589368838,5.506713414322721,2.348479340797804,0,0,0,0,493.09803227482485,0,0,0,0,0,0,0,0,0,56.272596804574505,0,0,0,0,0,0,0,0,0,0,0,450.42590374474173,0,0,98.94472533457778,0,0,0,0,0,0,0,0,0,0,0,0,450.2285246960817,0,0.19737904866002406,0,98.94472533457778,0,0,0,0,0,0,0,0,0,0,0,0,0,0,0,0,0,0,469.3946939406062,49.54297294628387,0,0,30.432962192511543,0,0,0,0,0,0,0,0,0,0,0,0,0,0,0,0,0,0,0,0,0,0,0,549.3706290793574,0,0,0,0,0,0,0,0,0,0,0,0,0,0,0,0,0,0,0,0,0,0,0,0,0,0,0,0,0
E-184,437,2262.38328993,16.222350184,8.7515998824e-4,9.74848905275e-4,560.708919216,23.3998005158,0.6145716104077106,0.7936375196545344,117.38846449303803,0,0,0,318.86261738166326,0,1151.1589942197365,0,0,0,0,0,0,0,0,3265.391500562648,0,0,0,0,0,0,0,0,0,0,525.0568682670051,578.473678892675,0,2023.530723213858,33.754274826038284,0,0,0,0,0,0,0,0,905.6322568289463,786.3537746472227,0,383.0278206647142,0,142.02904760229092,578.473678892675,2023.530723213858,33.754274826038284,0,0,0,0,0,0,0,0,0,905.6322568289463,786.3537746472227,40.445960334714215,0,0,0,0,0,3123.291060685502,323.35778423959505,0,0,0,0,0,0,1319.7111642634227,0,0,0,45.99560713424958,0,0,0,0,0,0,0,0,0,0,0,0,0,0,0,1325.8126556769312,597.9126558162718,0,0,0,0,94.83633298609625,0,0,0,0,0,0,0,0,0,0,0,0,0,0,0,0,0,0,0,0,865.3889216586432,1968.851010518914,0
E-185,438,2259.08899955,0.777158311408,1.71642927448e-4,2.06987194906e-4,566.930966561,43.5261075022,0.6714087830864278,1.2730833812423388,0,0,0,0,0,0,2032.2656525906173,0,0,0,0,0,0,0,0,1606.271973627559,13.25542583642004,0,0,0,0,0,0,0,0,0,0,253.0045818677221,62.10281068934078,172.94734149665618,2647.3249643755994,0,0,0,0,0,0,0,0,359.6532769957843,156.76007662969008,0,0,0,0,0,172.94734149665618,2647.3249643755994,253.0045818677221,62.10281068934078,0,0,0,0,0,0,0,359.6532769957843,156.76007662969008,31.11743963704682,0,0,0,0,0,993.7977793159666,38.860133556066494,0,0,0,0,0,0,2588.0176995455186,0,0,0,0,0,0,0,0,0,0,0,0,0,0,0,0,0,0,0,0,245.09053659028115,24.259548597546402,0,0,0,2740.690324047629,0,0,0,0,0,0,0,0,0,0,0,0,0,0,0,0,0,0,0,0,455.31183300580784,186.44080981317535,0
M-069,439,2259.20061979,1.8722990422,0.00326602675333,0.00401297442595,531.523728689,28.7919678198,0.6198634646466071,0.8921937692673663,53.42010416072861,0,0,485.0789506757688,241.45170703060148,0,1536.9912826643817,0,0,0,0,0,0,0,0,4458.297720184322,28.967385079842934,0,0,0,0,0,0,0,0,0,621.5716461352497,670.2904521715593,0,2586.571168949035,0,0,0,0,429.71319620179816,0,0,0,0,784.1652619249704,1711.8954241643485,0,477.5747200552035,0,573.7101222818443,0,2586.571168949035,88.00887097439875,582.2815811971606,0,0,0,0,0,0,0,0,784.1652619249704,1711.8954241643485,686.387595910745,0,0,0,0,0,3319.286392288248,64.57082526215157,0,0,0,0,0,0,2184.7623267007825,0,0,0,534.1890052081217,0,0,0,0,0,0,0,0,0,0,0,0,15.011004426720236,0,0,1740.3877322819649,754.8222914806204,0,0,0,0,0,0,0,418.4216374831039,0,0,0,0,0,0,0,0,0,0,0,734.1128463557445,0,0,0,0,0,774.0557932202495,2382.406848974042,0
M-060,440,2259.28129968,4.131125692,0.0128359909515,0.00684712483437,612.671615601,70.4619514182,0.6477899678146909,1.0454656150938038,25.780753773044534,0,0,1285.476958612097,184.9950935443867,0,2205.209881506922,77.41456445129056,0,0,0,0,0,0,0,6506.977527551534,0,0,0,0,0,0,0,0,0,0,129.5216904283964,1146.0306695127317,10.750515429311614,6125.408202969253,0,0,0,0,2520.567274931202,0,0,0,0,0,353.5764228000624,0,167.73981534330102,0,3639.130334958341,0,6125.408202969253,353.5764228000624,0,0,0,0,0,0,0,0,0,0,0,1547.6858280268,0,0,0,0,13.229173253104229,6952.973933895718,26.502409955080584,0,0,130.64772931935423,0,0,0,1236.4484738737817,0,0,0,167.61499995816325,0,101.02199590052018,0,0,0,0,0,0,0,0,0,0,109.73023525697724,0,0,281.36584352344914,3562.9154516406106,16.358770067580085,0,0,0,0,0,0,2974.7608432751026,0,0,0,0,0,0,0,0,0,0,0,3058.482191277418,0,0,0,0,0,0,0,391.9716796553607
M-066,430,2404.90452178,125.465103128,5.62012971159e-4,6.0705966195e-4,535.206077576,23.8205155712,5.5128662414008875,2.4169178675929643,0,0,0,408.7845224698521,0,0,0,0,0,0,0,0,0,0,0,0,0,0,0,0,0,0,0,0,0,0,408.7845224698088,0,0,0,0,0,0,0,0,0,0,0,0,0,0,0,352.3084015972111,0,56.47612087259767,0,0,0,0,0,0,0,0,0,0,0,0,0,0,321.63356451263115,0,0,0,0,0,0,0,0,0,0,0,0,0,0,0,0,0,0,87.1509579572219,0,0,0,0,0,0,0,0,0,0,0,0,0,0,408.784522469854,0,0,0,0,0,0,0,0,0,0,0,0,0,0,0,0,0,0,0,0,0,0,0,0,0,0,0,0,0
M-068,431,2341.95602284,66.2323567204,1.83922369885e-5,2.86801189069e-5,531.52260437,21.1150161356,5.061345744688651,1.4820058035792665,0,0,0,424.8017788494734,0,0,0,0,0,0,0,0,0,0,0,0,0,0,0,0,0,0,0,0,0,0,424.6545439749734,0,0,0,0,0,0,0,0,0,0,0,0,0,0.14723487447702194,0,87.76751285073907,0,336.88703112423434,0,0,0,0,0,0,0,0,0,0,0,0,0,0.14723487447702194,405.99587547631637,0,0,0,0,0,0.08050020746856974,3.6991126645434833,0,0,0,0,0,0,0,0,0,0,0,15.026290501159975,0,0,0,0,0,0,0,0,0,0,0,0,0,0,424.80177884947796,0,0,0,0,0,0,0,0,0,0,0,0,0,0,0,0,0,0,0,0,0,0,0,0,0,0,0,0,0
M-067,432,2337.92749962,64.9985184811,1.53809669428e-5,1.35621471083e-5,550.46665446,42.345073253,3.970223401975153,1.8742107098726324,0,0,0,338.4885510528226,71.82521872894162,0,38.01114857927562,0,0,0,0,0,0,0,0,0,0,0,0,0,0,0,0,0,0,0,292.751670075447,0,0,154.0527759879941,0,0,0,0,0,0,0,0,0,0,1.520472297567188,0,38.69669080278945,0,254.05497927265756,0,154.0527759879941,0,0,0,0,0,0,0,0,0,0,0,1.520472297567188,150.95232626598093,0,0,0,0,0,175.13131635059236,77.40248997988482,0,0,0,0,0,0,0,0,0,0,0,44.83878576452898,0,0,0,0,0,0,0,0,0,0,0,0,0,0,448.32491836108255,0,0,0,0,0,0,0,0,0,0,0,0,0,0,0,0,0,0,0,0,0,0,0,0,0,0,0,0,0
M-065,433,2349.9218024,87.2653463742,5.84716128314e-4,6.78941032002e-4,605.903999329,21.7940386448,4.130579590685193,1.820315708975553,0,0,0,920.3362098871627,9.993569085674268,0,198.3487964339943,15.87237911820353,0,0,0,0,0,0,0,79.07700204665507,0,0,0,0,0,0,0,0,0,0,208.46728928879597,0,0,1015.1606672832477,0,0,0,0,0,0,0,0,0,0,0,0,183.0273769173856,0,25.43991237141038,0,1015.1606672832477,0,0,0,0,0,0,0,0,0,0,0,0,107.20969789392701,0,0,0,0,0,989.6876641855723,39.492971702297694,0,0,0,0,0,0,0,0,0,0,0,87.23762279027304,0,0,0,0,0,0,0,0,0,0,0,0,0,0,983.1411395077427,0,0,0,0,0,0,0,0,166.87464265124575,0,0,0,0,0,0,0,0,0,0,0,0,0,0,0,0,0,0,13.531319795601405,60.08085461738529
M-064,434,2346.96187522,80.849030391,0.00182681970182,0.00129133472144,538.095534105,18.7796755616,4.33179274527103,2.060638079500817,0,0,0,422.2476469389318,0,0,0,30.606841822801933,0,0,0,0,0,0,0,0,0,0,0,0,0,0,0,0,0,0,432.18420579068646,0,0,20.670282971067078,0,0,0,0,0,0,0,0,0,0,0,0,432.18420579068646,0,0,0,20.670282971067078,0,0,0,0,0,0,0,0,0,0,0,0,417.9330312076448,0,0,0,0,0,2.4646104316172033,26.8750015249944,0,0,0,0,0,0,0,0,0,0,0,5.581845597498637,0,0,0,0,0,0,0,0,0,0,0,0,0,0,452.85448876175667,0,0,0,0,0,0,0,0,0,0,0,0,0,0,0,0,0,0,0,0,0,0,0,0,0,0,0,0,0
M-062,435,2317.0678959,58.6330334611,0.00406603336645,0.00114058091317,547.100328234,11.779268952,3.639612576912173,1.193105231760978,0,0,0,235.65404063294088,0,0,0,0,0,0,0,0,0,0,0,0,0,0,0,0,0,0,0,0,0,0,71.82637270472061,0,0,163.82766792823253,0,0,0,0,0,0,0,0,0,0,0,0,71.82637270472061,0,0,0,163.82766792823253,0,0,0,0,0,0,0,0,0,0,0,0,3.8129701095533646,0,0,0,0,0,138.6387878136799,93.20228270972743,0,0,0,0,0,0,0,0,0,0,0,0,0,0,0,0,0,0,0,0,0,0,0,0,0,0,197.86048547074893,37.79355516224744,0,0,0,0,0,0,0,0,0,0,0,0,0,0,0,0,0,0,0,0,0,0,0,0,0,0,0,0
M-063,436,2342.72483256,75.3598233344,0.00187001245054,0.00112535651801,573.548817028,25.8455846442,5.2249022858236724,2.5422606359136863,0,0,0,315.393329028988,0,0,0,127.92354150471473,0,0,0,0,0,0,0,0,0,0,0,0,0,0,0,0,0,0,103.21531889643445,0,0,340.10155163726284,0,0,0,0,0,0,0,0,0,0,0,0,103.21531889643445,0,0,0,340.10155163726284,0,0,0,0,0,0,0,0,0,0,0,0,39.45441277003702,0,0,0,0,0,327.41569403424023,14.012536518121195,0,0,0,0,0,0,0,0,0,0,0,62.43422721129825,0,0,0,0,0,0,0,0,0,0,0,0,0,0,411.255515185547,1.0995114980388616,0,0,0,0,0,0,0,30.961843850057907,0,0,0,0,0,0,0,0,0,0,0,0,0,0,0,0,0,0,0,0
P-030,441,2450.98778817,247.853587937,0.108560717948,0.011942654283,1009.43890646,23.5018403985,7.013771914147951,3.3742670105243455,661.6334665586381,0,0,0,0,0,313.9034677270213,0,0,0,0,0,0,0,0,0,0,0,0,0,0,0,0,0,0,0,780.9405650577023,0,0,0,194.59636922796795,0,0,0,0,0,0,0,0,0,0,604.6516082101854,176.28895684751694,0,0,194.59636922796795,0,0,0,0,0,0,0,0,0,0,0,0,0,39.394340461191156,0,0,0,10.741556847127592,0,56.4953270124352,0,0,50.084911827072474,0,0,0,0,625.0020633699287,193.81873476788397,0,0,0,0,0,0,0,0,0,0,0,0,0,0,0,0,0,0,833.7345306268724,0,0,0,0,0,141.80240365870574,0,0,0,0,0,0,0,0,0,0,0,0,0,0,0,0,0,0,0,0,0,0,0
M-061,442,2391.82568402,104.309716617,0.0177798223578,0.00435794275725,558.829440647,12.5593555541,5.408947356583631,1.8851865230962273,307.2694761953178,0,0,0,0,0,0.7587130739255036,0,0,0,0,0,0,0,0,0,0,0,0,0,0,0,0,0,0,0,0,219.3895771243754,0,88.63861214489532,0,0,0,0,0,0,0,0,0,0,0,0,0,0,0,0,88.63861214489532,219.3895771243754,0,0,0,0,0,0,0,0,0,0,0,126.6325568261393,0,0,0,0,0,166.77324596831232,14.622386474837812,0,0,0,0,0,0,0,0,0,0,0,0,0,0,0,0,0,0,0,0,0,0,0,0,0,0,0,288.8706623060051,0,0,0,0,0,0,0,0,0,0,0,0,0,0,0,0,0,0,0,19.15752696325028,0,0,0,0,0,0,0,0
